# Blender 5.1.1
# www.blender.org
mtllib Teto.mtl
o Object_2
v 31.577770 62.010387 0.203147
v 31.571400 61.987606 -1.133340
v 32.419491 61.937618 -0.681586
v 32.065952 62.419796 0.978845
v 32.273312 62.971706 0.910962
v 31.162472 63.079006 1.200354
v 29.261185 63.817871 -1.949151
v 29.376160 64.123238 -1.379767
v 32.339081 62.677883 -1.597861
v 27.870682 64.784615 -1.176563
v 27.734573 64.467094 -1.559999
v 27.908478 64.696861 0.379722
v 29.325394 64.261879 0.353539
v 27.975086 64.955650 -0.271476
v 27.666878 64.023277 0.588392
v 28.598412 63.252331 1.265180
v 33.820503 60.123074 -1.673224
v 33.292068 60.359493 -1.723421
v 33.754391 60.381451 -1.762859
v 35.297256 60.174572 -0.328919
v 34.630119 60.078030 -0.325009
v 35.090401 60.379696 -0.383775
v 34.801056 60.101910 -1.011925
v 34.129997 60.192867 -1.034196
v 34.661198 60.327145 -1.081826
v 33.179028 61.862484 -2.089318
v 32.771763 61.631527 -2.032732
v 31.506893 62.002010 -2.072509
v 31.735241 62.369961 -2.177243
v 31.735241 62.369961 -2.177243
v 32.339081 62.677883 -1.597861
v 33.179028 61.862484 -2.089318
v 33.312515 61.961315 -1.645102
v 33.312515 61.961315 -1.645102
v 32.339081 62.677883 -1.597861
v 32.092613 61.823559 -1.565512
v 32.807121 61.714840 -1.563570
v 32.092613 61.823559 -1.565512
v 31.506893 62.002010 -2.072509
v 32.771763 61.631527 -2.032732
v 32.807121 61.714840 -1.563570
v 32.397316 62.184231 0.250049
v 32.508972 62.941631 0.150519
v 33.689022 62.218838 0.359990
v 33.434067 61.721981 0.451052
v 32.508972 62.941631 0.150519
v 32.273312 62.971706 0.910962
v 33.656017 62.218288 0.907673
v 33.689022 62.218838 0.359990
v 33.435413 61.784145 0.962657
v 33.656017 62.218288 0.907673
v 32.273312 62.971706 0.910962
v 32.065952 62.419796 0.978845
v 33.435413 61.784145 0.962657
v 32.065952 62.419796 0.978845
v 32.397316 62.184231 0.250049
v 33.434067 61.721981 0.451052
v 32.419491 61.937618 -0.681586
v 32.560814 62.878277 -0.707277
v 33.653362 62.139187 -0.510859
v 33.404041 61.465588 -0.424462
v 32.560814 62.878277 -0.707277
v 32.508972 62.941631 0.150519
v 33.649899 62.122021 -0.031808
v 33.653362 62.139187 -0.510859
v 33.649899 62.122021 -0.031808
v 32.508972 62.941631 0.150519
v 32.397316 62.184231 0.250049
v 33.426933 61.519665 0.057389
v 33.426933 61.519665 0.057389
v 32.397316 62.184231 0.250049
v 32.419491 61.937618 -0.681586
v 33.404041 61.465588 -0.424462
v 32.092613 61.823559 -1.565512
v 32.339081 62.677883 -1.597861
v 33.442017 62.008038 -1.345194
v 33.042728 61.506863 -1.239496
v 33.442017 62.008038 -1.345194
v 32.339081 62.677883 -1.597861
v 32.560814 62.878277 -0.707277
v 33.532043 62.146923 -0.857436
v 33.532043 62.146923 -0.857436
v 32.560814 62.878277 -0.707277
v 32.419491 61.937618 -0.681586
v 33.085300 61.586163 -0.744882
v 32.419491 61.937618 -0.681586
v 32.092613 61.823559 -1.565512
v 33.042728 61.506863 -1.239496
v 33.085300 61.586163 -0.744882
v 30.189693 61.950115 1.827185
v 28.598412 63.252331 1.265180
v 28.508114 62.734097 0.533565
v 30.233017 61.702084 1.454319
v 31.854126 60.502590 1.436242
v 31.048618 61.020885 1.518160
v 31.493919 61.430553 1.476437
v 32.062912 60.867016 1.438960
v 31.543755 61.560665 1.907625
v 31.008625 61.078564 1.931402
v 31.690971 60.489819 1.851191
v 32.052135 60.947857 1.877247
v 31.048618 61.020885 1.518160
v 31.854126 60.502590 1.436242
v 31.690971 60.489819 1.851191
v 31.008625 61.078564 1.931402
v 34.125431 60.835613 -0.396438
v 34.639847 61.172390 -0.451394
v 34.125431 60.835613 -0.396438
v 34.163616 60.878048 0.053658
v 34.163616 60.878048 0.053658
v 34.647655 61.194454 -0.013343
v 34.647655 61.194454 -0.013343
v 34.639847 61.172390 -0.451394
v 34.630119 60.078030 -0.325009
v 34.659626 60.120525 0.075052
v 35.119137 60.421215 0.008362
v 34.659626 60.120525 0.075052
v 35.119137 60.421215 0.008362
v 35.090401 60.379696 -0.383775
v 33.801834 60.763073 -1.121709
v 34.231606 61.120708 -1.200000
v 33.801834 60.763073 -1.121709
v 33.831051 60.824963 -0.691918
v 33.831051 60.824963 -0.691918
v 34.264015 61.186092 -0.765187
v 34.231606 61.120708 -1.200000
v 34.264015 61.186092 -0.765187
v 34.129997 60.192867 -1.034196
v 34.231903 60.295528 -0.640017
v 34.231903 60.295528 -0.640017
v 34.764732 60.426373 -0.724838
v 34.764732 60.426373 -0.724838
v 34.661198 60.327145 -1.081826
v 33.178463 60.897930 -1.886425
v 33.600941 61.056210 -1.930014
v 33.230808 60.988934 -1.474996
v 33.178463 60.897930 -1.886425
v 33.230808 60.988934 -1.474996
v 33.692463 61.166286 -1.535730
v 33.600941 61.056210 -1.930014
v 33.692463 61.166286 -1.535730
v 33.292068 60.359493 -1.723421
v 33.333267 60.452892 -1.365238
v 33.796963 60.467113 -1.434309
v 33.333267 60.452892 -1.365238
v 33.754391 60.381451 -1.762859
v 33.796963 60.467113 -1.434309
v 34.566620 60.466503 0.889360
v 35.160942 60.511806 0.484720
v 35.173038 60.501720 0.827932
v 29.947605 62.646908 0.399280
v 27.380165 63.406429 -0.655893
v 27.426346 63.615505 -1.354644
v 28.758656 62.662624 -1.681178
v 29.261185 63.817871 -1.949151
v 28.758656 62.662624 -1.681178
v 27.426346 63.615505 -1.354644
v 27.734573 64.467094 -1.559999
v 33.754391 60.381451 -1.762859
v 33.796963 60.467113 -1.434309
v 33.885796 60.202465 -1.400509
v 33.820503 60.123074 -1.673224
v 34.661198 60.327145 -1.081826
v 34.764732 60.426373 -0.724838
v 34.852531 60.171383 -0.698705
v 34.801056 60.101910 -1.011925
v 35.297256 60.174572 -0.328919
v 35.090401 60.379696 -0.383775
v 35.119137 60.421215 0.008362
v 35.312996 60.201336 0.002584
v 32.052135 60.947857 1.877247
v 32.062912 60.867016 1.438960
v 31.493919 61.430553 1.476437
v 31.543755 61.560665 1.907625
v 30.815247 62.164913 1.130584
v 35.160942 60.511806 0.484720
v 34.549313 60.472652 0.478811
v 34.969936 60.720837 0.465114
v 35.160942 60.511806 0.484720
v 34.969936 60.720837 0.465114
v 34.986820 60.714474 0.874704
v 35.173038 60.501720 0.827932
v 34.568237 61.372814 0.444108
v 34.145832 61.121655 0.465888
v 34.145832 61.121655 0.465888
v 34.152714 61.130077 0.902932
v 34.152714 61.130077 0.902932
v 34.546185 61.364574 0.863619
v 34.546185 61.364574 0.863619
v 34.568237 61.372814 0.444108
v 34.549313 60.472652 0.478811
v 34.566620 60.466503 0.889360
v 34.566620 60.466503 0.889360
v 34.986820 60.714474 0.874704
v 34.986820 60.714474 0.874704
v 34.969936 60.720837 0.465114
v 34.659626 60.120525 0.075052
v 35.297256 60.174572 -0.328919
v 35.312996 60.201336 0.002584
v 34.801056 60.101910 -1.011925
v 34.852531 60.171383 -0.698705
v 33.820503 60.123074 -1.673224
v 33.885796 60.202465 -1.400509
v 32.247620 60.707104 1.916926
v 31.854126 60.502590 1.436242
v 32.062912 60.867016 1.438960
v 30.801746 62.526516 1.652056
v 30.189693 61.950115 1.827185
v 30.189693 61.950115 1.827185
v 30.233017 61.702084 1.454319
v 30.233017 61.702084 1.454319
v 30.815247 62.164913 1.130584
v 30.815247 62.164913 1.130584
v 30.801746 62.526516 1.652056
v 30.815247 62.164913 1.130584
v 30.233017 61.702084 1.454319
v 28.508114 62.734097 0.533565
v 31.986740 60.319302 1.832781
v 32.247620 60.707104 1.916926
v 32.052135 60.947857 1.877247
v 31.690971 60.489819 1.851191
v 31.986740 60.319302 1.832781
v 32.247620 60.707104 1.916926
v 31.735241 62.369961 -2.177243
v 32.092613 61.823559 -1.565512
v 31.506893 62.002010 -2.072509
v 32.397316 62.184231 0.250049
v 32.065952 62.419796 0.978845
v 30.801746 62.526516 1.652056
v 30.189693 61.950115 1.827185
v 27.460884 63.528027 0.121150
v 28.598412 63.252331 1.265180
v 27.666878 64.023277 0.588392
v 31.162472 63.079006 1.200354
v 30.801746 62.526516 1.652056
v 30.815247 62.164913 1.130584
v 33.885796 60.202465 -1.400509
v 34.852531 60.171383 -0.698705
v 35.312996 60.201336 0.002584
v 35.173038 60.501720 0.827932
v 32.065952 62.419796 0.978845
v 30.815247 62.164913 1.130584
v 31.986740 60.319302 1.832781
v 34.549313 60.472652 0.478811
v 34.630119 60.078030 -0.325009
v 32.560814 62.878277 -0.707277
v 32.508972 62.941631 0.150519
v 31.506893 62.002010 -2.072509
v 31.735241 62.369961 -2.177243
v 32.273312 62.971706 0.910962
v -32.419376 61.937176 -0.683605
v -31.571278 61.987164 -1.135358
v -31.577648 62.009945 0.201127
v -32.338997 62.677456 -1.599880
v -29.376019 64.122795 -1.381786
v -29.261047 63.817429 -1.951174
v -27.870529 64.784157 -1.178582
v -27.734425 64.466637 -1.562020
v -27.974926 64.955208 -0.273499
v -29.325233 64.261452 0.351521
v -27.908329 64.696419 0.377702
v -28.598263 63.251873 1.263136
v -31.506783 62.001583 -2.074527
v -32.771671 61.631084 -2.034749
v -33.178928 61.862041 -2.091336
v -31.735130 62.369518 -2.179260
v -32.338997 62.677456 -1.599880
v -31.735130 62.369518 -2.179260
v -33.312435 61.960857 -1.647122
v -33.178928 61.862041 -2.091336
v -32.092522 61.823116 -1.567533
v -32.338997 62.677456 -1.599880
v -33.312435 61.960857 -1.647122
v -32.807014 61.714397 -1.565591
v -32.771671 61.631084 -2.034749
v -31.506783 62.001583 -2.074527
v -32.092522 61.823116 -1.567533
v -32.807014 61.714397 -1.565591
v -33.688931 62.218410 0.357969
v -32.508881 62.941204 0.148472
v -32.397240 62.183773 0.248029
v -33.433994 61.721539 0.449029
v -33.655945 62.217846 0.905653
v -32.273205 62.971264 0.908918
v -32.508881 62.941204 0.148472
v -33.688931 62.218410 0.357969
v -32.273205 62.971264 0.908918
v -33.655945 62.217846 0.905653
v -33.435337 61.783703 0.960637
v -32.065853 62.419369 0.976823
v -32.397240 62.183773 0.248029
v -32.065853 62.419369 0.976823
v -33.435337 61.783703 0.960637
v -33.433994 61.721539 0.449029
v -33.653278 62.138775 -0.512878
v -32.560722 62.877834 -0.709323
v -32.419376 61.937176 -0.683605
v -33.403976 61.465145 -0.426481
v -33.649815 62.121609 -0.033855
v -32.508881 62.941204 0.148472
v -32.560722 62.877834 -0.709323
v -33.653278 62.138775 -0.512878
v -32.397240 62.183773 0.248029
v -32.508881 62.941204 0.148472
v -33.649815 62.121609 -0.033855
v -33.426853 61.519222 0.055366
v -32.419376 61.937176 -0.683605
v -32.397240 62.183773 0.248029
v -33.426853 61.519222 0.055366
v -33.403976 61.465145 -0.426481
v -33.441952 62.007580 -1.347214
v -32.338997 62.677456 -1.599880
v -32.092522 61.823116 -1.567533
v -33.042664 61.506420 -1.241519
v -32.560722 62.877834 -0.709323
v -32.338997 62.677456 -1.599880
v -33.441952 62.007580 -1.347214
v -33.531971 62.146481 -0.859459
v -32.419376 61.937176 -0.683605
v -32.560722 62.877834 -0.709323
v -33.531971 62.146481 -0.859459
v -33.085220 61.585735 -0.746902
v -33.042664 61.506420 -1.241519
v -32.092522 61.823116 -1.567533
v -32.419376 61.937176 -0.683605
v -33.085220 61.585735 -0.746902
v -28.507977 62.733639 0.531545
v -28.598263 63.251873 1.263136
v -30.189560 61.949657 1.825164
v -30.232891 61.701641 1.452299
v -31.690891 60.489361 1.849174
v -31.008511 61.078091 1.929383
v -31.543663 61.560223 1.905606
v -32.052055 60.947399 1.875227
v -31.493832 61.430096 1.474416
v -31.048523 61.020443 1.516113
v -31.854031 60.502132 1.434223
v -32.062820 60.866558 1.436941
v -34.125362 60.835171 -0.398462
v -34.639782 61.171947 -0.453439
v -34.163528 60.877605 0.051640
v -34.125362 60.835171 -0.398462
v -34.163528 60.877605 0.051640
v -34.647587 61.194042 -0.015364
v -34.639782 61.171947 -0.453439
v -34.647587 61.194042 -0.015364
v -34.630066 60.077602 -0.327029
v -34.659565 60.120083 0.073032
v -35.119080 60.420773 0.006340
v -34.659565 60.120083 0.073032
v -35.119080 60.420773 0.006340
v -35.090347 60.379253 -0.385794
v -35.090347 60.379253 -0.385794
v -34.630066 60.077602 -0.327029
v -33.801762 60.762646 -1.123731
v -34.231533 61.120266 -1.202023
v -33.801762 60.762646 -1.123731
v -33.830971 60.824535 -0.693938
v -33.830971 60.824535 -0.693938
v -34.263947 61.185665 -0.767206
v -34.231533 61.120266 -1.202023
v -34.263947 61.185665 -0.767206
v -34.129932 60.192394 -1.036218
v -34.661152 60.326702 -1.083846
v -34.129932 60.192394 -1.036218
v -34.231831 60.295101 -0.642037
v -34.231831 60.295101 -0.642037
v -34.764679 60.425915 -0.726883
v -34.764679 60.425915 -0.726883
v -34.661152 60.326702 -1.083846
v -33.178375 60.897472 -1.888445
v -33.600857 61.055752 -1.932033
v -33.230724 60.988491 -1.477015
v -33.178375 60.897472 -1.888445
v -33.692379 61.165844 -1.537720
v -33.230724 60.988491 -1.477015
v -33.600857 61.055752 -1.932033
v -33.692379 61.165844 -1.537720
v -33.291988 60.359051 -1.725437
v -33.754322 60.381008 -1.764881
v -33.291988 60.359051 -1.725437
v -33.333191 60.452450 -1.367259
v -33.796902 60.466640 -1.436329
v -33.333191 60.452450 -1.367259
v -33.754322 60.381008 -1.764881
v -33.796902 60.466640 -1.436329
v -29.947483 62.646465 0.397284
v -28.758514 62.662182 -1.683198
v -27.426182 63.615078 -1.356662
v -27.380005 63.405972 -0.657888
v -27.426182 63.615078 -1.356662
v -28.758514 62.662182 -1.683198
v -29.261047 63.817429 -1.951174
v -27.734425 64.466637 -1.562020
v -33.885746 60.202023 -1.402529
v -33.796902 60.466640 -1.436329
v -33.754322 60.381008 -1.764881
v -33.820435 60.122631 -1.675247
v -34.852478 60.170925 -0.700722
v -34.764679 60.425915 -0.726883
v -34.661152 60.326702 -1.083846
v -34.800980 60.101452 -1.013969
v -35.119080 60.420773 0.006340
v -35.090347 60.379253 -0.385794
v -35.297195 60.174129 -0.330940
v -35.312950 60.200893 0.000565
v -31.854031 60.502132 1.434223
v -31.986652 60.318844 1.830759
v -32.062820 60.866558 1.436941
v -30.815147 62.164471 1.128589
v -34.986755 60.714016 0.872685
v -34.969872 60.720379 0.463068
v -35.160889 60.511349 0.482697
v -35.172977 60.501278 0.825907
v -34.568165 61.372372 0.442089
v -34.145775 61.121227 0.463867
v -34.145775 61.121227 0.463867
v -34.152641 61.129635 0.900911
v -34.152641 61.129635 0.900911
v -34.546104 61.364132 0.861601
v -34.546104 61.364132 0.861601
v -34.568165 61.372372 0.442089
v -34.969872 60.720379 0.463068
v -34.549259 60.472195 0.476792
v -34.549259 60.472195 0.476792
v -34.566566 60.466076 0.887342
v -34.986755 60.714016 0.872685
v -34.566566 60.466076 0.887342
v -34.986755 60.714016 0.872685
v -34.969872 60.720379 0.463068
v -30.189560 61.949657 1.825164
v -30.801617 62.526073 1.650036
v -30.232891 61.701641 1.452299
v -30.189560 61.949657 1.825164
v -31.008511 61.078091 1.929383
v -31.048523 61.020443 1.516113
v -30.815147 62.164471 1.128589
v -30.232891 61.701641 1.452299
v -30.815147 62.164471 1.128589
v -31.493832 61.430096 1.474416
v -31.543663 61.560223 1.905606
v -30.801617 62.526073 1.650036
v -30.815147 62.164471 1.128589
v -28.507977 62.733639 0.531545
v -30.232891 61.701641 1.452299
v -31.690891 60.489361 1.849174
v -31.854031 60.502132 1.434223
v -31.008511 61.078091 1.929383
v -31.690891 60.489361 1.849174
v -32.052055 60.947399 1.875227
v -32.247536 60.706661 1.914902
v -31.986652 60.318844 1.830759
v -32.052055 60.947399 1.875227
v -32.062820 60.866558 1.436941
v -32.247536 60.706661 1.914902
v -31.162346 63.078564 1.198335
v -30.801617 62.526073 1.650036
v -32.508881 62.941204 0.148472
v -32.273205 62.971264 0.908918
v -32.560722 62.877834 -0.709323
v -32.092522 61.823116 -1.567533
v -31.506783 62.001583 -2.074527
v -32.273205 62.971264 0.908918
v -32.065853 62.419369 0.976823
v -32.065853 62.419369 0.976823
v -32.397240 62.183773 0.248029
v -27.460724 63.527584 0.119129
v -27.666721 64.022820 0.586372
v -34.566566 60.466076 0.887342
v -35.160889 60.511349 0.482697
v -34.549259 60.472195 0.476792
v -34.659565 60.120083 0.073032
v -35.297195 60.174129 -0.330940
v -34.630066 60.077602 -0.327029
v -34.231831 60.295101 -0.642037
v -34.800980 60.101452 -1.013969
v -33.333191 60.452450 -1.367259
v -33.820435 60.122631 -1.675247
v -33.820435 60.122631 -1.675247
v -33.885746 60.202023 -1.402529
v -34.800980 60.101452 -1.013969
v -34.852478 60.170925 -0.700722
v -35.297195 60.174129 -0.330940
v -35.160889 60.511349 0.482697
v -35.312950 60.200893 0.000565
v -35.172977 60.501278 0.825907
v -30.815147 62.164471 1.128589
v -30.801617 62.526073 1.650036
v -31.162346 63.078564 1.198335
v -30.815147 62.164471 1.128589
v -30.815147 62.164471 1.128589
v -30.189560 61.949657 1.825164
v -27.666721 64.022820 0.586372
v -31.986652 60.318844 1.830759
v -32.247536 60.706661 1.914902
v -35.172977 60.501278 0.825907
v -35.312950 60.200893 0.000565
v -34.852478 60.170925 -0.700722
v -33.885746 60.202023 -1.402529
v -31.735130 62.369518 -2.179260
v -31.506783 62.001583 -2.074527
v -31.735130 62.369518 -2.179260
v -31.506783 62.001583 -2.074527
v 7.654041 56.718018 -0.768732
v 6.604982 58.417645 -0.269844
v 6.174274 58.417095 1.711910
v 7.330262 56.951084 1.717115
v 5.522332 58.416553 3.729067
v 6.231902 56.714584 3.895416
v 4.099526 58.416180 4.953021
v 4.390187 56.563446 5.079693
v 7.337430 54.315834 4.121202
v 8.623880 54.315872 1.722994
v 8.827992 54.315529 -1.326984
v 10.831861 49.279091 1.805562
v 10.654988 49.147476 -1.844728
v 9.284350 48.676193 5.013574
v 10.831861 49.279091 1.805562
v 8.623880 54.315872 1.722994
v 7.337430 54.315834 4.121202
v 6.029813 47.849361 6.995330
v 4.806367 54.315758 5.431452
v 2.480799 47.059704 8.081477
v 1.938719 54.315742 6.186738
v -1.939233 54.315742 6.186738
v -2.481312 47.059704 8.081477
v -1.773915 56.481903 5.763605
v -1.939233 54.315742 6.186738
v 1.938719 54.315742 6.186738
v 1.755723 56.481918 5.769249
v -1.626195 58.417645 5.385456
v 1.592184 58.417667 5.396177
v 4.099526 58.416180 4.953021
v 4.390187 56.563446 5.079693
v 4.806367 54.315758 5.431452
v 7.337430 54.315834 4.121202
v 1.755723 56.481918 5.769249
v 1.938719 54.315742 6.186738
v 4.806367 54.315758 5.431452
v 5.160452 58.417614 -2.711043
v 6.604982 58.417645 -0.269844
v 7.654041 56.718018 -0.768732
v 6.260646 56.638077 -3.376049
v 8.827992 54.315529 -1.326984
v 7.272037 54.312500 -4.160085
v 4.456886 54.315758 -5.827661
v 8.911542 48.524086 -5.363370
v 10.654988 49.147476 -1.844728
v 4.456886 54.315758 -5.827661
v 8.911542 48.524086 -5.363370
v 5.351297 47.784405 -7.788043
v 2.124459 47.366985 -8.416588
v 1.864065 54.315742 -6.277656
v 4.060231 56.637993 -4.667941
v 1.636816 56.481216 -5.118236
v 1.433737 58.416340 -4.082155
v 3.705779 58.417057 -3.631570
v 5.160452 58.417614 -2.711043
v 6.260646 56.638077 -3.376049
v -7.549672 56.874363 -0.769641
v -6.638655 58.417645 -0.270958
v -5.169208 58.417614 -2.711043
v -6.194802 56.638054 -3.375687
v -8.569144 54.315491 -1.327658
v -7.268641 54.315300 -4.155970
v -8.832403 48.523178 -5.363370
v -10.260720 49.147003 -1.844829
v -1.773915 56.481903 5.763605
v -1.626195 58.417645 5.385456
v -3.872072 58.416424 4.953021
v -4.314607 56.563599 5.079122
v -4.809826 54.315758 5.430261
v -1.939233 54.315742 6.186738
v -2.481312 47.059704 8.081477
v -5.793654 47.849155 6.995717
v -7.202229 54.315819 4.121176
v -9.332551 48.671913 5.013574
v -8.492970 54.315796 1.720559
v -10.626129 49.278999 1.805328
v -8.569144 54.315491 -1.327658
v -10.260720 49.147003 -1.844829
v -7.549672 56.874363 -0.769641
v -8.569144 54.315491 -1.327658
v -8.492970 54.315796 1.720559
v -7.293489 56.951115 1.715564
v -6.638655 58.417645 -0.270958
v -6.221618 58.417210 1.711081
v -5.305019 58.416759 3.693147
v -6.200329 56.714691 3.895132
v -3.872072 58.416424 4.953021
v -4.314607 56.563599 5.079122
v -7.202229 54.315819 4.121176
v -4.809826 54.315758 5.430261
v -8.492970 54.315796 1.720559
v -7.202229 54.315819 4.121176
v -6.200329 56.714691 3.895132
v -7.293489 56.951115 1.715564
v -1.259020 58.416317 -4.082102
v 1.433737 58.416340 -4.082155
v 1.636816 56.481216 -5.118236
v -1.544792 56.481201 -5.118236
v -3.635902 58.417049 -3.631540
v -4.088010 56.637978 -4.667911
v -5.169208 58.417614 -2.711043
v -6.194802 56.638054 -3.375687
v -4.593929 54.315758 -5.827631
v -7.268641 54.315300 -4.155970
v -8.832403 48.523178 -5.363370
v -5.578477 47.784405 -7.788123
v -2.226607 47.366985 -8.415934
v -1.864579 54.315742 -6.277730
v 1.864065 54.315742 -6.277656
v -1.864579 54.315742 -6.277730
v 1.864065 54.315742 -6.277656
v 2.124459 47.366985 -8.416588
v -2.226607 47.366985 -8.415934
v 0.757978 63.713497 5.634212
v 0.740516 63.861725 5.551723
v -0.733425 63.861313 5.549652
v -0.750738 63.713070 5.632086
v -0.750887 59.771198 6.319753
v 0.757978 59.768452 6.324288
v 0.771733 56.976643 7.267963
v -0.765104 56.984837 7.268224
v 0.771733 56.298691 7.750849
v -0.765226 56.294594 7.749215
v -0.765294 55.803619 6.999835
v -0.765226 56.294594 7.749215
v -4.872601 56.455605 6.639451
v -4.543064 56.023193 5.978176
v -7.857023 56.981731 3.690532
v -7.296790 56.543228 3.304871
v -7.856548 56.703171 0.588286
v -8.634661 57.148434 0.696546
v -8.332472 56.992161 -1.640541
v -7.737479 56.541710 -1.491235
v -6.008058 56.354553 -4.208047
v -6.484024 56.811634 -4.550172
v -3.629805 56.423065 -6.564791
v -3.401592 56.017738 -5.991029
v -0.000311 55.867821 -6.487537
v -0.000311 56.265823 -7.113433
v 3.629346 56.408218 -6.574524
v 3.400969 56.017738 -5.991029
v 6.007123 56.360504 -4.220069
v 6.499886 56.765877 -4.586919
v 8.338394 56.983494 -1.654317
v 7.736855 56.544777 -1.503018
v 7.856033 56.703087 0.577438
v 8.634148 57.148205 0.686289
v 7.856508 56.979946 3.686386
v 7.296275 56.541199 3.299330
v 4.542538 56.023193 5.978176
v 4.848623 56.507843 6.630671
v 0.771733 55.803268 7.002423
v 0.771733 56.298691 7.750849
v 0.771733 56.298691 7.750849
v -0.765226 56.294594 7.749215
v -0.765294 55.803619 6.999835
v 0.771733 55.803268 7.002423
v -4.872601 56.455605 6.639451
v -0.765226 56.294594 7.749215
v -0.765104 56.984837 7.268224
v -4.665067 57.109661 6.318381
v -7.857023 56.981731 3.690532
v -7.554795 57.600826 3.691101
v -8.304526 57.778294 0.711100
v -8.634661 57.148434 0.696546
v -8.332472 56.992161 -1.640541
v -8.012959 57.626179 -1.512937
v -6.249985 57.447842 -4.283595
v -6.484024 56.811634 -4.550172
v -3.629805 56.423065 -6.564791
v -3.455810 56.996166 -6.209483
v -0.000311 56.827358 -6.732203
v -0.000311 56.265823 -7.113433
v 3.629346 56.408218 -6.574524
v 3.455528 56.965687 -6.228809
v -0.000257 59.056919 -5.166618
v -3.879879 59.964977 -4.059752
v -6.020551 60.776806 -1.154652
v -6.289048 60.897381 1.261630
v -4.742790 63.869431 3.929859
v -5.415575 64.176247 1.320683
v -5.290789 64.313789 1.337568
v -4.730189 64.689934 0.102244
v -4.621194 64.815666 0.147203
v -2.349995 64.064278 -1.755452
v -2.295830 64.204430 -1.667683
v -0.000243 63.867752 -1.868011
v -0.000257 63.719662 -1.960496
v 2.349481 64.064278 -1.755452
v 2.295344 64.204430 -1.667683
v 4.620709 64.815666 0.147203
v 4.729676 64.689934 0.102244
v 5.290303 64.313789 1.337568
v 5.415061 64.176247 1.320683
v 6.288536 60.897381 1.261630
v 4.742277 63.869431 3.929859
v 4.633025 64.014076 3.886637
v 2.308135 63.715847 5.098338
v 2.254962 63.864014 5.028179
v 0.740516 63.861725 5.551723
v 0.757978 63.713497 5.634212
v 2.824564 60.776791 5.564882
v 7.554280 57.599682 3.688302
v 8.304028 57.778049 0.701464
v 6.020036 60.776806 -1.154652
v 3.879365 59.964977 -4.059752
v 3.455528 56.965687 -6.228809
v -0.000257 59.056919 -5.166618
v 3.879365 59.964977 -4.059752
v 6.282699 57.346882 -4.344667
v 3.629346 56.408218 -6.574524
v 6.499886 56.765877 -4.586919
v 8.338394 56.983494 -1.654317
v 8.025439 57.604839 -1.528709
v 8.304028 57.778049 0.701464
v 8.634148 57.148205 0.686289
v 7.856508 56.979946 3.686386
v 7.554280 57.599682 3.688302
v 4.617518 57.109623 6.318354
v 4.848623 56.507843 6.630671
v 0.771733 56.976643 7.267963
v 0.771733 56.298691 7.750849
v 4.617518 57.109623 6.318354
v 7.554280 57.599682 3.688302
v 2.824564 60.776791 5.564882
v 0.771733 56.976643 7.267963
v 0.757978 59.768452 6.324288
v 0.757978 63.713497 5.634212
v 6.020036 60.776806 -1.154652
v 8.304028 57.778049 0.701464
v 8.025439 57.604839 -1.528709
v 6.282699 57.346882 -4.344667
v 3.879365 59.964977 -4.059752
v -4.633510 64.014076 3.886637
v -5.290789 64.313789 1.337568
v -4.742790 63.869431 3.929859
v -2.308649 63.715847 5.098338
v -2.255448 63.864014 5.028179
v -0.733425 63.861313 5.549652
v -0.750738 63.713070 5.632086
v -2.825077 60.776791 5.564882
v -0.750887 59.771198 6.319753
v -0.765104 56.984837 7.268224
v -4.665067 57.109661 6.318381
v -7.554795 57.600826 3.691101
v -0.000257 80.919472 2.330319
v 0.333135 80.950615 2.529171
v 0.876151 79.061913 3.282154
v 0.720311 78.895210 1.841196
v 0.002730 79.318413 0.236812
v -0.715040 78.895912 1.840106
v -0.000257 80.919472 2.330319
v -0.876664 79.061913 3.282154
v -0.333649 80.950615 2.529171
v -4.141713 70.827522 5.249872
v -3.791768 68.511513 5.018961
v -1.287413 68.510368 5.844098
v -1.287413 70.844109 5.962999
v -4.068090 73.227943 4.915672
v -1.287413 73.262352 5.487545
v 1.613217 81.485954 -1.617288
v 1.923036 81.317055 1.521629
v 1.962373 79.383003 0.856235
v 1.799757 79.385445 -1.862237
v 3.348665 78.328743 -0.636989
v 2.113963 78.497231 -2.166109
v -0.000257 79.348183 -2.539081
v 1.799757 79.385445 -1.862237
v 1.613217 81.485954 -1.617288
v -0.000257 81.518929 -2.283119
v -1.613730 81.485954 -1.617288
v -1.800271 79.385445 -1.862237
v -2.114476 78.497231 -2.166109
v -0.000257 78.377052 -2.458556
v 2.883726 76.132561 -3.294933
v -0.000257 76.133919 -3.277633
v -2.884239 76.132561 -3.294933
v -4.139404 77.046501 -2.507070
v -4.525332 75.589119 -2.525843
v -3.100421 73.223610 -3.555117
v -4.685327 73.306923 -2.303838
v -2.790710 70.556267 -2.953692
v -0.000257 73.501366 -3.373772
v 0.720311 78.895210 1.841196
v 0.757978 78.872993 1.925418
v 1.481275 79.095421 1.507255
v 0.002730 79.318413 0.236812
v 1.962373 79.383003 0.856235
v -1.800271 79.385445 -1.862237
v -1.962887 79.383003 0.856235
v 0.002730 79.318413 0.236812
v -0.000257 79.348183 -2.539081
v 1.799757 79.385445 -1.862237
v 1.962373 79.383003 0.856235
v 0.720311 78.895210 1.841196
v -0.715040 78.895912 1.840106
v -0.750494 78.875053 1.919280
v 0.757978 78.872993 1.925418
v -1.962887 79.383003 0.856235
v -1.923550 81.317055 1.521629
v -1.613730 81.485954 -1.617288
v -1.800271 79.385445 -1.862237
v -3.349180 78.328743 -0.636989
v -2.114476 78.497231 -2.166109
v -3.651069 78.133003 -1.981864
v -4.139404 77.046501 -2.507070
v -5.051577 77.853493 -1.753281
v -5.145215 76.709831 -2.316839
v -4.525332 75.589119 -2.525843
v -5.146328 74.815346 -2.046741
v -4.685327 73.306923 -2.303838
v -5.181822 74.067635 -1.384819
v -4.720182 71.324226 -1.442911
v -5.137189 73.866875 -0.617253
v -5.047450 70.652489 0.709649
v -5.117284 73.934456 0.580283
v -4.874040 71.812798 2.122175
v -4.928706 74.496452 1.311278
v -4.543729 73.838188 2.488149
v -4.024544 75.511925 2.186140
v -4.855192 75.903694 1.376878
v -3.517728 77.118095 1.439579
v -4.881140 77.085121 1.158525
v -3.361033 78.037666 0.504581
v -4.938632 77.928673 0.391739
v -4.963114 78.220116 -0.637146
v -3.349180 78.328743 -0.636989
v -1.962887 79.383003 0.856235
v -1.481788 79.095421 1.507255
v -1.923550 81.317055 1.521629
v -0.750955 81.052605 2.333403
v -1.923550 81.317055 1.521629
v -0.750494 78.875053 1.919280
v -0.750765 76.011284 4.280164
v -2.397818 76.003090 3.999527
v -1.287413 73.262352 5.487545
v -0.751132 73.266838 5.762956
v -0.751050 70.836281 6.193212
v -1.287413 70.844109 5.962999
v -0.750955 68.503517 6.091533
v -1.287413 68.510368 5.844098
v -0.750738 63.713070 5.632086
v -2.308649 63.715847 5.098338
v -3.791768 68.511513 5.018961
v -4.742790 63.869431 3.929859
v -5.415575 64.176247 1.320683
v -4.730189 64.689934 0.102244
v -2.790710 70.556267 -2.953692
v -4.874040 71.812798 2.122175
v -3.791768 68.511513 5.018961
v -4.141713 70.827522 5.249872
v -4.068090 73.227943 4.915672
v -4.543729 73.838188 2.488149
v -4.024544 75.511925 2.186140
v -2.397818 76.003090 3.999527
v -1.287413 73.262352 5.487545
v -4.068090 73.227943 4.915672
v -3.517728 77.118095 1.439579
v -4.024544 75.511925 2.186140
v -2.397818 76.003090 3.999527
v -1.481788 79.095421 1.507255
v -3.361033 78.037666 0.504581
v -3.651069 78.133003 -1.981864
v -5.051577 77.853493 -1.753281
v -4.963114 78.220116 -0.637146
v -3.349180 78.328743 -0.636989
v 0.002730 79.318413 0.236812
v -1.962887 79.383003 0.856235
v -1.481788 79.095421 1.507255
v -0.715040 78.895912 1.840106
v -0.750494 78.875053 1.919280
v -0.750738 63.713070 5.632086
v 0.757978 63.713497 5.634212
v 0.757978 68.503502 6.092128
v -0.750955 68.503517 6.091533
v -0.751050 70.836281 6.193212
v 0.757978 70.836327 6.194792
v 0.757978 73.266945 5.765050
v -0.751132 73.266838 5.762956
v 0.757978 76.009605 4.280351
v -0.750765 76.011284 4.280164
v 0.757978 78.872993 1.925418
v -0.750494 78.875053 1.919280
v -0.000257 80.919472 2.330319
v -0.333649 80.950615 2.529171
v -0.750494 78.875053 1.919280
v -0.750955 81.052605 2.333403
v 0.333135 80.950615 2.529171
v -0.000257 80.919472 2.330319
v 0.757978 78.872993 1.925418
v 0.762404 81.049553 2.341795
v 1.286899 68.510368 5.840598
v 3.791255 68.508217 5.021707
v 4.141198 70.824135 5.254198
v 1.286899 70.844109 5.962999
v 4.067577 73.227943 4.915672
v 1.286899 73.262352 5.487545
v -4.730189 64.689934 0.102244
v -2.790710 70.556267 -2.953692
v -2.495570 66.746071 -1.635075
v -2.349995 64.064278 -1.755452
v -0.000257 63.719662 -1.960496
v -0.000257 66.746437 -1.898259
v -0.000257 70.556007 -2.773018
v -0.000257 73.501366 -3.373772
v 2.790197 70.556267 -2.953692
v 2.495056 66.746071 -1.635075
v 2.349481 64.064278 -1.755452
v 4.729676 64.689934 0.102244
v 4.719668 71.324226 -1.442911
v 5.046936 70.652489 0.709649
v 5.415061 64.176247 1.320683
v 4.742277 63.869431 3.929859
v 4.873525 71.812798 2.122175
v 3.791255 68.508217 5.021707
v 2.308135 63.715847 5.098338
v 1.286899 68.510368 5.840598
v 0.757978 63.713497 5.634212
v 0.757978 68.503502 6.092128
v 1.286899 70.844109 5.962999
v 0.757978 70.836327 6.194792
v 1.286899 73.262352 5.487545
v 0.757978 73.266945 5.765050
v 0.757978 76.009605 4.280351
v 2.397305 76.003090 3.999527
v 0.757978 78.872993 1.925418
v 1.481275 79.095421 1.507255
v 0.762404 81.049553 2.341795
v 1.923036 81.317055 1.521629
v 1.962373 79.383003 0.856235
v 1.481275 79.095421 1.507255
v 3.360519 78.037666 0.504581
v 3.348665 78.328743 -0.636989
v 4.962599 78.220116 -0.637146
v 4.938118 77.928673 0.391739
v 4.880628 77.085121 1.158525
v 3.517215 77.118095 1.439579
v 4.854678 75.903694 1.376878
v 4.024031 75.511925 2.186140
v 4.928193 74.496452 1.311278
v 4.543217 73.838188 2.488149
v 5.116771 73.934456 0.580283
v 5.136675 73.866875 -0.617253
v 5.181309 74.067635 -1.384819
v 4.684813 73.306923 -2.303838
v 5.145813 74.815346 -2.041792
v 4.524818 75.589119 -2.525843
v 5.144701 76.709831 -2.316839
v 4.138891 77.046501 -2.507070
v 5.051064 77.853493 -1.753281
v 3.650555 78.133003 -1.981864
v 4.962599 78.220116 -0.637146
v 3.348665 78.328743 -0.636989
v 2.113963 78.497231 -2.166109
v 2.883726 76.132561 -3.294933
v 3.099907 73.223610 -3.555117
v -0.000257 76.133919 -3.277633
v 4.524818 75.589119 -2.525843
v 4.684813 73.306923 -2.303838
v 3.099907 73.223610 -3.555117
v 3.517215 77.118095 1.439579
v 3.360519 78.037666 0.504581
v 1.481275 79.095421 1.507255
v 2.397305 76.003090 3.999527
v 4.024031 75.511925 2.186140
v 4.067577 73.227943 4.915672
v 1.286899 73.262352 5.487545
v 4.543217 73.838188 2.488149
v 4.024031 75.511925 2.186140
v 4.067577 73.227943 4.915672
v 4.873525 71.812798 2.122175
v 4.141198 70.824135 5.254198
v 3.791255 68.508217 5.021707
v 2.060464 79.792458 -2.120813
v 2.612917 79.023964 -2.505590
v 3.530360 78.584862 0.747458
v 2.752245 79.443199 0.852324
v 2.828271 77.810371 3.372437
v 3.102909 77.242821 3.972825
v 1.093338 79.202629 3.056654
v 1.923036 81.317055 1.521629
v 1.613217 81.485954 -1.617288
v -0.000257 81.518929 -2.283119
v -0.000257 79.764671 -3.066844
v -0.000257 79.029655 -3.511814
v -2.613431 79.023964 -2.505590
v -2.060977 79.792458 -2.120813
v -3.530873 78.584862 0.747458
v -2.752759 79.443199 0.852324
v -2.828785 77.810371 3.372437
v -3.103423 77.242821 3.972825
v -1.093852 79.202629 3.056654
v -0.876664 79.061913 3.282154
v -0.333649 80.950615 2.529171
v -0.750955 81.052605 2.333403
v -1.923550 81.317055 1.521629
v -1.613730 81.485954 -1.617288
v -1.923550 81.317055 1.521629
v -2.752759 79.443199 0.852324
v -2.060977 79.792458 -2.120813
v -0.000257 81.518929 -2.283119
v -0.000257 79.764671 -3.066844
v 0.762404 81.049553 2.341795
v 1.923036 81.317055 1.521629
v 1.093338 79.202629 3.056654
v 0.333135 80.950615 2.529171
v 0.876151 79.061913 3.282154
v 3.102909 77.242821 3.972825
vn -0.0583 -0.9864 0.1536
vn -0.2107 -0.9759 0.0571
vn -0.2563 -0.9502 0.1773
vn 0.1469 0.0236 0.9889
vn 0.1722 0.1892 0.9667
vn 0.1708 0.5120 0.8418
vn 0.3107 0.7893 -0.5295
vn 0.3710 0.8751 -0.3106
vn 0.4068 0.7799 -0.4757
vn 0.2886 0.8610 -0.4188
vn 0.1446 0.7363 -0.6611
vn 0.1260 0.7368 0.6643
vn 0.3098 0.8609 0.4037
vn 0.3842 0.9217 0.0533
vn -0.5449 0.0747 0.8351
vn -0.0553 0.4917 0.8690
vn -0.0638 -0.3416 -0.9377
vn -0.0471 -0.2839 -0.9577
vn -0.0667 -0.3029 -0.9507
vn 0.0279 -0.2319 -0.9723
vn -0.0293 -0.1479 -0.9886
vn -0.0060 -0.1768 -0.9842
vn -0.0092 -0.3016 -0.9534
vn -0.0362 -0.1950 -0.9801
vn -0.0243 -0.2473 -0.9686
vn 0.0439 -0.0248 -0.9987
vn -0.0233 -0.1990 -0.9797
vn -0.1205 -0.1953 -0.9733
vn -0.1024 -0.2131 -0.9717
vn 0.3086 0.6684 -0.6768
vn 0.4068 0.7798 -0.4758
vn 0.7378 0.5771 -0.3501
vn 0.7344 0.5844 -0.3452
vn 0.0666 0.1389 0.9881
vn -0.0590 0.0548 0.9968
vn -0.0690 0.1173 0.9907
vn 0.0493 0.2181 0.9747
vn -0.2646 -0.9597 0.0946
vn -0.2611 -0.9653 -0.0009
vn -0.5733 -0.8051 0.1523
vn -0.5651 -0.8039 0.1853
vn -0.0726 -0.1247 -0.9895
vn -0.0661 -0.1204 -0.9905
vn 0.0272 -0.1779 -0.9837
vn 0.0172 -0.1748 -0.9845
vn 0.4592 0.8879 0.0258
vn 0.4255 0.8998 0.0963
vn 0.5990 0.7992 0.0508
vn 0.6053 0.7951 0.0381
vn 0.0979 0.0764 0.9923
vn 0.0836 0.0764 0.9936
vn 0.1722 0.1891 0.9667
vn -0.5339 -0.8405 0.0927
vn -0.0122 -0.9592 0.2824
vn -0.1660 -0.9574 0.2363
vn -0.5351 -0.8384 0.1033
vn -0.0007 -0.0634 -0.9980
vn -0.0024 -0.0269 -0.9996
vn 0.0777 -0.1207 -0.9896
vn 0.0394 -0.1415 -0.9892
vn 0.4823 0.8611 -0.1611
vn 0.4593 0.8879 0.0258
vn 0.6229 0.7820 0.0218
vn 0.6179 0.7858 0.0252
vn 0.1708 0.0854 0.9816
vn 0.0662 0.1204 0.9905
vn 0.0726 0.1247 0.9895
vn 0.1513 0.0898 0.9844
vn -0.5616 -0.8155 0.1400
vn -0.1660 -0.9574 0.2364
vn -0.2564 -0.9502 0.1773
vn -0.5514 -0.8255 0.1203
vn 0.0691 -0.1173 -0.9907
vn 0.0590 -0.0548 -0.9968
vn 0.0843 -0.2115 -0.9737
vn 0.0905 -0.2740 -0.9575
vn 0.6367 0.7037 -0.3154
vn 0.4824 0.8610 -0.1612
vn 0.6446 0.7028 -0.3010
vn 0.1107 0.0870 0.9900
vn 0.0025 0.0269 0.9996
vn 0.0008 0.0634 0.9980
vn 0.1070 0.1130 0.9878
vn -0.2564 -0.9502 0.1774
vn -0.2647 -0.9597 0.0947
vn -0.5502 -0.8105 0.2010
vn -0.5795 -0.7960 0.1746
vn -0.6588 -0.6490 0.3805
vn -0.6455 -0.5834 0.4929
vn -0.5353 -0.7863 0.3087
vn -0.6643 -0.6721 0.3272
vn -0.0624 0.0190 -0.9979
vn -0.0363 -0.1808 -0.9829
vn 0.0451 -0.1378 -0.9894
vn -0.0373 0.0288 -0.9989
vn 0.0176 0.0611 0.9980
vn 0.0210 0.0260 0.9994
vn -0.0198 -0.0717 0.9972
vn -0.0620 -0.0079 0.9980
vn -0.6346 -0.7729 0.0029
vn -0.5249 -0.8190 -0.2316
vn -0.5446 -0.8166 -0.1910
vn -0.6579 -0.7487 0.0815
vn -0.0420 -0.1072 -0.9933
vn -0.0382 -0.1038 -0.9939
vn -0.7479 -0.6520 0.1249
vn -0.7495 -0.6505 0.1229
vn 0.0828 0.0923 0.9923
vn 0.0796 0.0885 0.9929
vn 0.7809 0.6235 -0.0367
vn 0.7842 0.6180 -0.0549
vn -0.8319 -0.5418 0.1197
vn -0.8322 -0.5416 0.1189
vn 0.0949 0.0735 0.9928
vn 0.0912 0.0808 0.9926
vn 0.8049 0.5848 -0.1003
vn 0.8026 0.5842 -0.1207
vn -0.0316 -0.1778 -0.9835
vn -0.0326 -0.1781 -0.9835
vn -0.7930 -0.5923 0.1426
vn -0.7794 -0.6009 0.1776
vn 0.0567 0.1373 0.9889
vn 0.0678 0.1359 0.9884
vn 0.8100 0.5535 -0.1938
vn 0.8119 0.5654 -0.1455
vn -0.5497 -0.7808 0.2969
vn -0.4780 -0.8151 0.3274
vn 0.1032 0.1364 0.9853
vn 0.1224 0.1387 0.9827
vn 0.8752 0.3642 -0.3184
vn 0.8613 0.3914 -0.3239
vn -0.0065 -0.2476 -0.9688
vn -0.0247 -0.2393 -0.9706
vn -0.9340 -0.3110 0.1757
vn -0.9322 -0.3099 0.1871
vn 0.0818 0.1698 0.9821
vn 0.0707 0.1592 0.9847
vn 0.9175 0.2683 -0.2937
vn 0.9241 0.2661 -0.2743
vn -0.7953 -0.5574 0.2382
vn -0.7862 -0.5653 0.2497
vn 0.1251 0.1806 0.9756
vn 0.1376 0.2126 0.9674
vn 0.9610 0.1743 -0.2145
vn 0.9630 0.2025 -0.1776
vn 0.0610 -0.9979 -0.0221
vn -0.3902 -0.9207 -0.0057
vn -0.3945 -0.9188 -0.0131
vn -0.1180 -0.9839 -0.1343
vn -0.5776 -0.8145 -0.0540
vn -0.6031 -0.7524 -0.2650
vn -0.3606 -0.9319 -0.0401
vn -0.2375 -0.1261 -0.9632
vn -0.2376 -0.1202 -0.9639
vn -0.2954 -0.1097 -0.9490
vn -0.2937 -0.1223 -0.9480
vn 0.9630 0.2026 -0.1776
vn 0.7409 0.5938 -0.3139
vn 0.7443 0.5796 -0.3318
vn 0.8614 0.3914 -0.3238
vn 0.8877 0.3476 -0.3020
vn 0.5601 0.7814 -0.2752
vn 0.3496 0.9307 -0.1081
vn 0.8049 0.5849 -0.1003
vn 0.3477 0.9331 -0.0918
vn 0.7442 0.6548 -0.1322
vn 0.7230 0.6823 -0.1081
vn 0.7588 0.5994 -0.2550
vn 0.7686 0.5825 -0.2646
vn -0.0883 -0.8800 -0.4666
vn 0.0148 -0.0800 -0.9967
vn -0.0084 -0.0409 -0.9991
vn -0.0007 -0.0594 -0.9982
vn 0.3902 0.9207 0.0056
vn 0.8018 0.5971 -0.0238
vn 0.7990 0.6013 -0.0066
vn 0.3945 0.9188 0.0131
vn -0.0279 -0.0653 -0.9975
vn -0.0212 -0.0459 -0.9987
vn -0.7637 -0.6446 0.0354
vn -0.7655 -0.6430 0.0251
vn 0.0745 0.0384 0.9965
vn 0.0711 0.0478 0.9963
vn 0.7614 0.6463 0.0516
vn 0.7658 0.6418 0.0404
vn -0.8483 -0.5288 0.0264
vn -0.8479 -0.5294 0.0278
vn 0.0512 -0.0278 0.9983
vn 0.0784 -0.0567 0.9953
vn 0.8019 0.5970 -0.0238
vn 0.1394 -0.9863 0.0881
vn -0.3495 -0.9307 0.1081
vn -0.3477 -0.9331 0.0918
vn -0.5601 -0.7814 0.2752
vn -0.1686 -0.9561 0.2398
vn -0.7443 -0.5796 0.3317
vn -0.7408 -0.5938 0.3140
vn 0.7789 -0.4334 -0.4533
vn 0.7787 -0.4345 -0.4526
vn 0.7771 -0.4419 -0.4481
vn 0.0134 0.4379 0.8989
vn -0.0256 0.2771 0.9605
vn -0.6588 -0.6490 0.3804
vn -0.0364 -0.1808 -0.9828
vn -0.0679 -0.5828 -0.8098
vn 0.1731 -0.2842 -0.9430
vn 0.7742 0.5415 -0.3277
vn 0.7640 0.5393 -0.3542
vn -0.0679 -0.5828 -0.8097
vn -0.1061 -0.7548 -0.6473
vn -0.4974 -0.8388 -0.2214
vn -0.1077 -0.0249 0.9939
vn -0.0445 -0.1832 0.9821
vn 0.7804 0.6180 -0.0948
vn 0.3086 0.6683 -0.6768
vn -0.1659 -0.9574 0.2364
vn -0.0121 -0.9592 0.2824
vn 0.0134 0.4380 0.8989
vn -0.6882 -0.6165 0.3826
vn -0.6882 -0.6164 0.3826
vn -0.5449 0.0747 0.8352
vn 0.8923 -0.3598 0.2726
vn 0.1400 0.1715 0.9752
vn 0.1214 0.1425 0.9823
vn 0.1022 0.0640 0.9927
vn 0.1071 -0.1232 0.9866
vn 0.1455 -0.1301 0.9808
vn 0.7805 -0.4257 -0.4578
vn 0.0640 -0.9978 -0.0177
vn 0.1431 -0.9852 0.0941
vn 0.4592 0.8880 0.0258
vn -0.1205 -0.1952 -0.9733
vn 0.4254 0.8999 0.0963
vn 0.2563 -0.9502 0.1773
vn 0.2107 -0.9759 0.0570
vn 0.0583 -0.9864 0.1536
vn -0.4068 0.7799 -0.4757
vn -0.3710 0.8751 -0.3106
vn -0.3107 0.7893 -0.5295
vn -0.2886 0.8610 -0.4188
vn -0.1446 0.7363 -0.6610
vn -0.3842 0.9217 0.0533
vn -0.3098 0.8609 0.4037
vn -0.1260 0.7368 0.6643
vn -0.0468 0.5642 0.8243
vn 0.1205 -0.1953 -0.9733
vn 0.0233 -0.1990 -0.9797
vn -0.0439 -0.0248 -0.9987
vn 0.1024 -0.2131 -0.9717
vn -0.4068 0.7798 -0.4758
vn -0.3086 0.6683 -0.6768
vn -0.7344 0.5844 -0.3452
vn -0.7378 0.5771 -0.3501
vn 0.0690 0.1172 0.9907
vn 0.0590 0.0547 0.9968
vn -0.0666 0.1389 0.9881
vn -0.0493 0.2181 0.9747
vn 0.5733 -0.8051 0.1523
vn 0.2611 -0.9653 -0.0009
vn 0.2646 -0.9597 0.0946
vn 0.5651 -0.8039 0.1853
vn -0.0272 -0.1779 -0.9837
vn 0.0662 -0.1205 -0.9905
vn 0.0726 -0.1247 -0.9895
vn -0.0172 -0.1748 -0.9845
vn -0.5990 0.7992 0.0508
vn -0.4035 0.8983 0.1739
vn -0.4592 0.8879 0.0258
vn -0.6053 0.7951 0.0381
vn -0.1516 0.0640 0.9864
vn -0.0836 0.0764 0.9936
vn -0.0979 0.0764 0.9923
vn -0.1469 0.0236 0.9889
vn 0.1661 -0.9574 0.2364
vn 0.0121 -0.9592 0.2824
vn 0.5339 -0.8405 0.0927
vn 0.5351 -0.8384 0.1033
vn -0.0777 -0.1207 -0.9896
vn 0.0024 -0.0270 -0.9996
vn 0.0007 -0.0635 -0.9980
vn -0.0394 -0.1414 -0.9892
vn -0.6229 0.7820 0.0218
vn -0.4823 0.8610 -0.1611
vn -0.6179 0.7858 0.0252
vn -0.0727 0.1247 0.9895
vn -0.0662 0.1205 0.9905
vn -0.1708 0.0855 0.9816
vn -0.1513 0.0898 0.9844
vn 0.2564 -0.9502 0.1773
vn 0.1660 -0.9574 0.2364
vn 0.5615 -0.8155 0.1400
vn 0.5514 -0.8255 0.1203
vn -0.0843 -0.2115 -0.9737
vn -0.0590 -0.0548 -0.9968
vn -0.0691 -0.1173 -0.9907
vn -0.0905 -0.2740 -0.9575
vn -0.6367 0.7037 -0.3154
vn -0.6446 0.7028 -0.3010
vn -0.0008 0.0634 0.9980
vn -0.0025 0.0270 0.9996
vn -0.1107 0.0870 0.9900
vn -0.1070 0.1130 0.9878
vn 0.5502 -0.8105 0.2010
vn 0.2647 -0.9597 0.0947
vn 0.2564 -0.9502 0.1774
vn 0.5795 -0.7960 0.1746
vn 0.5353 -0.7863 0.3087
vn 0.6598 -0.5447 0.5177
vn 0.6588 -0.6491 0.3804
vn 0.6643 -0.6721 0.3272
vn 0.0198 -0.0717 0.9972
vn -0.0209 0.0260 0.9994
vn -0.0176 0.0611 0.9980
vn 0.0620 -0.0079 0.9980
vn -0.0451 -0.1378 -0.9894
vn 0.0363 -0.1807 -0.9829
vn 0.0624 0.0190 -0.9979
vn 0.0373 0.0288 -0.9989
vn 0.0421 -0.1072 -0.9933
vn 0.0383 -0.1038 -0.9939
vn 0.7495 -0.6505 0.1229
vn 0.7479 -0.6520 0.1249
vn -0.0828 0.0923 0.9923
vn -0.0796 0.0885 0.9929
vn -0.7842 0.6180 -0.0550
vn -0.7809 0.6235 -0.0368
vn 0.8319 -0.5418 0.1197
vn 0.8322 -0.5416 0.1189
vn -0.0949 0.0735 0.9928
vn -0.0912 0.0808 0.9926
vn -0.8049 0.5848 -0.1003
vn -0.8026 0.5842 -0.1207
vn 0.0060 -0.1768 -0.9842
vn 0.0293 -0.1479 -0.9886
vn 0.0316 -0.1778 -0.9835
vn 0.0326 -0.1781 -0.9835
vn 0.7930 -0.5923 0.1426
vn 0.7794 -0.6009 0.1776
vn -0.0567 0.1373 0.9889
vn -0.0678 0.1359 0.9884
vn -0.8100 0.5535 -0.1939
vn -0.8119 0.5654 -0.1456
vn 0.0362 -0.1949 -0.9801
vn 0.0243 -0.2472 -0.9687
vn 0.5497 -0.7808 0.2969
vn 0.4780 -0.8150 0.3275
vn -0.1032 0.1364 0.9853
vn -0.1224 0.1388 0.9827
vn -0.8752 0.3642 -0.3184
vn -0.8613 0.3914 -0.3239
vn 0.0065 -0.2476 -0.9688
vn 0.0247 -0.2393 -0.9706
vn 0.9340 -0.3110 0.1757
vn 0.9322 -0.3099 0.1872
vn -0.0707 0.1591 0.9847
vn -0.0817 0.1698 0.9821
vn -0.9175 0.2683 -0.2937
vn -0.9241 0.2661 -0.2743
vn 0.0471 -0.2839 -0.9577
vn 0.0667 -0.3029 -0.9507
vn 0.7953 -0.5574 0.2382
vn 0.7862 -0.5652 0.2497
vn -0.1251 0.1805 0.9756
vn -0.1376 0.2126 0.9674
vn -0.9610 0.1743 -0.2145
vn -0.9630 0.2026 -0.1776
vn 0.1180 -0.9839 -0.1343
vn 0.3605 -0.9319 -0.0401
vn 0.6031 -0.7524 -0.2650
vn 0.5776 -0.8145 -0.0540
vn 0.2954 -0.1097 -0.9491
vn 0.2376 -0.1202 -0.9639
vn 0.2375 -0.1261 -0.9632
vn 0.2937 -0.1223 -0.9480
vn -0.7408 0.5938 -0.3140
vn -0.9610 0.1743 -0.2146
vn -0.7443 0.5796 -0.3318
vn -0.8877 0.3476 -0.3020
vn -0.5602 0.7813 -0.2752
vn -0.8049 0.5849 -0.1003
vn -0.3496 0.9307 -0.1081
vn -0.3477 0.9331 -0.0919
vn -0.7716 -0.4386 -0.4608
vn -0.7789 -0.4339 -0.4528
vn -0.7781 -0.4344 -0.4537
vn 0.0883 -0.8800 -0.4667
vn -0.7990 0.6013 -0.0066
vn -0.8018 0.5971 -0.0238
vn -0.3902 0.9207 0.0056
vn -0.3945 0.9188 0.0131
vn 0.0280 -0.0653 -0.9975
vn 0.0212 -0.0459 -0.9987
vn 0.7637 -0.6446 0.0353
vn 0.7655 -0.6430 0.0251
vn -0.0745 0.0384 0.9965
vn -0.0711 0.0478 0.9963
vn -0.7614 0.6463 0.0516
vn -0.7658 0.6418 0.0405
vn 0.0007 -0.0594 -0.9982
vn 0.0084 -0.0410 -0.9991
vn 0.8483 -0.5288 0.0265
vn 0.8479 -0.5295 0.0279
vn -0.0784 -0.0567 0.9953
vn -0.0512 -0.0278 0.9983
vn -0.8019 0.5970 -0.0238
vn 0.0256 0.2771 0.9605
vn -0.0134 0.4379 0.8989
vn 0.6643 -0.6721 0.3271
vn 0.6588 -0.6490 0.3804
vn 0.6579 -0.7487 0.0814
vn 0.6346 -0.7729 0.0028
vn 0.0679 -0.5828 -0.8098
vn 0.0363 -0.1808 -0.9829
vn -0.1731 -0.2841 -0.9430
vn -0.7307 0.6198 -0.2863
vn -0.7547 0.6097 -0.2424
vn -0.7742 0.5415 -0.3277
vn -0.7640 0.5393 -0.3542
vn 0.1061 -0.7548 -0.6473
vn 0.5446 -0.8166 -0.1910
vn 0.5249 -0.8190 -0.2316
vn 0.4669 0.2028 0.8608
vn 0.0445 -0.1832 0.9821
vn -0.7714 0.6289 -0.0971
vn -0.7490 0.6472 -0.1420
vn -0.7804 0.6181 -0.0948
vn -0.1708 0.5120 0.8418
vn -0.0134 0.4380 0.8989
vn -0.4592 0.8880 0.0258
vn -0.4034 0.8983 0.1739
vn -0.4823 0.8611 -0.1611
vn -0.1709 0.5120 0.8418
vn 0.6882 -0.6165 0.3826
vn 0.5449 0.0747 0.8352
vn -0.0610 -0.9979 -0.0221
vn 0.3902 -0.9207 -0.0056
vn -0.0640 -0.9978 -0.0176
vn -0.1394 -0.9863 0.0881
vn 0.3495 -0.9307 0.1081
vn -0.1431 -0.9852 0.0941
vn 0.5602 -0.7813 0.2752
vn 0.5496 -0.7809 0.2969
vn 0.7862 -0.5653 0.2497
vn 0.7443 -0.5796 0.3318
vn 0.0638 -0.3416 -0.9377
vn -0.1400 0.1716 0.9752
vn 0.0093 -0.3015 -0.9534
vn -0.1214 0.1426 0.9823
vn -0.0279 -0.2319 -0.9723
vn -0.0148 -0.0801 -0.9967
vn -0.1022 0.0640 0.9927
vn -0.1071 -0.1232 0.9866
vn 0.0882 -0.8800 -0.4667
vn -0.8923 -0.3597 0.2726
vn -0.1455 -0.1301 0.9808
vn 0.4974 -0.8388 -0.2214
vn -0.4696 -0.1984 -0.8603
vn 0.3944 -0.9188 -0.0131
vn 0.3477 -0.9331 0.0919
vn 0.1686 -0.9561 0.2398
vn 0.7408 -0.5938 0.3140
vn -0.3086 0.6684 -0.6768
vn 0.1205 -0.1952 -0.9733
vn 0.1024 -0.2130 -0.9717
vn 0.8738 0.4785 0.0869
vn 0.8595 0.4757 0.1869
vn 0.7903 0.5848 0.1831
vn 0.8329 0.5037 0.2294
vn 0.7157 0.4046 0.5693
vn 0.6843 0.3438 0.6431
vn 0.5704 0.2237 0.7903
vn 0.5195 0.1929 0.8324
vn 0.7414 0.3868 0.5484
vn 0.8907 0.4181 0.1785
vn 0.9156 0.4004 0.0365
vn 0.9330 0.3593 -0.0192
vn 0.9394 0.3379 -0.0577
vn 0.6442 0.3348 0.6877
vn 0.8107 0.3629 0.4593
vn 0.8196 0.3573 0.4478
vn 0.6447 0.3324 0.6884
vn 0.3275 0.2797 0.9025
vn 0.3369 0.2775 0.8997
vn 0.1112 0.2614 0.9588
vn 0.1209 0.2592 0.9582
vn -0.0000 0.2527 0.9676
vn -0.0010 0.1913 0.9815
vn -0.0000 0.1917 0.9815
vn -0.0010 0.1901 0.9818
vn 0.0884 0.1831 0.9791
vn -0.0021 0.1909 0.9816
vn 0.0804 0.1952 0.9775
vn 0.2183 0.1429 0.9654
vn 0.2897 0.1671 0.9424
vn 0.3835 0.2117 0.8990
vn 0.4486 0.2187 0.8666
vn 0.2494 0.2035 0.9468
vn 0.7091 0.5767 -0.4057
vn 0.7114 0.5627 -0.4210
vn 0.7411 0.5246 -0.4190
vn 0.6865 0.5220 -0.5062
vn 0.8006 0.4028 -0.4436
vn 0.6577 0.4006 -0.6379
vn 0.4732 0.3730 -0.7981
vn 0.7545 0.3348 -0.5644
vn 0.8189 0.3361 -0.4653
vn 0.2530 0.3865 -0.8869
vn 0.4898 0.3115 -0.8143
vn 0.3071 0.3119 -0.8991
vn 0.1490 0.3009 -0.9419
vn 0.1531 0.3846 -0.9103
vn 0.2994 0.4947 -0.8159
vn 0.1304 0.4786 -0.8683
vn 0.1463 0.4977 -0.8549
vn 0.3185 0.5237 -0.7901
vn 0.4412 0.5264 -0.7268
vn 0.4360 0.5084 -0.7426
vn -0.7518 0.4929 -0.4380
vn -0.7109 0.5580 -0.4281
vn -0.7100 0.5630 -0.4230
vn -0.7569 0.5067 -0.4127
vn -0.8293 0.3842 -0.4058
vn -0.8330 0.3992 -0.3831
vn -0.8584 0.3189 -0.4018
vn -0.8564 0.3208 -0.4045
vn -0.2326 0.1863 0.9546
vn -0.1853 0.2020 0.9617
vn -0.2265 0.1571 0.9613
vn -0.2514 0.1684 0.9531
vn -0.3215 0.2501 0.9133
vn -0.2478 0.2328 0.9404
vn -0.2441 0.2628 0.9335
vn -0.3275 0.2755 0.9038
vn -0.6412 0.3385 0.6887
vn -0.6458 0.3449 0.6812
vn -0.8889 0.3894 0.2411
vn -0.9140 0.3633 0.1804
vn -0.9308 0.3648 -0.0247
vn -0.9419 0.3189 -0.1058
vn -0.9009 0.4297 0.0607
vn -0.9305 0.3656 0.0232
vn -0.9202 0.3882 0.0502
vn -0.8466 0.4954 0.1945
vn -0.8419 0.5279 0.1122
vn -0.7769 0.5688 0.2700
vn -0.6872 0.4498 0.5705
vn -0.6249 0.3546 0.6956
vn -0.5594 0.2805 0.7800
vn -0.4973 0.2179 0.8397
vn -0.4798 0.2591 0.8383
vn -0.4665 0.2359 0.8525
vn -0.8138 0.3764 0.4428
vn -0.8142 0.3813 0.4378
vn -0.8138 0.3760 0.4432
vn -0.8133 0.3710 0.4482
vn -0.0774 0.4795 -0.8741
vn -0.0000 0.4720 -0.8816
vn -0.0666 0.4832 -0.8730
vn -0.2882 0.5260 -0.8002
vn -0.2932 0.5070 -0.8106
vn -0.4403 0.5297 -0.7250
vn -0.4562 0.4953 -0.7393
vn -0.3241 0.3908 -0.8615
vn -0.4903 0.3799 -0.7844
vn -0.5156 0.3133 -0.7975
vn -0.3194 0.3163 -0.8933
vn -0.1429 0.3024 -0.9424
vn -0.1001 0.4166 -0.9036
vn -0.0000 0.2942 -0.9557
vn -0.0001 0.2941 -0.9558
vn -0.0016 0.3283 0.9446
vn -0.0014 0.4862 0.8739
vn -0.0014 0.4861 0.8739
vn -0.0014 0.3283 0.9446
vn -0.0017 0.2472 0.9690
vn -0.0025 0.2472 0.9690
vn 0.0020 0.4563 0.8898
vn 0.0006 0.4527 0.8917
vn 0.0014 0.5775 0.8164
vn -0.0024 0.5717 0.8204
vn -0.1781 -0.8278 0.5320
vn -0.1780 -0.8231 0.5393
vn -0.3218 -0.8554 0.4060
vn -0.3218 -0.8584 0.3996
vn -0.5106 -0.8382 0.1915
vn -0.5228 -0.8318 0.1864
vn -0.5111 -0.8587 0.0373
vn -0.4923 -0.8696 0.0380
vn -0.5659 -0.8153 -0.1225
vn -0.5754 -0.8060 -0.1386
vn -0.4785 -0.7911 -0.3809
vn -0.4933 -0.7885 -0.3672
vn -0.2644 -0.8323 -0.4872
vn -0.2538 -0.8347 -0.4887
vn -0.0023 -0.8439 -0.5364
vn -0.0024 -0.8438 -0.5366
vn 0.2549 -0.8464 -0.4676
vn 0.2482 -0.8472 -0.4698
vn 0.4385 -0.8332 -0.3368
vn 0.4482 -0.8346 -0.3202
vn 0.5512 -0.8264 -0.1151
vn 0.5617 -0.8164 -0.1340
vn 0.5093 -0.8597 0.0389
vn 0.4919 -0.8697 0.0399
vn 0.5128 -0.8360 0.1954
vn 0.5230 -0.8318 0.1859
vn 0.3408 -0.8266 0.4479
vn 0.3393 -0.8236 0.4544
vn 0.1909 -0.8198 0.5400
vn 0.1909 -0.8185 0.5418
vn -0.0002 -0.8347 0.5507
vn 0.0016 -0.8365 0.5480
vn 0.0007 -0.8356 0.5494
vn -0.0011 -0.8339 0.5520
vn -0.3800 0.5077 0.7732
vn -0.1954 0.5607 0.8046
vn -0.1952 0.5527 0.8102
vn -0.3919 0.4933 0.7766
vn -0.7810 0.3970 0.4821
vn -0.8121 0.4102 0.4149
vn -0.8665 0.4971 0.0450
vn -0.8852 0.4629 0.0461
vn -0.8129 0.4768 -0.3346
vn -0.8036 0.5029 -0.3183
vn -0.5940 0.5095 -0.6225
vn -0.5949 0.4868 -0.6396
vn -0.2566 0.5591 -0.7884
vn -0.2424 0.5579 -0.7937
vn 0.0001 0.5670 -0.8238
vn 0.0002 0.5617 -0.8273
vn 0.0994 0.5482 -0.8304
vn 0.0982 0.5540 -0.8267
vn -0.0169 0.5578 -0.8298
vn -0.3624 0.5470 -0.7546
vn -0.7835 0.4888 -0.3838
vn -0.9068 0.4216 0.0089
vn -0.9247 0.3272 0.1946
vn -0.8973 0.4405 -0.0269
vn -0.7427 0.6678 0.0489
vn -0.6888 0.5662 -0.4527
vn -0.5630 0.6640 -0.4920
vn -0.2171 0.5687 -0.7934
vn -0.2040 0.5750 -0.7923
vn -0.0000 0.5297 -0.8482
vn -0.0000 0.5503 -0.8350
vn 0.2171 0.5687 -0.7934
vn 0.2041 0.5750 -0.7923
vn 0.5631 0.6640 -0.4920
vn 0.6889 0.5662 -0.4527
vn 0.7429 0.6673 0.0528
vn 0.8974 0.4405 -0.0269
vn 0.9068 0.4215 0.0091
vn 0.6790 0.4248 0.5987
vn 0.5598 0.5951 0.5765
vn 0.3463 0.3524 0.8694
vn 0.3144 0.4961 0.8093
vn 0.2839 0.4916 0.8233
vn 0.3015 0.3816 0.8738
vn 0.4238 0.1900 0.8856
vn 0.8192 0.4161 0.3947
vn 0.8433 0.5218 0.1287
vn 0.8224 0.4494 -0.3489
vn 0.3241 0.5188 -0.7911
vn 0.3292 0.5549 -0.7640
vn 0.0976 0.5741 -0.8129
vn 0.2608 0.5412 -0.7994
vn 0.5688 0.4932 -0.6582
vn 0.4088 0.5586 -0.7216
vn 0.5930 0.4885 -0.6400
vn 0.8125 0.4770 -0.3351
vn 0.8198 0.4770 -0.3168
vn 0.8852 0.4613 0.0602
vn 0.8852 0.4629 0.0461
vn 0.7804 0.3977 0.4826
vn 0.7615 0.3697 0.5324
vn 0.3769 0.5254 0.7628
vn 0.3733 0.5405 0.7540
vn 0.1905 0.5637 0.8037
vn 0.1905 0.5695 0.7996
vn 0.4283 0.3780 0.8208
vn 0.5648 0.4219 0.7093
vn 0.3067 0.2791 0.9100
vn 0.2091 0.3036 0.9296
vn 0.2160 0.2650 0.9397
vn 0.2678 0.1660 0.9491
vn 0.7008 0.5575 -0.4450
vn 0.8284 0.5409 -0.1455
vn 0.7835 0.5330 -0.3195
vn 0.6433 0.5472 -0.5354
vn 0.5671 0.5838 -0.5810
vn -0.5598 0.5952 0.5765
vn -0.7306 0.6304 0.2625
vn -0.5408 0.4366 0.7190
vn -0.3451 0.3523 0.8700
vn -0.3132 0.4960 0.8099
vn -0.2815 0.4912 0.8243
vn -0.2933 0.3384 0.8941
vn -0.3562 0.2429 0.9023
vn -0.2130 0.2662 0.9401
vn -0.2064 0.3055 0.9296
vn -0.4298 0.3836 0.8174
vn -0.5265 0.3193 0.7879
vn 0.5161 -0.1850 -0.8363
vn 0.0003 0.9670 0.2549
vn -0.5161 -0.1850 -0.8363
vn -0.2609 0.0260 0.9650
vn -0.3099 -0.1406 0.9403
vn -0.2714 -0.0885 0.9584
vn -0.2316 0.0586 0.9710
vn -0.2228 0.1624 0.9612
vn -0.2001 0.1890 0.9614
vn 0.9942 0.0784 -0.0737
vn 0.9940 0.0530 -0.0953
vn 0.9384 0.3378 -0.0725
vn 0.8743 0.4334 -0.2186
vn 0.6445 0.7450 -0.1723
vn 0.3817 0.4172 -0.8248
vn -0.0000 0.0915 -0.9958
vn 0.3325 0.2825 -0.8998
vn 0.3651 0.1224 -0.9229
vn -0.0000 0.1171 -0.9931
vn -0.3651 0.1224 -0.9229
vn -0.3325 0.2825 -0.8998
vn -0.1773 0.3915 -0.9029
vn -0.0000 0.1749 -0.9846
vn 0.0420 0.3958 -0.9174
vn 0.0106 0.2516 -0.9678
vn -0.2048 0.2418 -0.9485
vn -0.3271 0.3179 -0.8899
vn -0.4980 0.0839 -0.8631
vn -0.2922 -0.1005 -0.9511
vn -0.6193 -0.1138 -0.7769
vn -0.2285 -0.2393 -0.9437
vn 0.0619 -0.0400 -0.9973
vn -0.1165 0.9462 0.3018
vn -0.1245 0.9425 0.3103
vn -0.1238 0.9428 0.3095
vn -0.1314 0.9390 0.3177
vn 0.0282 0.9996 0.0077
vn 0.0338 0.9994 0.0029
vn -0.0001 1.0000 0.0059
vn -0.0000 0.9999 0.0107
vn -0.0283 0.9996 0.0077
vn -0.0339 0.9994 0.0029
vn 0.0003 0.9669 0.2550
vn -0.8896 0.3083 0.3369
vn -0.9986 0.0022 0.0526
vn -0.9942 0.0784 -0.0737
vn -0.8743 0.4334 -0.2186
vn -0.4398 0.8973 0.0381
vn -0.5608 0.6532 -0.5088
vn -0.2515 0.7094 -0.6585
vn -0.2506 0.3773 -0.8916
vn -0.2695 0.4769 -0.8366
vn -0.3115 0.1885 -0.9314
vn -0.4581 -0.0608 -0.8868
vn -0.6827 -0.1081 -0.7227
vn -0.8451 -0.1862 -0.5011
vn -0.9587 -0.1906 -0.2112
vn -0.8702 -0.1695 -0.4626
vn -0.9945 -0.1017 -0.0248
vn -0.9996 -0.0208 -0.0198
vn -0.9926 0.0083 0.1212
vn -0.9789 0.0220 0.2032
vn -0.8916 0.1390 0.4310
vn -0.9007 0.1801 0.3954
vn -0.6727 0.2993 0.6767
vn -0.5165 0.2349 0.8235
vn -0.2529 0.5547 0.7927
vn -0.1685 0.4672 0.8679
vn -0.3610 0.8297 0.4257
vn -0.0958 0.8502 0.5177
vn -0.0773 0.9619 0.2622
vn -0.4397 0.8973 0.0382
vn -0.5885 0.1534 0.7938
vn -0.9986 0.0022 0.0527
vn -0.5688 -0.1304 0.8121
vn -0.5833 -0.1212 0.8031
vn -0.5884 0.1535 0.7939
vn -0.3842 0.3342 0.8606
vn -0.1676 0.5321 0.8300
vn -0.1428 0.5511 0.8221
vn -0.3940 0.3227 0.8606
vn -0.4399 0.2839 0.8520
vn -0.3979 0.0649 0.9152
vn -0.3944 0.0717 0.9161
vn -0.4167 -0.0658 0.9067
vn -0.3822 -0.0711 0.9213
vn -0.3306 -0.0786 0.9405
vn -0.3670 -0.0954 0.9253
vn -0.6958 0.0013 0.7182
vn -0.7949 -0.0135 0.6065
vn -0.9980 0.0536 -0.0333
vn -0.8699 -0.0285 -0.4924
vn -0.6534 -0.2119 -0.7267
vn -0.9751 0.0314 0.2196
vn -0.9707 -0.1642 0.1756
vn -0.9759 -0.0760 0.2046
vn -0.9225 0.2404 0.3021
vn -0.9406 0.2363 0.2437
vn -0.7868 0.4795 0.3887
vn -0.5116 0.5310 0.6755
vn -0.1887 0.4084 0.8931
vn -0.5116 0.5309 0.6756
vn -0.6388 0.5692 0.5177
vn -0.7174 0.4668 0.5172
vn -0.6576 0.5416 0.5236
vn -0.6055 0.6058 0.5161
vn -0.6118 0.6128 0.5002
vn -0.1347 0.9717 -0.1943
vn -0.2323 0.9294 -0.2869
vn -0.1541 0.9649 -0.2128
vn -0.0666 0.9894 -0.1291
vn 0.1231 0.9429 0.3093
vn 0.1311 0.9390 0.3179
vn 0.1239 0.9426 0.3102
vn 0.1156 0.9466 0.3011
vn -0.0012 -0.0952 0.9955
vn -0.0014 -0.0952 0.9955
vn -0.0006 -0.0696 0.9976
vn -0.0004 -0.0695 0.9976
vn -0.0010 0.0656 0.9978
vn -0.0010 0.0655 0.9979
vn -0.0013 0.3293 0.9442
vn -0.0011 0.3293 0.9442
vn 0.0003 0.5579 0.8299
vn 0.0002 0.5580 0.8298
vn -0.0030 0.3012 0.9536
vn -0.0035 0.2995 0.9541
vn 0.3185 -0.2978 0.8999
vn 0.0084 -0.2835 0.9589
vn -0.0451 -0.2733 0.9609
vn 0.3186 -0.2979 0.8999
vn -0.4519 -0.1668 0.8764
vn -0.0242 -0.2835 0.9587
vn -0.4598 -0.3332 0.8231
vn 0.0331 -0.2726 0.9615
vn 0.4270 -0.1707 0.8880
vn 0.2695 -0.0895 0.9588
vn 0.3076 -0.1409 0.9410
vn 0.2594 0.0263 0.9654
vn 0.2306 0.0583 0.9713
vn 0.2221 0.1633 0.9613
vn 0.2001 0.1890 0.9614
vn -0.5404 -0.1167 -0.8332
vn -0.0323 -0.2568 -0.9659
vn -0.2872 -0.2010 -0.9366
vn -0.3196 0.0252 -0.9472
vn -0.0000 0.0308 -0.9995
vn 0.0167 -0.1211 -0.9925
vn 0.0151 -0.2284 -0.9735
vn -0.0381 -0.1023 -0.9940
vn 0.2847 -0.2647 -0.9213
vn 0.2718 -0.1833 -0.9447
vn 0.3196 0.0252 -0.9472
vn 0.7794 -0.0598 -0.6237
vn 0.8702 -0.1695 -0.4626
vn 0.9996 -0.0208 -0.0198
vn 0.9980 0.0536 -0.0333
vn 0.7951 -0.0137 0.6064
vn 0.9789 0.0220 0.2031
vn 0.6953 0.0012 0.7187
vn 0.3678 -0.0950 0.9250
vn 0.3888 -0.0711 0.9186
vn 0.3338 -0.0772 0.9395
vn 0.4271 -0.0659 0.9018
vn 0.4016 0.0713 0.9130
vn 0.4048 0.0644 0.9121
vn 0.4008 0.3221 0.8577
vn 0.4476 0.2827 0.8484
vn 0.1628 0.5252 0.8352
vn 0.1512 0.5437 0.8255
vn 0.3697 0.3580 0.8574
vn 0.4666 0.1782 0.8663
vn 0.5774 -0.1317 0.8058
vn 0.6554 -0.1351 0.7431
vn 0.7680 0.2575 0.5864
vn 0.6555 -0.1352 0.7430
vn 0.7724 0.1198 0.6237
vn 0.3610 0.8297 0.4257
vn 0.2489 0.9663 0.0655
vn 0.1205 0.9926 0.0176
vn 0.0958 0.8502 0.5177
vn 0.1685 0.4672 0.8679
vn 0.2529 0.5547 0.7927
vn 0.5165 0.2349 0.8235
vn 0.6727 0.2993 0.6767
vn 0.8916 0.1390 0.4310
vn 0.9007 0.1801 0.3954
vn 0.9926 0.0083 0.1212
vn 0.9945 -0.1017 -0.0248
vn 0.9587 -0.1901 -0.2117
vn 0.8053 -0.1990 -0.5584
vn 0.6855 -0.1078 -0.7200
vn 0.4599 0.0141 -0.8878
vn 0.3122 0.1880 -0.9312
vn 0.2822 0.3534 -0.8919
vn 0.2695 0.7409 -0.6152
vn 0.2255 0.8079 -0.5445
vn 0.1205 0.9926 0.0175
vn 0.2489 0.9663 0.0654
vn 0.2442 0.7597 -0.6026
vn 0.2474 0.1976 -0.9486
vn 0.2269 -0.1115 -0.9675
vn -0.0315 0.0616 -0.9976
vn 0.6204 -0.0327 -0.7836
vn 0.6388 0.5692 0.5177
vn 0.6118 0.6128 0.5002
vn 0.6055 0.6058 0.5161
vn 0.5748 0.5382 0.6163
vn 0.7046 0.5094 0.4941
vn 0.4083 0.4983 0.7648
vn 0.1887 0.4084 0.8931
vn 0.9406 0.2363 0.2437
vn 0.9078 0.3286 0.2605
vn 0.9608 0.1338 0.2428
vn 0.9751 0.0315 0.2195
vn 0.9760 -0.0760 0.2042
vn 0.9707 -0.1643 0.1751
vn -0.6526 -0.5431 0.5285
vn -0.6166 -0.6488 0.4460
vn -0.7407 -0.6521 -0.1617
vn -0.8198 -0.5387 -0.1940
vn -0.5633 -0.7106 -0.4216
vn -0.5652 -0.7128 -0.4153
vn -0.6378 -0.5490 -0.5402
vn -0.9130 -0.3088 -0.2666
vn -0.7317 -0.3941 0.5561
vn -0.3741 -0.3664 0.8519
vn -0.1125 -0.5032 0.8568
vn -0.0000 -0.5179 0.8555
vn 0.6166 -0.6488 0.4460
vn 0.5768 -0.6636 0.4764
vn 0.7407 -0.6521 -0.1617
vn 0.7580 -0.5794 -0.2994
vn 0.5633 -0.7106 -0.4216
vn 0.5443 -0.7109 -0.4454
vn 0.4970 -0.5305 -0.6867
vn 0.3914 -0.5628 -0.7281
vn 0.3268 -0.4005 -0.8560
vn 0.3965 -0.3971 -0.8277
vn 0.6716 -0.2442 -0.6995
vn 0.7317 -0.3941 0.5561
vn 0.9035 -0.4235 0.0664
vn 0.9172 -0.3842 0.1052
vn 0.7274 -0.3711 0.5773
vn 0.3741 -0.3664 0.8519
vn 0.3822 -0.3769 0.8437
vn -0.3941 -0.3923 -0.8311
vn -0.4695 -0.3906 -0.7918
vn -0.4157 -0.5113 -0.7522
vn -0.3110 -0.3960 -0.8640
vn -0.3914 -0.5628 -0.7281
vn -0.3092 -0.6441 -0.6997
vt 0.868280 0.803600
vt 0.887690 0.803600
vt 0.880780 0.837640
vt 0.952660 0.836680
vt 0.938230 0.837640
vt 0.933780 0.802680
vt 0.977180 0.770030
vt 0.968740 0.770030
vt 0.974150 0.837640
vt 0.976310 0.758330
vt 0.985830 0.758330
vt 0.946150 0.758330
vt 0.943950 0.770030
vt 0.967720 0.758330
vt 0.934520 0.758330
vt 0.932070 0.770030
vt 0.850160 0.704990
vt 0.868690 0.711360
vt 0.880000 0.711360
vt 0.937160 0.711360
vt 0.972650 0.711360
vt 0.972650 0.688630
vt 0.937160 0.688630
vt 0.972650 0.725350
vt 0.972650 0.749020
vt 0.937160 0.749020
vt 0.937160 0.725350
vt 0.850200 0.778970
vt 0.852540 0.770030
vt 0.863160 0.770030
vt 0.848660 0.785720
vt 0.868690 0.725350
vt 0.868690 0.749020
vt 0.880000 0.688630
vt 0.901600 0.711360
vt 0.901600 0.749020
vt 0.901600 0.725350
vt 0.901600 0.688630
vt 0.868690 0.688630
vt 0.857380 0.688630
vt 0.865300 0.785760
vt 0.881500 0.758330
vt 0.906550 0.758330
vt 0.895350 0.770030
vt 0.902410 0.758330
vt 0.261910 0.585900
vt 0.285060 0.585900
vt 0.285060 0.560470
vt 0.267870 0.552000
vt 0.854930 0.794240
vt 0.892310 0.837640
vt 0.903710 0.837640
vt 0.868600 0.837640
vt 0.857050 0.837640
vt 0.930690 0.784090
vt 0.926040 0.774760
vt 0.865610 0.758330
vt 0.853960 0.758330
vt 0.956200 0.836670
vt 0.956170 0.835200
vt 0.962090 0.837640
vt 0.949290 0.837640
vt 0.880910 0.837660
vt 0.887820 0.803610
vt 0.868410 0.803610
vt 0.974310 0.837660
vt 0.968900 0.770030
vt 0.977340 0.770030
vt 0.976470 0.758320
vt 0.985990 0.758320
vt 0.967880 0.758320
vt 0.944100 0.770030
vt 0.946300 0.758320
vt 0.932220 0.770030
vt 0.972930 0.711290
vt 0.937430 0.711290
vt 0.972930 0.688550
vt 0.937430 0.688550
vt 0.937430 0.748950
vt 0.972930 0.748950
vt 0.972930 0.725280
vt 0.937430 0.725280
vt 0.863280 0.770030
vt 0.852650 0.770030
vt 0.850320 0.778970
vt 0.848780 0.785720
vt 0.880250 0.688550
vt 0.880250 0.711290
vt 0.868940 0.725280
vt 0.868940 0.748950
vt 0.901860 0.711290
vt 0.901860 0.725280
vt 0.901860 0.748950
vt 0.901860 0.688550
vt 0.868940 0.688550
vt 0.868940 0.711290
vt 0.865420 0.785770
vt 0.895480 0.770030
vt 0.897910 0.758320
vt 0.881630 0.758320
vt 0.906690 0.758320
vt 0.285010 0.560450
vt 0.285010 0.585930
vt 0.261810 0.585930
vt 0.267780 0.551960
vt 0.850400 0.693550
vt 0.855050 0.794250
vt 0.261810 0.560450
vt 0.279370 0.551960
vt 0.857630 0.711290
vt 0.933920 0.802680
vt 0.930840 0.784100
vt 0.949440 0.837660
vt 0.938380 0.837660
vt 0.962240 0.837660
vt 0.892450 0.837660
vt 0.903840 0.837660
vt 0.956290 0.836720
vt 0.857170 0.837660
vt 0.868730 0.837660
vt 0.865730 0.758320
vt 0.854080 0.758320
vt 0.850400 0.704920
vt 0.857630 0.688550
vt 0.956270 0.835250
vt 0.926190 0.774750
vt 0.934670 0.758320
vt 0.987610 0.837660
vt 0.062900 0.917090
vt 0.009010 0.917090
vt 0.009010 0.996620
vt 0.062900 0.996620
vt 0.009010 0.845680
vt 0.062900 0.845680
vt 0.123230 0.917090
vt 0.123230 0.996620
vt 0.289670 0.996620
vt 0.289670 0.917090
vt 0.289670 0.845680
vt 0.123230 0.845680
vt 0.289670 0.779990
vt 0.123230 0.779990
vt 0.123230 0.654100
vt 0.289670 0.654100
vt 0.062900 0.654100
vt 0.062900 0.779990
vt 0.009010 0.654090
vt 0.009010 0.779990
vt 0.009010 0.917200
vt 0.062900 0.917200
vt 0.123230 0.917200
vt 0.123230 0.845920
vt 0.289660 0.917200
vt 0.289660 0.996620
vt 0.289660 0.845920
vt 0.289660 0.778870
vt 0.123230 0.778870
vt 0.062900 0.845920
vt 0.062900 0.778870
vt 0.009010 0.778870
vt 0.009010 0.845920
vt 0.009010 0.654170
vt 0.062900 0.654170
vt 0.123230 0.654170
vt 0.289660 0.654170
vt 0.008950 0.216530
vt 0.063480 0.216530
vt 0.063480 0.113920
vt 0.008950 0.113450
vt 0.008950 0.038880
vt 0.063480 0.038880
vt 0.008950 0.024660
vt 0.063480 0.024660
vt 0.678500 0.038070
vt 0.678500 0.050390
vt 0.618170 0.050000
vt 0.616310 0.040360
vt 0.577240 0.063570
vt 0.577210 0.053550
vt 0.522410 0.069110
vt 0.521110 0.077970
vt 0.485790 0.077220
vt 0.486180 0.070110
vt 0.458900 0.070200
vt 0.458450 0.078030
vt 0.422580 0.077650
vt 0.423820 0.070300
vt 0.374280 0.071390
vt 0.374280 0.078960
vt 0.325960 0.077200
vt 0.324750 0.070300
vt 0.289670 0.070200
vt 0.290030 0.076610
vt 0.262750 0.076920
vt 0.262390 0.070110
vt 0.217150 0.069110
vt 0.218590 0.076740
vt 0.171320 0.063350
vt 0.171350 0.053550
vt 0.119380 0.040360
vt 0.118120 0.051830
vt 0.069960 0.038050
vt 0.069960 0.050680
vt 0.063480 0.010430
vt 0.008950 0.010430
vt 0.678500 0.059750
vt 0.618750 0.056590
vt 0.577260 0.070160
vt 0.519800 0.083300
vt 0.485400 0.082210
vt 0.457990 0.083740
vt 0.421340 0.082870
vt 0.374280 0.084400
vt 0.327180 0.081970
vt 0.374280 0.183350
vt 0.423220 0.183340
vt 0.478480 0.174620
vt 0.524030 0.170970
vt 0.584630 0.255630
vt 0.524060 0.283810
vt 0.501860 0.318820
vt 0.423840 0.292270
vt 0.374280 0.282390
vt 0.324720 0.292270
vt 0.246700 0.318820
vt 0.218310 0.288230
vt 0.217150 0.183330
vt 0.170110 0.259600
vt 0.111440 0.244030
vt 0.069960 0.242170
vt 0.108170 0.158790
vt 0.171290 0.069700
vt 0.220020 0.082240
vt 0.270090 0.174620
vt 0.325350 0.183340
vt 0.290400 0.080900
vt 0.263120 0.081620
vt 0.117570 0.060260
vt 0.069960 0.060390
vt 0.069960 0.127070
vt 0.639740 0.243780
vt 0.678500 0.242010
vt 0.637810 0.157650
vt 0.678500 0.126510
vt 0.689200 0.615140
vt 0.730760 0.615140
vt 0.689200 0.574860
vt 0.104470 0.589160
vt 0.117830 0.613530
vt 0.131220 0.589080
vt 0.860650 0.851240
vt 0.764710 0.851240
vt 0.764710 0.997540
vt 0.860650 0.997540
vt 0.990430 0.851240
vt 0.990430 0.997540
vt 0.348870 0.596940
vt 0.334690 0.596940
vt 0.320960 0.597410
vt 0.344330 0.587800
vt 0.320460 0.592000
vt 0.341580 0.571210
vt 0.374280 0.586200
vt 0.374280 0.596940
vt 0.399690 0.596940
vt 0.404230 0.587800
vt 0.406980 0.571210
vt 0.374280 0.566650
vt 0.334620 0.522770
vt 0.374280 0.525700
vt 0.419610 0.522770
vt 0.433030 0.523030
vt 0.438890 0.498140
vt 0.423650 0.492650
vt 0.448010 0.459020
vt 0.429030 0.448450
vt 0.374280 0.479590
vt 0.070470 0.600360
vt 0.069960 0.599690
vt 0.096800 0.583510
vt 0.080170 0.613190
vt 0.112990 0.613180
vt 0.420860 0.597410
vt 0.371830 0.596940
vt 0.010310 0.562030
vt 0.062190 0.561890
vt 0.063480 0.559550
vt 0.008950 0.559550
vt 0.408970 0.596940
vt 0.424100 0.590440
vt 0.427620 0.557120
vt 0.451550 0.548650
vt 0.452770 0.507260
vt 0.458490 0.483020
vt 0.481160 0.450200
vt 0.484450 0.414840
vt 0.504320 0.435940
vt 0.537090 0.359330
vt 0.548480 0.437800
vt 0.581080 0.359010
vt 0.589050 0.459940
vt 0.598330 0.445590
vt 0.619230 0.506900
vt 0.599110 0.497660
vt 0.634610 0.548510
vt 0.606780 0.540250
vt 0.637740 0.583940
vt 0.606720 0.567700
vt 0.606390 0.611120
vt 0.631870 0.613180
vt 0.647550 0.613180
vt 0.663730 0.584670
vt 0.658190 0.613180
vt 0.678500 0.613180
vt 0.678500 0.584500
vt 0.678500 0.524290
vt 0.658140 0.524850
vt 0.668360 0.459530
vt 0.678500 0.457100
vt 0.678500 0.404620
vt 0.666410 0.403700
vt 0.678500 0.345890
vt 0.666480 0.361380
vt 0.620120 0.358940
vt 0.625050 0.397360
vt 0.623430 0.449110
vt 0.449030 0.590700
vt 0.668340 0.613180
vt 0.678020 0.585840
vt 0.008950 0.318670
vt 0.063480 0.318670
vt 0.063480 0.378880
vt 0.008950 0.380010
vt 0.008950 0.451670
vt 0.063480 0.451670
vt 0.008950 0.521640
vt 0.063480 0.521640
vt 0.035110 0.609300
vt 0.049290 0.609300
vt 0.063480 0.609300
vt 0.022030 0.609300
vt 0.008950 0.609290
vt 0.428560 0.384690
vt 0.374280 0.388170
vt 0.374280 0.446840
vt 0.319530 0.448450
vt 0.320000 0.384690
vt 0.273450 0.415090
vt 0.223450 0.359330
vt 0.179450 0.359010
vt 0.132500 0.343710
vt 0.084090 0.339380
vt 0.069960 0.340190
vt 0.084090 0.401190
vt 0.069960 0.402590
vt 0.080220 0.460970
vt 0.069960 0.458490
vt 0.069960 0.524710
vt 0.096160 0.521500
vt 0.069960 0.613190
vt 0.090370 0.613190
vt 0.123040 0.581650
vt 0.122230 0.613180
vt 0.141150 0.606180
vt 0.141920 0.573180
vt 0.144210 0.549580
vt 0.122740 0.547430
vt 0.151040 0.507240
vt 0.127730 0.498500
vt 0.179430 0.443110
vt 0.154660 0.437370
vt 0.205810 0.436010
vt 0.243050 0.435940
vt 0.259110 0.438590
vt 0.295620 0.457190
vt 0.278940 0.464950
vt 0.306350 0.487870
vt 0.292470 0.512160
vt 0.313460 0.523030
vt 0.300930 0.548840
vt 0.316930 0.553630
vt 0.306180 0.586660
vt 0.330580 0.492650
vt 0.126140 0.446760
vt 0.135490 0.397360
vt 0.910860 0.537530
vt 0.910640 0.493830
vt 0.805430 0.493830
vt 0.805430 0.537530
vt 0.720110 0.511480
vt 0.689200 0.493830
vt 0.720130 0.574860
vt 0.805430 0.615140
vt 0.910740 0.615140
vt 0.993680 0.615140
vt 0.993680 0.537530
vt 0.993680 0.493830
vt 0.751540 0.615140
vt 0.750920 0.615140
s 1
usemtl material1
f 1/1/1 2/2/2 3/3/3
f 4/4/4 5/5/5 6/6/6
f 7/7/7 8/8/8 9/9/9
f 10/10/10 8/8/8 7/7/7
f 10/10/10 7/7/7 11/11/11
f 12/12/12 13/13/13 14/14/14
f 12/12/12 15/15/15 16/16/16
f 17/17/17 18/18/18 19/19/19
f 20/17/20 21/18/21 22/19/22
f 23/17/23 24/18/24 25/19/25
f 26/20/26 27/20/27 28/21/28
f 29/21/29 26/20/26 28/21/28
f 26/20/26 30/21/30 31/22/31
f 32/20/32 31/22/9 33/23/33
f 34/23/34 35/22/35 36/22/36
f 34/23/34 36/22/36 37/23/37
f 38/24/38 39/25/39 40/26/40
f 41/27/41 38/24/38 40/26/40
f 42/21/42 43/21/43 44/20/44
f 42/21/42 44/20/44 45/20/45
f 46/21/46 47/22/47 48/23/48
f 49/20/49 46/21/46 48/23/48
f 50/23/50 51/23/51 52/22/52
f 52/22/52 53/22/4 50/23/50
f 54/27/53 55/24/54 56/25/55
f 54/27/53 56/25/55 57/26/56
f 58/21/57 59/21/58 60/20/59
f 58/21/57 60/20/59 61/20/60
f 62/21/61 63/22/62 64/23/63
f 65/20/64 62/21/61 64/23/63
f 66/23/65 67/22/66 68/22/67
f 66/23/65 68/22/67 69/23/68
f 70/27/69 71/24/70 72/25/71
f 70/27/69 72/25/71 73/26/72
f 74/21/73 75/21/74 76/20/75
f 74/21/73 76/20/75 77/20/76
f 78/20/77 79/21/9 80/22/78
f 78/20/77 80/22/78 81/23/79
f 82/23/80 83/22/81 84/22/82
f 82/23/80 84/22/82 85/23/83
f 86/24/84 87/25/85 88/26/86
f 89/27/87 86/24/84 88/26/86
f 90/28/88 91/29/89 92/30/90
f 90/28/88 92/30/90 93/31/91
f 94/32/92 95/27/93 96/26/94
f 97/33/95 94/32/92 96/26/94
f 98/20/96 99/23/97 100/34/98
f 101/19/99 98/20/96 100/34/98
f 102/27/100 103/32/101 104/34/102
f 102/27/100 104/34/102 105/27/103
f 106/35/104 61/20/60 60/20/59
f 60/20/59 107/35/105 106/35/104
f 73/26/72 108/36/106 109/37/107
f 70/27/69 73/26/72 109/37/107
f 66/23/65 69/23/68 110/38/108
f 66/23/65 110/38/108 111/38/109
f 112/38/110 113/35/111 65/20/64
f 112/38/110 65/20/64 64/23/63
f 109/37/107 108/36/106 114/33/112
f 109/37/107 114/33/112 115/32/113
f 116/34/114 111/38/109 110/38/108
f 116/34/114 110/38/108 117/39/115
f 113/35/111 112/38/110 118/34/116
f 119/19/117 113/35/111 118/34/116
f 106/35/104 107/35/105 22/19/22
f 106/35/104 22/19/22 21/18/21
f 120/35/118 77/20/76 76/20/75
f 76/20/75 121/35/119 120/35/118
f 89/27/87 88/26/86 122/36/120
f 89/27/87 122/36/120 123/37/121
f 82/23/80 85/23/83 124/38/122
f 82/23/80 124/38/122 125/38/123
f 126/35/124 78/20/77 81/23/79
f 127/38/125 126/35/124 81/23/79
f 121/35/119 25/19/25 24/18/24
f 121/35/119 24/18/24 120/35/118
f 123/37/121 122/36/120 128/33/126
f 123/37/121 128/33/126 129/32/127
f 125/38/123 124/38/122 130/39/128
f 125/38/123 130/39/128 131/34/129
f 126/35/124 127/38/125 132/34/130
f 133/19/131 126/35/124 132/34/130
f 134/35/132 27/20/27 26/20/26
f 26/20/26 135/35/133 134/35/132
f 136/37/134 41/27/41 40/26/40
f 136/37/134 40/26/40 137/36/135
f 37/23/37 138/38/136 139/38/137
f 34/23/34 37/23/37 139/38/137
f 140/35/138 32/20/32 33/23/33
f 141/38/139 140/35/138 33/23/33
f 135/35/133 19/19/19 18/18/18
f 135/35/133 18/18/18 134/35/132
f 136/37/134 137/36/135 142/33/140
f 136/37/134 142/33/140 143/32/141
f 144/34/142 139/38/137 138/38/136
f 144/34/142 138/38/136 145/39/143
f 146/19/144 140/35/138 141/38/139
f 146/19/144 141/38/139 147/34/145
f 148/32/146 149/17/147 150/40/148
f 14/14/14 13/13/13 8/8/8
f 14/14/14 8/8/8 10/10/10
f 151/41/149 2/2/2 1/1/1
f 151/41/149 92/30/90 2/2/2
f 152/42/150 153/43/151 154/44/152
f 92/30/90 152/42/150 154/44/152
f 155/7/153 156/44/154 157/45/155
f 155/7/153 157/45/155 158/11/156
f 159/46/144 160/47/157 161/48/158
f 159/46/144 161/48/158 162/49/159
f 163/46/160 164/47/130 165/48/161
f 163/46/160 165/48/161 166/49/162
f 167/49/163 168/46/117 169/47/164
f 169/47/164 170/48/165 167/49/163
f 171/19/166 172/18/167 173/20/168
f 171/19/166 173/20/168 174/20/169
f 1/1/1 175/50/170 151/41/149
f 176/17/171 177/18/172 178/19/173
f 179/49/174 180/46/175 181/47/176
f 182/48/177 179/49/174 181/47/176
f 45/20/45 44/20/44 183/35/178
f 45/20/45 183/35/178 184/35/179
f 54/27/53 57/26/56 185/36/180
f 54/27/53 185/36/180 186/37/181
f 51/23/51 50/23/50 187/38/182
f 51/23/51 187/38/182 188/38/183
f 49/20/49 48/23/48 189/38/184
f 190/35/185 49/20/49 189/38/184
f 184/35/179 183/35/178 178/19/173
f 184/35/179 178/19/173 177/18/172
f 186/37/181 185/36/180 191/33/186
f 186/37/181 191/33/186 192/32/187
f 187/38/182 193/39/188 194/34/189
f 188/38/183 187/38/182 194/34/189
f 190/35/185 189/38/184 195/34/176
f 196/19/190 190/35/185 195/34/176
f 197/32/191 198/17/192 199/40/193
f 129/32/127 200/17/194 201/40/195
f 143/32/141 202/17/196 203/40/197
f 204/17/198 205/32/199 206/18/200
f 98/20/96 207/21/201 208/22/202
f 98/20/96 208/22/202 99/23/97
f 105/27/103 209/24/203 210/24/91
f 105/27/103 210/24/91 102/27/100
f 95/27/204 211/24/205 212/25/170
f 95/27/93 213/25/206 96/26/94
f 214/21/207 174/20/169 173/20/168
f 214/21/207 173/20/168 215/21/208
f 216/31/209 217/30/210 151/41/149
f 216/31/209 151/41/149 175/50/170
f 104/34/102 103/32/101 218/40/211
f 219/49/212 220/46/99 221/47/98
f 222/48/213 219/49/212 221/47/98
f 223/17/214 172/18/167 171/19/166
f 224/4/215 7/7/7 9/9/9
f 3/3/3 2/2/2 225/51/38
f 225/51/38 2/2/2 226/52/39
f 227/53/216 228/54/217 1/1/1
f 6/6/6 5/5/5 13/13/13
f 229/55/218 16/16/16 230/56/202
f 231/57/219 92/30/90 91/29/89
f 231/57/220 232/29/16 233/58/221
s 0
f 234/6/222 235/59/222 236/60/222
s 1
f 144/34/142 145/39/143 237/40/223
f 131/34/129 130/39/128 238/40/224
f 116/34/114 117/39/115 239/40/225
f 194/34/189 193/39/188 240/40/226
f 13/13/13 229/55/218 6/6/6
f 1/1/1 3/3/3 227/53/216
f 152/42/150 92/30/90 231/57/219
f 1/1/1 241/4/217 175/50/170
f 242/50/227 4/4/4 6/6/6
f 13/13/13 12/12/12 16/16/16
f 243/40/228 205/32/199 204/17/198
f 244/33/229 149/17/147 148/32/146
f 245/33/230 198/17/192 197/32/191
f 128/33/126 200/17/194 129/32/127
f 142/33/140 202/17/196 143/32/141
f 8/8/8 13/13/13 246/61/61
f 247/62/231 246/61/61 13/13/13
f 8/8/8 246/61/61 9/9/9
f 248/52/232 156/44/154 155/7/153
f 248/52/232 155/7/153 249/4/29
f 250/5/233 247/62/231 13/13/13
f 13/13/13 16/16/16 229/55/218
f 2/2/2 154/44/152 226/52/39
f 92/30/90 154/44/152 2/2/2
f 251/63/234 252/64/235 253/65/236
f 254/66/237 255/67/238 256/68/239
f 256/68/239 255/67/238 257/69/240
f 258/70/241 256/68/239 257/69/240
f 259/71/242 260/72/243 261/73/244
f 260/72/243 262/74/245 261/73/244
f 263/75/246 264/76/247 265/76/248
f 263/75/246 265/76/248 266/75/249
f 267/77/250 268/75/251 265/76/248
f 269/78/252 267/77/237 270/76/253
f 271/77/254 272/77/255 273/78/256
f 274/78/257 271/77/254 273/78/256
f 275/79/258 276/80/259 277/81/260
f 275/79/258 277/81/260 278/82/261
f 279/76/262 280/75/263 281/75/264
f 282/76/265 279/76/262 281/75/264
f 283/78/266 284/77/267 285/75/268
f 283/78/266 285/75/268 286/76/269
f 287/77/270 288/78/271 289/78/272
f 289/78/272 290/77/273 287/77/270
f 291/80/274 292/81/275 293/82/276
f 294/79/277 291/80/274 293/82/276
f 295/76/278 296/75/279 297/75/280
f 298/76/281 295/76/278 297/75/280
f 299/78/282 300/77/268 301/75/283
f 299/78/282 301/75/283 302/76/284
f 303/77/285 304/77/286 305/78/287
f 306/78/288 303/77/285 305/78/287
f 307/80/289 308/81/290 309/82/291
f 310/79/292 307/80/289 309/82/291
f 311/76/293 312/75/294 313/75/295
f 314/76/296 311/76/293 313/75/295
f 315/77/283 316/75/237 317/76/297
f 318/78/298 315/77/283 317/76/297
f 319/77/299 320/77/300 321/78/301
f 322/78/302 319/77/299 321/78/301
f 323/79/303 324/80/304 325/81/305
f 323/79/303 325/81/305 326/82/306
f 327/83/307 328/84/308 329/85/309
f 330/86/310 327/83/307 329/85/309
f 331/87/311 332/78/312 333/76/313
f 331/87/311 333/76/313 334/88/314
f 335/79/315 336/82/316 337/89/317
f 335/79/315 337/89/317 338/90/318
f 295/76/278 298/76/281 339/91/319
f 339/91/319 340/91/320 295/76/278
f 341/92/321 342/93/322 310/79/292
f 341/92/321 310/79/292 309/82/291
f 343/94/323 306/78/288 305/78/287
f 344/94/324 343/94/323 305/78/287
f 302/76/284 345/91/325 346/94/326
f 299/78/282 302/76/284 346/94/326
f 347/90/327 342/93/322 341/92/321
f 348/89/328 347/90/327 341/92/321
f 343/94/323 344/94/324 349/87/329
f 350/95/330 343/94/323 349/87/329
f 351/87/331 346/94/326 345/91/325
f 351/87/331 345/91/325 352/88/332
f 353/88/333 340/91/320 339/91/319
f 354/96/334 353/88/333 339/91/319
f 311/76/293 314/76/296 355/91/335
f 355/91/335 356/91/336 311/76/293
f 357/93/337 323/79/303 326/82/306
f 358/92/338 357/93/337 326/82/306
f 359/94/339 322/78/302 321/78/301
f 360/94/340 359/94/339 321/78/301
f 318/78/298 317/76/297 361/91/341
f 318/78/298 361/91/341 362/94/342
f 363/96/343 364/88/344 356/91/336
f 355/91/335 363/96/343 356/91/336
f 365/90/345 357/93/337 358/92/338
f 366/89/346 365/90/345 358/92/338
f 367/95/347 359/94/339 360/94/340
f 368/87/348 367/95/347 360/94/340
f 369/87/349 362/94/342 361/91/341
f 369/87/349 361/91/341 370/88/350
f 265/76/248 264/76/247 371/91/351
f 371/91/351 372/91/352 265/76/248
f 275/79/258 278/82/261 373/92/353
f 374/93/354 275/79/258 373/92/353
f 375/94/355 376/94/356 274/78/257
f 375/94/355 274/78/257 273/78/256
f 269/78/252 270/76/253 377/91/357
f 269/78/252 377/91/357 378/94/358
f 379/96/359 380/88/360 372/91/352
f 371/91/351 379/96/359 372/91/352
f 381/90/361 374/93/354 373/92/353
f 382/89/362 381/90/361 373/92/353
f 376/94/356 375/94/355 383/87/363
f 384/95/364 376/94/356 383/87/363
f 378/94/358 377/91/357 385/88/365
f 386/87/366 378/94/358 385/88/365
f 255/67/238 260/72/243 259/71/242
f 257/69/240 255/67/238 259/71/242
f 253/65/236 252/64/235 387/97/367
f 387/97/367 252/64/235 327/83/307
f 388/98/368 389/99/369 390/100/370
f 391/99/371 392/98/372 393/68/373
f 391/99/371 393/68/373 394/101/374
f 395/102/375 396/103/366 397/104/376
f 398/105/377 395/102/375 397/104/376
f 399/102/378 400/103/349 401/104/350
f 402/105/379 399/102/378 401/104/350
f 403/103/380 404/104/332 405/105/381
f 405/105/381 406/102/382 403/103/380
f 407/89/383 408/106/384 409/90/385
f 387/97/367 410/107/386 253/65/236
f 411/103/387 412/104/388 413/105/389
f 411/103/387 413/105/389 414/102/390
f 415/91/391 279/76/262 282/76/265
f 416/91/392 415/91/391 282/76/265
f 417/93/393 294/79/277 293/82/276
f 418/92/394 417/93/393 293/82/276
f 419/94/395 289/78/272 288/78/271
f 420/94/396 419/94/395 288/78/271
f 421/94/397 283/78/266 286/76/269
f 421/94/397 286/76/269 422/91/398
f 423/88/399 415/91/391 416/91/392
f 424/96/400 423/88/399 416/91/392
f 425/90/401 417/93/393 418/92/394
f 426/89/402 425/90/401 418/92/394
f 427/87/403 428/95/404 419/94/395
f 427/87/403 419/94/395 420/94/396
f 429/87/387 421/94/397 422/91/398
f 429/87/387 422/91/398 430/88/405
f 431/77/406 432/75/407 333/76/313
f 431/77/406 333/76/313 332/78/312
f 433/81/408 434/81/409 435/82/410
f 436/82/411 433/81/408 435/82/410
f 437/80/386 438/81/412 336/82/413
f 335/79/315 439/80/414 336/82/316
f 440/76/415 441/76/416 442/75/417
f 443/75/418 440/76/415 442/75/417
f 387/97/367 444/83/419 445/86/412
f 410/107/386 387/97/367 445/86/412
f 446/87/420 447/89/421 436/82/411
f 446/87/420 436/82/411 448/78/410
f 449/103/311 450/104/314 451/108/422
f 449/103/311 451/108/422 452/109/423
f 453/88/424 454/96/425 455/110/426
f 456/111/427 457/112/428 260/72/243
f 260/72/243 458/113/429 459/114/430
f 254/66/237 460/115/431 255/67/238
f 461/116/260 252/64/235 251/63/234
f 462/117/259 252/64/235 461/116/260
f 456/111/432 463/118/270 464/119/273
f 253/65/236 465/119/275 466/120/290
f 328/84/308 327/83/307 467/121/433
f 468/122/434 328/84/308 467/121/433
f 441/76/416 440/76/415 454/96/425
f 454/96/425 453/88/424 441/76/416
f 469/95/435 470/123/436 471/90/437
f 472/95/438 473/123/439 474/90/440
f 475/95/346 476/123/441 365/90/442
f 477/95/443 478/123/444 381/90/361
f 380/88/360 379/96/359 479/123/445
f 480/124/446 384/95/364 383/87/363
f 364/88/344 363/96/343 481/123/447
f 482/124/448 367/95/347 368/87/348
f 353/88/333 354/96/334 483/123/449
f 423/88/399 424/96/400 484/123/450
f 485/124/451 350/95/330 349/87/329
f 486/124/452 428/95/404 427/87/403
f 466/120/290 251/63/234 253/65/236
f 388/98/368 390/100/370 327/83/307
f 467/121/433 327/83/307 390/100/370
f 253/65/236 487/125/453 465/119/275
s 0
f 488/112/454 489/111/454 490/125/454
s 1
f 491/125/455 456/111/432 464/119/273
f 252/64/235 388/98/368 327/83/307
f 492/126/406 262/74/245 457/112/428
f 262/74/245 493/127/434 261/73/244
f 494/106/456 447/89/421 446/87/420
f 409/90/385 408/106/384 495/110/457
f 496/124/458 470/123/436 469/95/435
f 497/124/459 473/123/439 472/95/438
f 498/124/460 476/123/441 475/95/346
f 499/124/461 478/123/444 477/95/443
f 456/111/427 260/72/243 459/114/430
f 458/113/429 260/72/243 460/115/431
f 260/72/243 255/67/238 460/115/431
f 254/66/237 256/68/239 500/128/462
f 457/112/428 262/74/245 260/72/243
f 501/118/463 502/128/464 393/68/373
f 393/68/373 392/98/372 501/118/463
f 503/118/259 388/98/368 252/64/235
f 504/129/465 505/130/466 506/131/467
f 507/132/468 504/129/465 506/131/467
f 508/130/469 507/132/468 506/131/467
f 509/129/470 507/132/468 508/130/469
f 510/133/471 509/129/470 508/130/469
f 511/134/472 509/129/470 510/133/471
f 512/135/473 509/129/470 511/134/472
f 507/132/468 509/129/470 512/135/473
f 513/136/474 507/132/468 512/135/473
f 504/129/465 507/132/468 513/136/474
f 514/135/475 504/129/465 513/136/474
f 515/137/476 514/135/475 513/136/474
f 516/138/477 514/135/475 515/137/476
f 517/138/478 518/137/479 519/136/480
f 520/135/481 517/138/478 519/136/480
f 521/139/482 517/138/478 520/135/481
f 522/140/483 521/139/482 520/135/481
f 523/141/484 521/139/482 522/140/483
f 524/142/485 523/141/484 522/140/483
f 525/143/486 523/141/484 524/142/485
f 526/144/486 523/141/484 525/143/486
f 527/145/487 528/143/488 529/142/489
f 530/146/490 527/145/487 529/142/489
f 531/147/491 527/145/487 530/146/490
f 532/148/492 531/147/491 530/146/490
f 533/133/493 532/148/492 530/146/490
f 534/134/494 533/133/493 530/146/490
f 535/140/495 534/134/494 530/146/490
f 536/135/496 534/134/494 535/140/495
s 0
f 537/146/497 538/142/497 539/140/497
s 1
f 540/149/498 541/131/499 542/132/500
f 543/150/501 540/149/498 542/132/500
f 544/136/502 543/150/501 542/132/500
f 545/151/503 543/150/501 544/136/502
f 546/152/504 543/150/501 545/151/503
f 547/153/505 546/152/504 545/151/503
f 544/136/502 547/153/505 545/151/503
f 548/154/506 547/153/505 544/136/502
f 549/152/507 550/153/508 551/155/509
f 552/156/510 549/152/507 551/155/509
f 553/157/511 549/152/507 552/156/510
f 554/158/512 549/152/507 553/157/511
f 555/159/513 554/158/512 553/157/511
f 556/160/514 554/158/512 555/159/513
f 557/161/515 554/158/512 556/160/514
f 558/149/516 554/158/512 557/161/515
f 559/150/517 554/158/512 558/149/516
f 549/152/507 554/158/512 559/150/517
f 560/132/518 561/131/519 562/149/520
f 563/150/521 560/132/518 562/149/520
f 564/136/522 560/132/518 563/150/521
f 565/151/523 564/136/522 563/150/521
f 566/153/524 564/136/522 565/151/523
f 567/154/525 564/136/522 566/153/524
f 568/146/526 569/148/527 570/133/528
f 571/134/529 568/146/526 570/133/528
f 572/140/530 568/146/526 571/134/529
f 573/142/531 568/146/526 572/140/530
f 574/141/532 573/142/531 572/140/530
f 575/139/533 574/141/532 572/140/530
f 576/135/534 575/139/533 572/140/530
f 577/138/535 575/139/533 576/135/534
f 578/136/536 577/138/535 576/135/534
f 579/137/537 577/138/535 578/136/536
f 580/135/538 579/137/537 578/136/536
f 581/138/539 579/137/537 580/135/538
f 582/129/540 583/135/541 584/136/542
f 585/132/543 582/129/540 584/136/542
f 586/130/544 582/129/540 585/132/543
f 587/131/545 586/130/544 585/132/543
f 588/130/546 587/131/545 585/132/543
f 589/129/547 588/130/546 585/132/543
f 590/133/548 588/130/546 589/129/547
f 591/134/549 590/133/548 589/129/547
f 592/135/550 591/134/549 589/129/547
f 593/140/551 591/134/549 592/135/550
f 594/136/552 595/135/553 596/129/554
f 597/132/555 594/136/552 596/129/554
f 598/160/556 599/162/557 600/163/557
f 601/159/558 598/160/556 600/163/557
f 602/161/559 598/160/556 601/159/558
f 603/158/560 602/161/559 601/159/558
f 604/149/561 602/161/559 603/158/560
f 605/150/562 604/149/561 603/158/560
f 606/152/563 605/150/562 603/158/560
f 607/151/564 605/150/562 606/152/563
f 608/153/565 607/151/564 606/152/563
f 609/155/566 608/153/565 606/152/563
f 610/156/567 609/155/566 606/152/563
f 611/157/568 610/156/567 606/152/563
f 603/158/560 611/157/568 606/152/563
f 601/159/558 611/157/568 603/158/560
f 612/164/557 611/157/568 601/159/558
f 600/163/557 612/164/557 601/159/558
s 0
f 613/157/569 614/164/569 615/165/569
f 616/156/570 613/157/570 615/165/570
s 1
f 617/166/571 618/166/572 619/167/573
f 620/167/574 617/166/571 619/167/573
f 621/168/575 617/166/571 620/167/574
f 622/169/576 617/166/571 621/168/575
f 623/170/577 622/169/576 621/168/575
f 624/171/578 623/170/577 621/168/575
f 625/172/579 623/170/577 624/171/578
f 626/173/580 625/172/579 624/171/578
f 627/174/581 628/175/582 629/176/583
f 630/177/584 627/174/581 629/176/583
f 631/178/585 630/177/584 629/176/583
f 632/179/586 630/177/584 631/178/585
f 633/180/587 632/179/586 631/178/585
f 634/181/588 633/180/587 631/178/585
f 635/182/589 633/180/587 634/181/588
f 636/183/590 633/180/587 635/182/589
f 637/184/591 636/183/590 635/182/589
f 638/185/592 637/184/591 635/182/589
f 639/186/593 637/184/591 638/185/592
f 640/187/594 637/184/591 639/186/593
f 641/188/595 640/187/594 639/186/593
f 642/189/596 641/188/595 639/186/593
f 643/190/597 641/188/595 642/189/596
f 644/191/598 641/188/595 643/190/597
f 645/192/599 644/191/598 643/190/597
f 646/193/600 645/192/599 643/190/597
f 647/194/601 645/192/599 646/193/600
f 648/195/602 645/192/599 647/194/601
f 649/196/603 648/195/602 647/194/601
f 650/197/604 649/196/603 647/194/601
f 651/198/605 649/196/603 650/197/604
f 652/199/606 649/196/603 651/198/605
f 653/200/607 652/199/606 651/198/605
f 654/201/608 653/200/607 651/198/605
f 655/202/609 653/200/607 654/201/608
f 656/203/610 655/202/609 654/201/608
f 657/172/611 658/173/612 659/204/613
f 660/205/614 657/172/611 659/204/613
f 661/176/615 662/175/616 663/206/617
f 664/207/618 661/176/615 663/206/617
f 665/178/619 661/176/615 664/207/618
f 666/208/620 665/178/619 664/207/618
f 667/209/621 665/178/619 666/208/620
f 668/181/622 665/178/619 667/209/621
f 669/182/623 668/181/622 667/209/621
f 670/210/624 669/182/623 667/209/621
f 671/211/625 669/182/623 670/210/624
f 672/185/626 669/182/623 671/211/625
f 673/186/627 672/185/626 671/211/625
f 674/212/628 673/186/627 671/211/625
f 675/213/629 673/186/627 674/212/628
f 676/189/630 673/186/627 675/213/629
f 677/190/631 676/189/630 675/213/629
f 678/214/632 677/190/631 675/213/629
f 679/215/633 678/214/632 675/213/629
f 674/212/628 679/215/633 675/213/629
f 680/216/634 679/215/633 674/212/628
f 671/211/625 680/216/634 674/212/628
f 681/217/635 680/216/634 671/211/625
f 670/210/624 681/217/635 671/211/625
f 667/209/621 681/217/635 670/210/624
f 682/218/636 681/217/635 667/209/621
f 666/208/620 682/218/636 667/209/621
f 683/219/637 682/218/636 666/208/620
f 684/220/638 682/218/636 683/219/637
f 685/220/639 684/220/638 683/219/637
f 686/221/640 684/220/638 685/220/639
f 687/221/641 686/221/640 685/220/639
f 688/222/642 686/221/640 687/221/641
f 689/222/643 688/222/642 687/221/641
f 690/223/644 688/222/642 689/222/643
f 691/223/645 688/222/642 690/223/644
f 692/224/646 691/223/645 690/223/644
f 693/224/647 692/224/646 690/223/644
f 694/225/648 692/224/646 693/224/647
f 695/225/649 692/224/646 694/225/648
f 696/226/650 695/225/649 694/225/648
f 697/226/651 695/225/649 696/226/650
f 698/227/652 695/225/649 697/226/651
f 699/228/653 698/227/652 697/226/651
f 696/226/650 699/228/653 697/226/651
f 700/228/654 699/228/653 696/226/650
f 701/229/655 699/228/653 700/228/654
f 702/229/656 701/229/655 700/228/654
f 703/230/657 701/229/655 702/229/656
f 704/230/658 701/229/655 703/230/657
f 705/231/659 701/229/655 704/230/658
f 699/228/653 701/229/655 705/231/659
f 706/232/660 699/228/653 705/231/659
f 698/227/652 699/228/653 706/232/660
f 707/233/661 698/227/652 706/232/660
f 708/234/662 698/227/652 707/233/661
f 695/225/649 698/227/652 708/234/662
f 709/235/663 695/225/649 708/234/662
f 692/224/646 695/225/649 709/235/663
f 679/215/633 692/224/646 709/235/663
f 691/223/645 692/224/646 679/215/633
f 688/222/642 691/223/645 679/215/633
f 680/216/634 688/222/642 679/215/633
f 686/221/640 688/222/642 680/216/634
f 681/217/635 686/221/640 680/216/634
f 682/218/636 686/221/640 681/217/635
f 684/220/638 686/221/640 682/218/636
f 710/214/664 711/215/665 712/235/666
f 713/236/667 710/214/664 712/235/666
f 714/190/668 710/214/664 713/236/667
f 715/193/669 714/190/668 713/236/667
f 716/194/670 715/193/669 713/236/667
f 717/237/671 716/194/670 713/236/667
f 718/233/672 716/194/670 717/237/671
f 719/197/673 716/194/670 718/233/672
f 720/198/674 719/197/673 718/233/672
f 721/232/675 720/198/674 718/233/672
f 722/238/676 720/198/674 721/232/675
f 723/201/677 720/198/674 722/238/676
f 724/239/678 723/201/677 722/238/676
f 725/203/679 723/201/677 724/239/678
f 726/238/680 727/232/681 728/231/682
f 729/239/683 726/238/680 728/231/682
f 730/240/684 729/239/683 728/231/682
f 731/230/685 730/240/684 728/231/682
f 732/234/686 733/233/687 734/237/688
f 735/236/689 732/234/686 734/237/688
f 736/235/690 732/234/686 735/236/689
f 737/219/691 738/220/692 739/219/693
f 740/241/694 737/219/691 739/219/693
f 741/241/695 737/219/691 740/241/694
f 742/242/696 741/241/695 740/241/694
f 743/242/697 742/242/696 740/241/694
f 744/243/698 743/242/697 740/241/694
f 745/244/699 743/242/697 744/243/698
f 746/206/700 745/244/699 744/243/698
f 747/207/701 746/206/700 744/243/698
f 748/208/702 747/207/701 744/243/698
f 739/219/693 748/208/702 744/243/698
f 740/241/694 739/219/693 744/243/698
s 0
f 749/245/703 750/246/703 751/247/703
f 752/248/704 753/249/704 754/250/704
f 755/245/705 756/247/705 757/246/705
s 1
f 758/251/706 759/252/707 760/253/708
f 761/254/709 758/251/706 760/253/708
f 762/255/710 758/251/706 761/254/709
f 763/256/711 762/255/710 761/254/709
f 764/257/712 765/258/713 766/259/714
f 767/260/715 764/257/712 766/259/714
f 768/261/716 767/260/715 766/259/714
f 769/262/717 767/260/715 768/261/716
f 770/263/718 771/260/719 769/262/717
f 772/257/720 771/260/719 770/263/718
f 773/264/721 772/257/720 770/263/718
f 774/265/722 773/264/721 770/263/718
f 775/266/723 774/265/722 770/263/718
f 776/267/724 775/266/723 770/263/718
f 777/268/725 776/267/724 770/263/718
f 769/262/717 777/268/725 770/263/718
f 778/269/726 777/268/725 769/262/717
f 779/270/727 777/268/725 778/269/726
f 780/271/728 777/268/725 779/270/727
f 776/267/724 777/268/725 780/271/728
f 781/272/729 776/267/724 780/271/728
f 782/273/730 781/272/729 780/271/728
f 783/274/731 782/273/730 780/271/728
f 784/275/732 782/273/730 783/274/731
f 785/276/733 784/275/732 783/274/731
f 786/277/734 785/276/733 783/274/731
f 779/270/727 786/277/734 783/274/731
f 780/271/728 779/270/727 783/274/731
f 787/278/735 788/279/735 789/280/736
f 790/281/737 787/278/735 789/280/736
f 791/282/738 790/281/737 789/280/736
f 792/266/739 793/283/740 794/284/741
f 795/263/742 792/266/739 794/284/741
f 796/260/743 795/263/742 794/284/741
f 797/259/744 796/260/743 794/284/741
s 0
f 798/285/745 799/286/745 800/287/745
f 801/288/704 798/285/704 800/287/704
s 1
f 802/283/746 803/289/747 804/265/748
f 805/266/749 802/283/746 804/265/748
f 806/290/750 802/283/746 805/266/749
f 807/267/751 806/290/750 805/266/749
f 808/291/752 806/290/750 807/267/751
f 809/272/753 808/291/752 807/267/751
f 810/292/754 808/291/752 809/272/753
f 811/293/755 810/292/754 809/272/753
f 812/273/756 811/293/755 809/272/753
f 813/294/757 811/293/755 812/273/756
f 814/275/758 813/294/757 812/273/756
f 815/295/759 813/294/757 814/275/758
f 816/296/760 815/295/759 814/275/758
f 817/297/761 815/295/759 816/296/760
f 818/298/762 817/297/761 816/296/760
f 819/299/763 817/297/761 818/298/762
f 820/300/764 819/299/763 818/298/762
f 821/301/765 819/299/763 820/300/764
f 822/302/766 821/301/765 820/300/764
f 823/303/767 821/301/765 822/302/766
f 824/304/768 821/301/765 823/303/767
f 825/305/769 824/304/768 823/303/767
f 826/306/770 824/304/768 825/305/769
f 827/307/771 826/306/770 825/305/769
f 828/308/772 826/306/770 827/307/771
f 829/309/773 828/308/772 827/307/771
f 830/310/774 829/309/773 827/307/771
f 831/311/746 830/310/774 827/307/771
f 832/312/775 831/311/746 827/307/771
f 833/313/776 831/311/746 832/312/775
f 834/314/777 835/313/778 832/312/779
f 836/315/780 834/314/777 832/312/779
f 837/316/781 836/315/780 832/312/779
f 838/317/782 837/316/781 832/312/779
f 839/318/783 837/316/781 838/317/782
f 840/319/784 837/316/781 839/318/783
f 841/320/785 840/319/784 839/318/783
f 842/321/786 841/320/785 839/318/783
f 843/322/787 841/320/785 842/321/786
f 844/323/788 843/322/787 842/321/786
f 845/242/789 843/322/787 844/323/788
f 846/241/790 845/242/789 844/323/788
f 847/324/791 846/241/790 844/323/788
f 848/219/792 846/241/790 847/324/791
f 820/300/764 848/219/792 847/324/791
f 818/298/762 848/219/792 820/300/764
f 849/220/793 848/219/792 818/298/762
f 850/221/794 849/220/793 818/298/762
f 816/296/760 850/221/794 818/298/762
f 851/276/795 850/221/794 816/296/760
f 814/275/758 851/276/795 816/296/760
f 852/300/796 853/324/797 854/325/798
f 855/326/799 852/300/796 854/325/798
f 856/302/800 852/300/796 855/326/799
f 857/303/801 856/302/800 855/326/799
f 858/317/802 857/303/801 855/326/799
f 859/318/803 858/317/804 860/326/803
f 861/305/805 862/303/806 863/317/807
f 864/312/808 861/305/805 863/317/807
f 865/307/809 861/305/805 864/312/808
f 866/291/810 867/292/811 868/327/812
f 869/290/813 866/291/810 868/327/812
f 870/328/814 871/311/815 872/312/816
f 873/329/817 870/328/814 872/312/816
f 874/315/817 873/329/817 872/312/816
f 875/167/818 876/166/819 877/330/820
f 878/331/821 875/167/818 877/330/820
f 879/332/822 878/331/821 877/330/820
f 880/333/823 879/332/822 877/330/820
f 881/334/824 879/332/822 880/333/823
f 882/335/825 879/332/822 881/334/824
f 883/336/826 882/335/825 881/334/824
f 884/337/827 882/335/825 883/336/826
f 885/288/828 884/337/827 883/336/826
f 886/287/829 884/337/827 885/288/828
f 887/338/830 886/287/829 885/288/828
f 888/339/831 889/287/832 887/338/833
f 890/340/834 889/287/832 888/339/831
f 891/341/835 892/338/836 893/288/837
f 894/342/838 891/341/835 893/288/837
f 895/253/839 896/252/840 897/251/841
f 898/254/842 895/253/839 897/251/841
f 899/255/843 898/254/842 897/251/841
f 900/256/844 898/254/842 899/255/843
f 901/221/845 902/276/846 903/343/847
f 904/222/848 901/221/845 903/343/847
f 905/223/849 904/222/848 903/343/847
f 906/344/850 905/223/849 903/343/847
f 902/276/846 906/344/850 903/343/847
f 907/345/851 906/344/850 902/276/846
f 908/277/852 907/345/851 902/276/846
f 909/346/853 907/345/851 908/277/852
f 910/347/854 907/345/851 909/346/853
f 906/344/850 907/345/851 910/347/854
f 905/223/849 906/344/850 910/347/854
f 911/224/855 905/223/849 910/347/854
f 912/225/856 911/224/855 910/347/854
f 909/346/853 912/225/856 910/347/854
f 913/348/857 912/225/856 909/346/853
f 914/349/858 912/225/856 913/348/857
f 915/226/859 912/225/856 914/349/858
f 916/228/860 915/226/859 914/349/858
f 917/350/861 916/228/860 914/349/858
f 918/351/862 916/228/860 917/350/861
f 919/229/863 916/228/860 918/351/862
f 920/352/864 919/229/863 918/351/862
f 921/230/865 919/229/863 920/352/864
f 922/353/866 921/230/865 920/352/864
f 923/354/867 922/353/866 920/352/864
f 924/355/868 922/353/866 923/354/867
f 925/356/869 924/355/868 923/354/867
f 926/357/870 924/355/868 925/356/869
f 927/358/871 926/357/870 925/356/869
f 928/359/872 927/358/871 925/356/869
f 929/279/873 927/358/871 928/359/872
f 930/280/874 929/279/873 928/359/872
f 931/360/875 929/279/873 930/280/874
f 932/361/876 931/360/875 930/280/874
f 933/282/877 932/361/878 934/280/879
f 935/362/880 933/282/877 934/280/879
f 936/363/881 933/282/877 935/362/880
f 937/364/882 936/363/881 935/362/880
f 938/365/883 937/364/882 935/362/880
f 939/366/884 938/365/883 935/362/880
f 940/367/885 939/366/884 935/362/880
f 941/368/886 939/366/884 940/367/885
f 942/369/887 941/368/886 940/367/885
f 943/370/888 941/368/886 942/369/887
f 944/371/889 943/370/888 942/369/887
f 917/350/861 943/370/888 944/371/889
f 945/372/890 943/370/888 917/350/861
f 914/349/858 945/372/890 917/350/861
f 946/373/891 945/372/890 914/349/858
f 913/348/857 946/373/891 914/349/858
f 947/374/892 946/373/891 913/348/857
f 948/375/893 947/374/892 913/348/857
f 949/376/894 947/374/892 948/375/893
f 950/377/895 949/376/894 948/375/893
f 951/378/896 949/376/894 950/377/895
f 952/379/897 951/378/896 950/377/895
f 953/380/898 951/378/896 952/379/897
f 954/381/899 953/380/898 952/379/897
f 955/382/900 953/380/898 954/381/899
f 956/261/901 955/382/900 954/381/899
f 957/262/902 956/261/901 954/381/899
f 952/379/897 957/262/902 954/381/899
f 958/269/903 957/262/902 952/379/897
f 950/377/895 958/269/903 952/379/897
f 959/383/904 958/269/903 950/377/895
f 960/270/905 958/269/903 959/383/904
f 908/277/852 960/270/905 959/383/904
f 909/346/853 908/277/852 959/383/904
f 948/375/893 909/346/853 959/383/904
f 913/348/857 909/346/853 948/375/893
f 961/377/906 962/375/906 963/383/906
f 964/367/907 965/362/908 966/280/909
f 967/359/910 964/367/907 966/280/909
f 968/369/911 964/367/907 967/359/910
f 969/384/912 968/369/911 967/359/910
f 970/356/913 969/384/912 967/359/910
f 971/371/914 972/369/915 973/384/916
f 974/350/917 971/371/914 973/384/916
f 975/385/918 974/350/917 973/384/916
f 976/351/919 974/350/917 975/385/918
f 977/386/920 978/387/921 979/388/922
f 980/389/923 977/386/920 979/388/922
f 981/390/924 980/389/923 979/388/922
f 982/391/925 981/390/924 979/388/922
f 983/392/926 981/390/924 982/391/925
f 980/389/923 981/390/924 983/392/926
f 984/393/927 980/389/923 983/392/926
f 985/394/928 980/389/923 984/393/927
f 977/386/920 980/389/923 985/394/928
f 986/395/929 977/386/920 985/394/928
f 987/396/930 977/386/920 986/395/929
f 978/387/921 977/386/920 987/396/930
f 988/397/931 978/387/921 987/396/930
f 989/387/932 988/397/931 987/396/930
f 990/386/933 989/387/932 987/396/930
f 991/388/934 989/387/932 990/386/933
f 992/389/935 991/388/934 990/386/933
f 993/390/936 991/388/934 992/389/935
f 994/391/937 991/388/934 993/390/936
f 995/392/938 994/391/937 993/390/936
f 996/247/939 994/391/937 995/392/938
f 997/246/940 996/247/939 995/392/938
f 998/398/941 997/246/940 995/392/938
f 999/393/942 998/398/941 995/392/938
f 992/389/935 999/393/942 995/392/938
f 993/390/936 992/389/935 995/392/938
f 1000/394/943 1001/393/944 1002/389/945
f 1003/386/946 1000/394/943 1002/389/945
f 1004/395/947 1000/394/943 1003/386/946
f 1005/396/948 1004/395/947 1003/386/946
f 1006/399/949 1007/393/950 1008/392/951
f 1009/246/952 1006/399/949 1008/392/951
f 1010/247/953 1009/246/952 1008/392/951
f 1011/391/954 1010/247/953 1008/392/951
o Object_3
v 5.751426 9.155054 -0.095488
v 7.479136 26.166660 -0.208044
v 5.513423 29.449429 2.566395
v 4.777621 8.639853 1.369635
v 6.010327 4.783189 1.030881
v 5.459831 5.259706 -1.823401
v 6.234508 2.367522 1.087962
v 5.365730 2.613202 -2.038313
v 3.709255 8.639791 1.657427
v 4.777621 8.639853 1.369635
v 5.513423 29.449429 2.566395
v 3.332616 29.373486 2.921777
v 3.349561 31.015842 3.359885
v 5.431369 31.079533 3.027885
v 6.162230 1.141755 3.380062
v 6.234508 2.367522 1.087962
v 6.010327 4.783189 1.030881
v 5.686059 4.278971 4.162750
v 6.595219 2.704825 6.663285
v 6.468628 0.951138 7.829721
v 5.599877 2.719694 8.929386
v 5.644999 0.951390 8.974377
v 3.198637 2.719694 9.115524
v 5.599877 2.719694 8.929386
v 3.296144 0.951733 9.279177
v 2.518302 1.037468 8.730171
v 2.442806 2.455019 7.851991
v 3.198637 2.719694 9.115524
v 2.812873 1.081433 3.336785
v 2.956682 4.415129 4.282066
v 2.701761 2.322105 1.004309
v 2.540571 6.106714 0.212761
v 3.332969 6.003511 2.290963
v 3.709255 8.639791 1.657427
v 3.636122 2.603120 -2.265653
v 2.701761 2.322105 1.004309
v 2.540571 6.106714 0.212761
v 3.738774 5.070428 -2.204141
v 3.291147 8.980341 -1.059440
v 2.828638 8.977282 0.295794
v 3.709255 8.639791 1.657427
v 1.626727 25.816433 0.238891
v 3.332616 29.373486 2.921777
v 1.581552 31.842255 0.584174
v 3.349561 31.015842 3.359885
v 1.626727 25.816433 0.238891
v 1.581552 31.842255 0.584174
v 2.565935 26.499348 -2.576158
v 2.828638 8.977282 0.295794
v 3.291147 8.980341 -1.059440
v 4.367293 9.110502 -1.716570
v 5.783785 26.360260 -2.478545
v 2.565935 26.499348 -2.576158
v 7.479136 26.166660 -0.208044
v 4.367293 9.110502 -1.716570
v 5.751426 9.155054 -0.095488
v 5.459831 5.259706 -1.823401
v 3.738774 5.070428 -2.204141
v 3.738774 5.070428 -2.204141
v 5.459831 5.259706 -1.823401
v 5.365730 2.613202 -2.038313
v 3.636122 2.603120 -2.265653
v 2.899096 0.754638 2.398808
v 2.864743 1.426826 1.053826
v 6.066270 1.722629 1.019874
v 6.284056 0.798412 2.407872
v 6.162230 0.077903 2.842351
v 2.812873 0.083659 2.842455
v 2.693614 0.005493 7.915340
v 6.392778 0.008583 7.699887
v 3.506569 0.006042 9.083098
v 5.609886 0.008179 8.917965
v 5.994808 0.006598 0.963544
v 6.066270 1.722629 1.019874
v 2.864743 1.426826 1.053826
v 2.923565 0.007255 1.107879
v 5.994808 0.006598 0.963544
v 5.348637 0.006373 -1.821568
v 5.365730 2.613202 -2.038313
v 6.066270 1.722629 1.019874
v 6.234508 2.367522 1.087962
v 6.162230 1.141755 3.380062
v 6.284056 0.798412 2.407872
v 6.468628 0.951138 7.829721
v 6.392778 0.008583 7.699887
v 6.162230 0.077903 2.842351
v 5.348637 0.006373 -1.821568
v 3.495027 0.007663 -1.944531
v 3.636122 2.603120 -2.265653
v 5.365730 2.613202 -2.038313
v 3.636122 2.603120 -2.265653
v 3.495027 0.007663 -1.944531
v 2.923565 0.007255 1.107879
v 2.864743 1.426826 1.053826
v 2.701761 2.322105 1.004309
v 2.812873 1.081433 3.336785
v 2.899096 0.754638 2.398808
v 2.518302 1.037468 8.730171
v 2.693614 0.005493 7.915340
v 2.812873 0.083659 2.842455
v 2.518302 1.037468 8.730171
v 2.693614 0.005493 7.915340
v 3.506569 0.006042 9.083098
v 3.296144 0.951733 9.279177
v 5.609886 0.008179 8.917965
v 5.644999 0.951390 8.974377
v 6.468628 0.951138 7.829721
v 6.392778 0.008583 7.699887
v 5.994808 0.006598 0.963544
v 2.923565 0.007255 1.107879
v 3.495027 0.007663 -1.944531
v 5.348637 0.006373 -1.821568
v 8.970880 47.899166 -4.527150
v 7.926383 46.445942 -5.165295
v 7.164224 47.655346 -5.499702
v 7.021351 50.937225 -4.613233
v 5.396907 50.196373 -5.653385
v -5.513937 29.449413 2.566395
v -7.479650 26.166672 -0.208044
v -5.751940 9.155054 -0.095488
v -4.778134 8.639853 1.369635
v -3.709768 8.639791 1.657427
v -3.333129 29.373470 2.921777
v -3.350075 31.015842 3.359885
v -5.431882 31.079533 3.027885
v -6.010843 4.783189 1.030881
v -4.778134 8.639853 1.369635
v -5.751940 9.155054 -0.095488
v -5.460343 5.259706 -1.823401
v -6.235022 2.367522 1.087962
v -5.366244 2.613202 -2.038313
v -6.010843 4.783189 1.030881
v -6.235022 2.367522 1.087962
v -6.162744 1.141755 3.380062
v -5.686574 4.278986 4.162750
v -5.232347 5.935442 2.087399
v -4.778134 8.639853 1.369635
v -3.709768 8.639791 1.657427
v -5.232347 5.935442 2.087399
v -3.333482 6.003511 2.290963
v -5.686574 4.278986 4.162750
v -2.957196 4.415129 4.282066
v -2.541084 6.106714 0.212761
v -3.333482 6.003511 2.290963
v -3.709768 8.639791 1.657427
v -2.702274 2.322105 1.004309
v -2.541084 6.106714 0.212761
v -2.957196 4.415129 4.282066
v -2.813387 1.081433 3.336785
v -2.443319 2.455019 7.851991
v -2.518816 1.037468 8.730171
v -3.086164 2.719694 9.115524
v -3.296658 0.951733 9.279177
v -5.672711 0.951390 8.909886
v -3.086164 2.719694 9.115524
v -5.584899 2.571642 8.741049
v -6.469141 0.951138 7.829721
v -6.595733 2.704825 6.663285
v -6.162744 1.141755 3.380062
v -5.686574 4.278986 4.162750
v -5.632151 3.824352 7.215032
v -2.957196 4.415129 4.282066
v -5.686574 4.278986 4.162750
v -3.058315 3.819620 7.321609
v -3.058315 3.819620 7.321609
v -2.541084 6.106714 0.212761
v -2.702274 2.322105 1.004309
v -3.636635 2.603120 -2.265653
v -3.739288 5.070428 -2.204141
v -3.291661 8.980341 -1.059440
v -4.367807 9.110502 -1.716570
v -2.566449 26.499348 -2.576158
v -5.784299 26.360260 -2.478545
v -7.479650 26.166672 -0.208044
v -4.367807 9.110502 -1.716570
v -5.751940 9.155054 -0.095488
v -5.460343 5.259706 -1.823401
v -3.739288 5.070428 -2.204141
v -5.366244 2.613202 -2.038313
v -3.636635 2.603120 -2.265653
v -6.066785 1.722629 1.019874
v -2.865256 1.426826 1.053826
v -2.899610 0.754646 2.398808
v -6.284569 0.798412 2.407872
v -6.162744 0.077903 2.842351
v -2.813387 0.083659 2.842455
v -2.694127 0.005493 7.915340
v -6.393291 0.008583 7.699887
v -3.507083 0.006042 9.083098
v -5.637583 0.008179 8.853453
v -2.865256 1.426826 1.053826
v -6.066785 1.722629 1.019874
v -5.995321 0.006598 0.963544
v -2.924078 0.007255 1.107879
v -5.366244 2.613202 -2.038313
v -5.366244 0.006373 -1.933446
v -5.995321 0.006598 0.963544
v -6.066785 1.722629 1.019874
v -6.235022 2.367522 1.087962
v -6.162744 1.141755 3.380062
v -6.284569 0.798412 2.407872
v -6.469141 0.951138 7.829721
v -6.393291 0.008583 7.699887
v -6.162744 0.077903 2.842351
v -3.636635 2.603120 -2.265653
v -3.495541 0.007663 -2.132819
v -5.366244 0.006373 -1.933446
v -5.366244 2.613202 -2.038313
v -2.924078 0.007255 1.107879
v -3.495541 0.007663 -2.132819
v -3.636635 2.603120 -2.265653
v -2.865256 1.426826 1.053826
v -2.702274 2.322105 1.004309
v -2.813387 1.081433 3.336785
v -2.899610 0.754646 2.398808
v -2.518816 1.037468 8.730171
v -2.694127 0.005493 7.915340
v -2.813387 0.083659 2.842455
v -3.507083 0.006042 9.083098
v -2.694127 0.005493 7.915340
v -2.518816 1.037468 8.730171
v -3.296658 0.951733 9.279177
v -5.637583 0.008179 8.853453
v -3.507083 0.006042 9.083098
v -5.672711 0.951390 8.909886
v -6.469141 0.951138 7.829721
v -6.393291 0.008583 7.699887
v -3.495541 0.007663 -2.132819
v -2.924078 0.007255 1.107879
v -5.995321 0.006598 0.963544
v -5.366244 0.006373 -1.933446
v -1.582065 31.842255 0.584174
v -3.350075 31.015842 3.359885
v -3.333129 29.373470 2.921777
v -1.627241 25.816433 0.238891
v -2.566449 26.499348 -2.576158
v -2.829151 8.977282 0.295794
v -3.291661 8.980341 -1.059440
v -2.541084 6.106714 0.212761
v -3.709768 8.639791 1.657427
v 6.530274 54.164284 3.368144
v 5.455389 54.160362 3.951201
v 7.069841 47.881283 5.158011
v 8.949927 48.127838 4.262199
v 7.669534 46.740528 5.012900
v 9.490187 44.411678 4.008257
v 10.903228 45.602001 3.339631
v 10.885998 42.868580 2.437388
v 12.121407 44.259258 2.055046
v 11.502337 42.228870 -0.144363
v 12.643337 43.701710 -0.120432
v 12.121569 44.259556 -2.179958
v 11.043452 42.839825 -2.275967
v 10.783927 45.613392 -3.708459
v 9.605034 44.199009 -3.876519
v 8.970880 47.899166 -4.527150
v 7.926383 46.445942 -5.165295
v 5.686059 4.278971 4.162750
v 3.332969 6.003511 2.290963
v 2.956682 4.415129 4.282066
v 5.631639 3.824352 7.215032
v 6.595219 2.704825 6.663285
v 5.599877 2.719694 8.929386
v 3.198637 2.719694 9.115524
v 3.057801 3.819620 7.321609
v 2.442806 2.455019 7.851991
v 2.956682 4.415129 4.282066
v 3.057801 3.819620 7.321609
v 5.231833 5.935442 2.087399
v 3.332969 6.003511 2.290963
v 5.686059 4.278971 4.162750
v 6.010327 4.783189 1.030881
v 4.777621 8.639853 1.369635
v 3.709255 8.639791 1.657427
v 4.541030 42.369602 3.995826
v 4.522767 41.637424 4.079715
v 7.768059 41.586910 1.415655
v 7.725408 42.369656 1.413582
v 7.398412 41.503963 -1.562120
v 7.225205 42.369656 -1.884347
v 7.725408 42.369656 1.413582
v 4.682802 41.472591 -3.265899
v 4.690420 42.369656 -3.320731
v 1.876992 41.422421 -2.616072
v 1.849617 42.356350 -2.517136
v 0.853108 41.571301 0.014139
v 0.909052 42.369602 0.105119
v 0.909052 42.369602 0.105119
v 0.853108 41.571301 0.014139
v 1.662995 41.601017 2.846076
v 1.670002 42.369602 2.762602
v 4.541030 42.369602 3.995826
v 4.522767 41.637424 4.079715
v 6.679175 32.089893 0.659383
v 7.398412 41.503963 -1.562120
v 7.768059 41.586910 1.415655
v 5.281545 32.993668 3.109363
v 4.522767 41.637424 4.079715
v 3.506610 32.904125 3.388012
v 1.662995 41.601017 2.846076
v 4.522767 41.637424 4.079715
v 1.581552 31.842255 0.584174
v 3.506610 32.904125 3.388012
v 3.349561 31.015842 3.359885
v 1.581552 31.842255 0.584174
v 1.662995 41.601017 2.846076
v 0.853108 41.571301 0.014139
v 2.851137 33.646736 -1.639401
v 1.876992 41.422421 -2.616072
v 4.682802 41.472591 -3.265899
v 5.304410 33.646736 -1.639401
v 7.398412 41.503963 -1.562120
v 6.679175 32.089893 0.659383
v 5.100720 32.398319 -1.680836
v 2.922478 32.444630 -1.553930
v 2.851137 31.202682 -1.639400
v 2.565935 26.499348 -2.576158
v 5.203565 31.202682 -1.639400
v 5.783785 26.360260 -2.478545
v 7.479136 26.166660 -0.208044
v 5.783785 26.360260 -2.478545
v 6.679175 32.089893 0.659383
v 5.513423 29.449429 2.566395
v 7.479136 26.166660 -0.208044
v 6.679175 32.089893 0.659383
v 5.431369 31.079533 3.027885
v 5.281545 32.993668 3.109363
v 3.506610 32.904125 3.388012
v 3.349561 31.015842 3.359885
v -7.768572 41.586910 1.415655
v -4.523281 41.637424 4.079715
v -4.541544 42.369602 3.995826
v -7.725922 42.369656 1.413582
v -7.398925 41.503963 -1.562120
v -7.225720 42.369656 -1.884347
v -7.725922 42.369656 1.413582
v -4.683317 41.472591 -3.265899
v -4.690934 42.369656 -3.320731
v -1.877505 41.422421 -2.616072
v -1.850131 42.356319 -2.517136
v -0.853622 41.571301 0.014139
v -0.909565 42.369602 0.105119
v -1.663509 41.601017 2.846076
v -0.853622 41.571301 0.014139
v -0.909565 42.369602 0.105119
v -1.670515 42.369602 2.762602
v -4.541544 42.369602 3.995826
v -4.523281 41.637424 4.079715
v -7.768572 41.586910 1.415655
v -7.398925 41.503963 -1.562120
v -6.679688 32.089893 0.659383
v -5.282058 32.993668 3.109363
v -4.523281 41.637424 4.079715
v -3.507123 32.904125 3.388012
v -1.663509 41.601017 2.846076
v -4.523281 41.637424 4.079715
v -1.582065 31.842255 0.584174
v -3.507123 32.904125 3.388012
v -0.853622 41.571301 0.014139
v -2.851650 33.646736 -1.639401
v -1.582065 31.842255 0.584174
v -1.877505 41.422421 -2.616072
v -4.683317 41.472591 -3.265899
v -5.271264 33.646736 -1.639401
v -7.398925 41.503963 -1.562120
v -6.679688 32.089893 0.659383
v -5.101235 32.398319 -1.680836
v -2.922992 32.444630 -1.553930
v -2.851650 31.202682 -1.639400
v -2.566449 26.499348 -2.576158
v -5.195497 31.202682 -1.639400
v -5.784299 26.360260 -2.478545
v -7.479650 26.166672 -0.208044
v -5.195497 31.202682 -1.639400
v -2.566449 26.499348 -2.576158
v -5.784299 26.360260 -2.478545
v -3.350075 31.015842 3.359885
v -1.582065 31.842255 0.584174
v -3.507123 32.904125 3.388012
v -6.679688 32.089893 0.659383
v -7.479650 26.166672 -0.208044
v -5.513937 29.449413 2.566395
v -5.431882 31.079533 3.027885
v -5.282058 32.993668 3.109363
v -3.507123 32.904125 3.388012
v -3.350075 31.015842 3.359885
vn 0.8932 0.0310 0.4486
vn 0.7703 -0.0740 0.6334
vn 0.7787 -0.0726 0.6232
vn 0.8163 0.0827 0.5716
vn 0.9932 0.0771 -0.0869
vn 0.9773 0.0194 -0.2110
vn 0.9747 0.0398 -0.2198
vn 0.9632 -0.0124 -0.2686
vn 0.2532 -0.0641 0.9653
vn 0.2596 -0.0646 0.9636
vn 0.1647 -0.1591 0.9734
vn 0.1642 -0.1570 0.9739
vn 0.1623 -0.2582 0.9524
vn 0.1598 -0.2614 0.9519
vn 0.9942 0.1008 -0.0363
vn 0.9922 0.0940 0.0816
vn 0.9884 0.1094 0.1056
vn 0.9867 0.1585 -0.0349
vn 0.9984 0.0547 0.0154
vn 0.9460 0.0532 0.3196
vn 0.8688 0.1296 0.4779
vn 0.5008 0.0502 0.8641
vn -0.0719 0.0660 0.9952
vn 0.5008 0.0503 0.8641
vn 0.0773 0.0273 0.9966
vn -0.2095 0.0787 0.9746
vn -0.8744 0.0624 0.4811
vn -0.9929 0.0535 0.1062
vn -0.8544 0.2400 0.4608
vn -0.9994 0.0305 -0.0140
vn -0.9952 0.0923 0.0335
vn -0.9970 -0.0004 0.0778
vn -0.9488 0.1902 0.2523
vn -0.8261 0.4515 0.3374
vn -0.9088 0.2156 0.3572
vn -0.9342 -0.0414 -0.3544
vn -0.9545 -0.0995 -0.2813
vn -0.9612 0.0203 -0.2753
vn -0.8877 0.0429 -0.4585
vn -0.9231 0.0740 -0.3774
vn -0.9576 0.0351 0.2858
vn -0.8376 -0.0015 0.5462
vn -0.8141 -0.0480 0.5787
vn -0.8299 -0.0700 0.5535
vn -0.8318 -0.0683 0.5509
vn -0.8533 -0.1262 0.5059
vn -0.9456 -0.0334 -0.3236
vn -0.9493 0.0109 -0.3141
vn -0.9401 -0.0313 -0.3395
vn -0.9439 -0.0671 -0.3233
vn -0.7174 0.0028 -0.6967
vn -0.4216 0.0377 -0.9060
vn 0.4536 -0.0764 -0.8879
vn 0.0283 -0.0464 -0.9985
vn 0.7915 -0.0910 -0.6043
vn 0.7599 0.0680 -0.6465
vn 0.4536 -0.0765 -0.8879
vn 0.7590 0.0483 -0.6493
vn 0.3638 0.1288 -0.9225
vn 0.0669 0.1093 -0.9918
vn 0.3637 0.1288 -0.9226
vn 0.1797 0.0527 -0.9823
vn 0.2079 0.0718 -0.9755
vn 0.1607 0.0399 -0.9862
vn 0.1302 0.0193 -0.9913
vn 0.0292 -0.7277 -0.6852
vn 0.0776 -0.8910 -0.4473
vn 0.0295 -0.8487 -0.5281
vn 0.0109 -0.6925 -0.7213
vn 0.0039 -0.8609 -0.5088
vn -0.0015 -0.8875 -0.4608
vn -0.0001 -1.0000 -0.0088
vn 0.0004 -1.0000 -0.0089
vn 0.0009 -1.0000 -0.0000
vn 0.0010 -1.0000 0.0003
vn 0.0225 -0.0140 0.9996
vn 0.0137 -0.0334 0.9993
vn 0.0363 0.0166 0.9992
vn 0.0469 0.0399 0.9981
vn 0.9729 -0.0295 -0.2295
vn 0.9738 -0.0252 -0.2259
vn 0.9702 -0.0551 -0.2358
vn 0.9735 -0.1311 -0.1873
vn 0.9533 -0.2278 -0.1984
vn 0.9292 0.3679 -0.0359
vn 0.9878 0.1560 -0.0019
vn 0.9983 -0.0487 -0.0326
vn 0.9958 -0.0855 -0.0332
vn 0.9795 -0.1953 -0.0493
vn 0.0899 -0.1100 -0.9899
vn 0.0656 -0.1260 -0.9899
vn 0.1051 -0.0999 -0.9894
vn 0.1303 -0.0830 -0.9880
vn -0.9757 -0.0285 -0.2172
vn -0.9825 0.0307 -0.1839
vn -0.9757 -0.0159 -0.2183
vn -0.9753 -0.1325 -0.1768
vn -0.9628 -0.1861 -0.1960
vn -0.9919 -0.1158 -0.0530
vn -0.9963 -0.0760 -0.0399
vn -0.9908 -0.1244 -0.0540
vn -0.9922 -0.1129 -0.0523
vn -0.9933 0.1134 -0.0216
vn -0.6639 -0.4258 0.6147
vn -0.7065 -0.5086 0.4921
vn -0.3020 -0.3294 0.8946
vn -0.3021 -0.2432 0.9217
vn 0.5125 -0.1028 0.8525
vn 0.5114 -0.0703 0.8564
vn 0.8253 -0.1132 0.5532
vn 0.8329 -0.1408 0.5353
vn -0.0002 -1.0000 -0.0002
vn -0.0007 -1.0000 0.0002
vn 0.4483 0.1748 -0.8766
vn 0.4680 0.0510 -0.8822
vn 0.4480 0.1826 -0.8752
vn 0.4357 0.2523 -0.8640
vn 0.4376 0.2522 -0.8631
vn -0.3038 -0.1475 0.9412
vn -0.7703 -0.0740 0.6334
vn -0.8350 -0.0619 0.5468
vn -0.5600 -0.0673 0.8258
vn -0.2532 -0.0641 0.9653
vn -0.1642 -0.1570 0.9739
vn -0.1623 -0.2582 0.9524
vn -0.1598 -0.2614 0.9519
vn -0.9932 0.0771 -0.0869
vn -0.7827 0.1984 0.5900
vn -0.9366 0.1384 0.3219
vn -0.9773 0.0194 -0.2110
vn -0.9747 0.0398 -0.2198
vn -0.9632 -0.0124 -0.2686
vn -0.9492 0.2547 0.1848
vn -0.9922 0.0940 0.0816
vn -0.9883 0.1096 0.1061
vn -0.9675 0.2140 0.1346
vn -0.7211 0.5356 0.4394
vn -0.3861 0.2967 0.8734
vn -0.1993 0.2624 0.9442
vn -0.1472 0.2356 0.9606
vn -0.0997 0.5598 0.8226
vn -0.0774 0.7799 0.6211
vn 0.1102 0.7870 0.6070
vn 0.8773 0.3275 0.3508
vn 0.8261 0.4515 0.3374
vn 0.9088 0.2156 0.3572
vn 0.9970 -0.0004 0.0778
vn 0.9955 -0.0231 0.0922
vn 0.9972 0.0744 0.0105
vn 0.9994 0.0305 -0.0140
vn 0.9654 0.2113 0.1531
vn 0.8816 0.0339 0.4707
vn 0.8303 0.2729 0.4859
vn 0.1837 0.0689 0.9806
vn -0.5136 0.1161 0.8502
vn 0.1836 0.0689 0.9806
vn -0.1213 0.5202 0.8454
vn -0.4953 0.4175 0.7618
vn -0.9357 0.0870 0.3419
vn -0.9560 0.2706 0.1133
vn -0.9809 0.0903 -0.1723
vn -0.9334 0.3350 -0.1285
vn -0.4401 0.8226 0.3601
vn -0.0338 0.9853 0.1677
vn -0.0557 0.9874 0.1481
vn 0.1599 0.9102 0.3819
vn 0.8877 0.4454 0.1168
vn 0.9134 -0.0039 -0.4070
vn 0.9545 -0.0995 -0.2813
vn 0.9342 -0.0414 -0.3544
vn 0.8634 0.0573 -0.5013
vn 0.6178 0.0412 -0.7853
vn 0.4217 0.0377 -0.9060
vn -0.0024 -0.0491 -0.9988
vn -0.4536 -0.0765 -0.8879
vn -0.7915 -0.0910 -0.6043
vn -0.7599 0.0680 -0.6465
vn -0.7590 0.0483 -0.6493
vn -0.2974 0.1045 -0.9490
vn -0.1911 0.0667 -0.9793
vn -0.1607 0.0399 -0.9862
vn -0.1302 0.0193 -0.9913
vn -0.0295 -0.8487 -0.5281
vn -0.0776 -0.8910 -0.4473
vn -0.0292 -0.7277 -0.6852
vn -0.0109 -0.6925 -0.7213
vn -0.0039 -0.8609 -0.5088
vn 0.0015 -0.8875 -0.4608
vn 0.0001 -1.0000 -0.0088
vn -0.0004 -1.0000 -0.0089
vn -0.0009 -1.0000 -0.0000
vn -0.0010 -1.0000 0.0003
vn -0.0363 0.0166 0.9992
vn -0.0137 -0.0334 0.9993
vn -0.0225 -0.0140 0.9996
vn -0.0469 0.0399 0.9981
vn -0.9727 -0.0449 -0.2279
vn -0.9772 -0.0085 -0.2122
vn -0.9744 -0.0222 -0.2235
vn -0.9735 -0.1311 -0.1873
vn -0.9533 -0.2278 -0.1984
vn -0.9292 0.3679 -0.0359
vn -0.9878 0.1560 -0.0019
vn -0.9983 -0.0487 -0.0326
vn -0.9958 -0.0855 -0.0332
vn -0.9795 -0.1953 -0.0493
vn -0.1207 -0.0465 -0.9916
vn -0.1058 -0.0566 -0.9928
vn -0.1151 -0.0503 -0.9921
vn -0.1304 -0.0399 -0.9907
vn 0.9768 -0.0101 -0.2141
vn 0.9838 0.0446 -0.1735
vn 0.9777 -0.0172 -0.2094
vn 0.9753 -0.1325 -0.1768
vn 0.9628 -0.1861 -0.1960
vn 0.9919 -0.1158 -0.0530
vn 0.9963 -0.0760 -0.0399
vn 0.9908 -0.1244 -0.0540
vn 0.9922 -0.1129 -0.0523
vn 0.9933 0.1134 -0.0216
vn 0.6618 -0.4221 0.6195
vn 0.7065 -0.5086 0.4921
vn 0.6639 -0.4258 0.6147
vn 0.2915 -0.2426 0.9253
vn -0.5197 -0.1020 0.8482
vn -0.1056 -0.1793 0.9781
vn 0.2914 -0.2426 0.9253
vn -0.5171 -0.0703 0.8530
vn -0.8195 -0.1125 0.5620
vn -0.8281 -0.1414 0.5424
vn 0.0002 -1.0000 -0.0002
vn 0.0007 -1.0000 0.0002
vn 0.0005 -1.0000 -0.0000
vn 0.9363 -0.0512 0.3474
vn 0.8533 -0.1262 0.5059
vn 0.8299 -0.0700 0.5535
vn 0.9900 -0.0456 0.1335
vn 0.9461 -0.0292 -0.3225
vn 0.9916 0.0083 0.1293
vn 0.9464 0.0017 -0.3230
vn 0.9804 0.0934 0.1734
vn 0.8376 -0.0015 0.5462
vn 0.4440 0.2805 0.8510
vn 0.4570 0.2798 0.8443
vn 0.4036 0.2071 0.8912
vn 0.4301 0.1350 0.8926
vn 0.4610 0.0539 0.8858
vn 0.5164 -0.1145 0.8486
vn 0.5101 -0.1435 0.8481
vn 0.6799 -0.4284 0.5952
vn 0.6840 -0.4526 0.5722
vn 0.7947 -0.6071 -0.0032
vn 0.7906 -0.6123 -0.0061
vn 0.6641 -0.4715 -0.5802
vn 0.6758 -0.4750 -0.5636
vn 0.4048 -0.2323 -0.8844
vn 0.4696 -0.2320 -0.8519
vn 0.4732 -0.0733 -0.8779
vn 0.5678 -0.0472 -0.8218
vn 0.2051 0.9307 0.3028
vn 0.0661 0.7739 0.6299
vn 0.0508 0.9150 0.4003
vn 0.4322 0.8402 0.3276
vn 0.7897 0.5771 0.2083
vn 0.2832 0.8038 0.5232
vn -0.2849 0.8028 0.5238
vn -0.1619 0.9066 0.3896
vn -0.8263 0.4842 0.2878
vn -0.8877 0.4454 0.1168
vn -0.8263 0.4842 0.2877
vn 0.6301 0.4987 0.5953
vn 0.1109 0.4592 0.8814
vn 0.5560 0.7047 0.4407
vn 0.8930 0.3748 0.2492
vn 0.3861 0.2967 0.8734
vn 0.1993 0.2623 0.9442
vn 0.6331 0.0684 0.7711
vn 0.6335 0.0725 0.7703
vn 0.9312 0.0540 0.3605
vn 0.9027 0.0503 0.4274
vn 0.8888 -0.0016 -0.4584
vn 0.7714 -0.0633 -0.6332
vn 0.9789 0.1406 -0.1485
vn 0.1446 -0.0764 -0.9865
vn 0.1394 -0.0454 -0.9892
vn -0.6440 0.0449 -0.7637
vn -0.6923 0.0654 -0.7186
vn -0.9358 0.0858 -0.3418
vn -0.9360 0.1039 -0.3363
vn -0.9609 0.0365 0.2745
vn -0.9609 0.0361 0.2744
vn -0.7373 0.0803 0.6708
vn -0.7620 0.0768 0.6430
vn -0.3944 0.1125 0.9120
vn -0.3947 0.1143 0.9117
vn 0.8999 -0.1362 0.4142
vn 0.9874 -0.1037 -0.1197
vn 0.9298 -0.0870 0.3576
vn 0.5653 -0.1150 0.8168
vn 0.5829 -0.0399 0.8116
vn 0.0499 -0.0846 0.9952
vn -0.4899 -0.0496 0.8704
vn 0.0498 -0.0846 0.9952
vn -0.3957 -0.0267 0.9180
vn -0.8106 -0.0665 0.5818
vn -0.8141 -0.0515 0.5785
vn -0.8335 0.0611 0.5491
vn -0.8832 0.0083 -0.4689
vn -0.9598 -0.0557 0.2751
vn -0.9918 -0.1085 -0.0669
vn -0.4878 -0.1336 -0.8627
vn -0.6537 -0.1744 -0.7364
vn 0.1641 -0.1574 -0.9738
vn 0.4554 -0.1523 -0.8772
vn 0.5788 -0.1464 -0.8022
vn 0.8076 -0.0225 -0.5893
vn 0.4055 -0.0182 -0.9139
vn -0.4854 -0.0088 -0.8742
vn -0.4912 0.1493 -0.8581
vn -0.1644 0.1911 -0.9677
vn 0.4582 0.1339 -0.8787
vn 0.2225 0.1923 -0.9558
vn 0.7942 0.1917 -0.5767
vn 0.8590 -0.0095 0.5119
vn 0.8328 0.0315 0.5527
vn 0.8643 0.0098 0.5030
vn 0.7078 -0.0281 0.7059
vn 0.5132 0.0036 0.8583
vn 0.1574 -0.0288 0.9871
vn 0.1583 -0.0279 0.9870
vn -0.9312 0.0540 0.3605
vn -0.6335 0.0725 0.7703
vn -0.6331 0.0684 0.7711
vn -0.9027 0.0503 0.4274
vn -0.8888 -0.0016 -0.4584
vn -0.7714 -0.0633 -0.6332
vn -0.9789 0.1406 -0.1485
vn -0.1446 -0.0764 -0.9865
vn -0.1394 -0.0454 -0.9892
vn 0.6440 0.0449 -0.7637
vn 0.6923 0.0654 -0.7186
vn 0.9358 0.0858 -0.3418
vn 0.9360 0.1039 -0.3363
vn 0.7373 0.0803 0.6708
vn 0.9609 0.0361 0.2744
vn 0.9609 0.0365 0.2745
vn 0.7620 0.0768 0.6430
vn 0.3944 0.1125 0.9120
vn 0.3947 0.1143 0.9117
vn -0.9298 -0.0870 0.3576
vn -0.8346 -0.1394 -0.5329
vn -0.9577 -0.0439 -0.2845
vn -0.5653 -0.1150 0.8168
vn -0.5829 -0.0399 0.8116
vn -0.0499 -0.0846 0.9952
vn 0.7533 -0.0565 0.6552
vn 0.3957 -0.0267 0.9180
vn -0.0498 -0.0846 0.9952
vn 0.8391 -0.1162 0.5315
vn 0.7534 -0.0565 0.6552
vn 0.7934 -0.1312 0.5944
vn 0.9918 -0.1085 -0.0669
vn 0.4878 -0.1336 -0.8627
vn 0.8428 0.0154 -0.5380
vn 0.6537 -0.1744 -0.7364
vn -0.1648 -0.1585 -0.9735
vn -0.4498 -0.1480 -0.8808
vn -0.8346 -0.1394 -0.5330
vn -0.4104 -0.0143 -0.9118
vn 0.4855 -0.0088 -0.8742
vn 0.4912 0.1493 -0.8581
vn 0.4531 0.2005 -0.8686
vn -0.5009 0.1261 -0.8562
vn -0.7924 0.1931 -0.5787
vn -0.7942 0.1917 -0.5767
vn -0.0374 0.1750 -0.9839
vn 0.8335 0.0611 0.5491
vn -0.8643 0.0098 0.5030
vn -0.8328 0.0315 0.5527
vn -0.8590 -0.0095 0.5119
vn -0.7078 -0.0281 0.7059
vn -0.5132 0.0036 0.8583
vn -0.1574 -0.0288 0.9871
vn -0.1583 -0.0279 0.9870
vt 0.721210 0.062450
vt 0.721210 0.263970
vt 0.769230 0.296540
vt 0.754770 0.062450
vt 0.765850 0.035490
vt 0.721210 0.035470
vt 0.778740 0.013160
vt 0.721210 0.013160
vt 0.809060 0.062450
vt 0.815180 0.290960
vt 0.810850 0.320610
vt 0.772610 0.324280
vt 0.469970 0.575210
vt 0.468500 0.606620
vt 0.481930 0.627750
vt 0.502720 0.585560
vt 0.487500 0.531230
vt 0.471570 0.491050
vt 0.500900 0.499110
vt 0.500740 0.471200
vt 0.554500 0.496760
vt 0.553940 0.466310
vt 0.578700 0.476400
vt 0.572070 0.516320
vt 0.580860 0.560920
vt 0.551780 0.583760
vt 0.581340 0.594220
vt 0.578000 0.653820
vt 0.544800 0.633340
vt 0.535210 0.697960
vt 0.871570 0.013160
vt 0.830760 0.013160
vt 0.865380 0.036010
vt 0.909830 0.035300
vt 0.898650 0.062450
vt 0.868910 0.062450
vt 0.852410 0.254310
vt 0.849350 0.344750
vt 0.892120 0.254320
vt 0.931940 0.062450
vt 0.932610 0.254320
vt 0.980160 0.254310
vt 0.980160 0.062450
vt 0.957740 0.035370
vt 0.957740 0.013160
vt 0.243600 0.528790
vt 0.242690 0.514350
vt 0.178090 0.512140
vt 0.177180 0.528930
vt 0.176960 0.531270
vt 0.244620 0.531270
vt 0.242600 0.614250
vt 0.178060 0.608690
vt 0.226880 0.629350
vt 0.190600 0.632310
vt 0.179770 0.503010
vt 0.241050 0.501030
vt 0.413700 0.638540
vt 0.419830 0.638540
vt 0.421320 0.662880
vt 0.413480 0.650230
vt 0.413210 0.662880
vt 0.404180 0.662880
vt 0.408010 0.648200
vt 0.386650 0.662880
vt 0.386650 0.638540
vt 0.406300 0.638540
vt 0.423290 0.638540
vt 0.424790 0.662880
vt 0.424490 0.662880
vt 0.422070 0.638540
vt 0.401440 0.638540
vt 0.401510 0.651000
vt 0.401670 0.662880
vt 0.384670 0.662880
vt 0.391700 0.648200
vt 0.353510 0.662880
vt 0.354950 0.638540
vt 0.388570 0.638540
vt 0.347440 0.638540
vt 0.349660 0.662880
vt 0.331720 0.638540
vt 0.332140 0.662880
vt 0.324130 0.662880
vt 0.323170 0.638540
vt 0.234730 0.451270
vt 0.186450 0.453970
vt 0.792810 0.637580
vt 0.817990 0.674150
vt 0.757420 0.674150
vt 0.681320 0.637580
vt 0.673430 0.674150
vt 0.508810 0.635600
vt 0.515330 0.695270
vt 0.553940 0.466300
vt 0.501650 0.533120
vt 0.556020 0.535500
vt 0.871560 0.013160
vt 0.347430 0.638540
vt 0.332130 0.662880
vt 0.798540 0.637580
vt 0.798540 0.674150
vt 0.710150 0.674150
vt 0.680950 0.637580
vt 0.681100 0.674150
vt 0.778890 0.674150
vt 0.778890 0.637580
vt 0.865800 0.674150
vt 0.866610 0.637580
vt 0.938460 0.674150
vt 0.938460 0.637580
vt 0.663980 0.637580
vt 0.670520 0.674150
vt 0.341010 0.662620
vt 0.341010 0.638700
vt 0.352800 0.638700
vt 0.352800 0.662620
vt 0.370720 0.638700
vt 0.370720 0.662620
vt 0.386710 0.638700
vt 0.386710 0.662620
vt 0.401340 0.638700
vt 0.401340 0.662620
vt 0.416190 0.638700
vt 0.416190 0.662620
vt 0.305180 0.662620
vt 0.305180 0.638700
vt 0.329620 0.638700
vt 0.329620 0.662620
vt 0.726470 0.353340
vt 0.719660 0.472640
vt 0.747170 0.472500
vt 0.775520 0.358680
vt 0.790400 0.472600
vt 0.807020 0.355710
vt 0.818780 0.472600
vt 0.865390 0.472600
vt 0.890960 0.358880
vt 0.893060 0.472600
vt 0.932320 0.472600
vt 0.934550 0.358630
vt 0.980180 0.472600
vt 0.980140 0.347060
vt 0.932440 0.344750
vt 0.891190 0.344150
vt 0.891310 0.332600
vt 0.929860 0.332130
vt 0.890770 0.358010
vt 0.934200 0.356880
vt 0.891300 0.333750
vt 0.930120 0.333280
s 1
usemtl material111
f 1012/400/955 1013/401/956 1014/402/957
f 1015/403/958 1012/400/955 1014/402/957
f 1016/404/959 1012/400/955 1015/403/958
f 1017/405/960 1012/400/955 1016/404/959
f 1018/406/961 1017/405/960 1016/404/959
f 1019/407/962 1017/405/960 1018/406/961
f 1020/408/963 1021/403/964 1022/402/965
f 1023/409/966 1020/408/963 1022/402/965
f 1024/410/967 1023/409/966 1022/402/965
f 1025/411/968 1024/410/967 1022/402/965
f 1026/412/969 1027/413/970 1028/414/971
f 1029/415/972 1026/412/969 1028/414/971
f 1030/416/973 1026/412/969 1029/415/972
f 1031/417/974 1026/412/969 1030/416/973
f 1032/418/975 1031/417/974 1030/416/973
f 1033/419/976 1031/417/974 1032/418/975
f 1034/420/977 1033/419/978 1035/418/979
f 1036/421/980 1033/419/978 1034/420/977
f 1037/422/981 1036/421/980 1034/420/977
f 1038/423/982 1037/422/981 1039/420/983
f 1040/424/984 1037/422/981 1038/423/982
f 1041/425/985 1040/424/984 1038/423/982
f 1042/426/986 1040/424/984 1041/425/985
f 1043/427/987 1042/426/986 1041/425/985
f 1044/428/988 1043/427/987 1041/425/985
f 1045/429/989 1043/427/987 1044/428/988
f 1046/430/990 1047/431/991 1048/432/992
f 1049/433/993 1046/430/990 1048/432/992
f 1050/434/994 1049/433/993 1048/432/992
f 1051/435/995 1050/434/994 1048/432/992
f 1052/408/996 1051/435/995 1048/432/992
f 1053/436/997 1051/435/995 1052/408/996
f 1054/409/998 1053/436/997 1052/408/996
f 1055/437/999 1053/436/997 1054/409/998
f 1056/410/1000 1055/437/999 1054/409/998
f 1057/436/1001 1058/437/1002 1059/438/1003
f 1060/435/1004 1057/436/1001 1059/438/1003
f 1061/434/1005 1060/435/1004 1059/438/1003
f 1062/439/1006 1061/434/1005 1059/438/1003
f 1063/440/1007 1062/439/1006 1064/438/1008
f 1065/441/1009 1066/439/1010 1063/440/1011
f 1067/442/1012 1066/439/1010 1065/441/1009
f 1068/443/1013 1066/439/1010 1067/442/1012
f 1069/433/1014 1062/439/1006 1068/443/1015
f 1061/434/1005 1062/439/1006 1069/433/1014
f 1070/433/1016 1071/443/1017 1072/444/1018
f 1073/430/1019 1070/433/1016 1072/444/1018
f 1074/445/1020 1075/446/1021 1076/447/1022
f 1077/448/1023 1074/445/1020 1076/447/1022
f 1078/449/1024 1074/445/1020 1077/448/1023
f 1079/450/1025 1074/445/1020 1078/449/1024
f 1080/451/1026 1079/450/1025 1078/449/1024
f 1081/452/1027 1080/451/1026 1078/449/1024
f 1082/453/1028 1080/451/1026 1081/452/1027
f 1083/454/1029 1082/453/1028 1081/452/1027
f 1084/455/1030 1085/447/1031 1086/446/1032
f 1087/456/1033 1084/455/1030 1086/446/1032
f 1088/457/1034 1089/458/1035 1090/459/1036
f 1091/460/1037 1088/457/1034 1090/459/1036
f 1092/461/1038 1091/460/1037 1090/459/1036
f 1093/462/1039 1091/460/1037 1092/461/1038
f 1094/463/1040 1091/460/1037 1093/462/1039
f 1095/464/1041 1094/463/1040 1093/462/1039
f 1096/465/1042 1094/463/1040 1095/464/1041
f 1097/466/1043 1094/463/1040 1096/465/1042
f 1098/458/1044 1099/467/1045 1100/468/1046
f 1101/459/1047 1098/458/1044 1100/468/1046
f 1102/469/1048 1103/470/1049 1104/471/1050
f 1105/472/1051 1102/469/1048 1104/471/1050
f 1106/473/1052 1102/469/1048 1105/472/1051
f 1107/474/1053 1106/473/1052 1105/472/1051
f 1108/475/1054 1107/474/1053 1105/472/1051
f 1109/476/1055 1107/474/1053 1108/475/1054
f 1110/477/1056 1109/476/1055 1108/475/1054
f 1111/478/1057 1110/477/1056 1108/475/1054
f 1112/476/1058 1113/477/1059 1114/479/1060
f 1115/480/1061 1112/476/1058 1114/479/1060
f 1116/481/1062 1115/480/1061 1114/479/1060
f 1117/482/1063 1115/480/1061 1116/481/1062
f 1118/483/1064 1117/482/1063 1116/481/1062
f 1119/484/1065 1118/483/1064 1116/481/1062
s 0
f 1120/455/1066 1121/456/1066 1122/485/1066
f 1123/486/1067 1120/455/1067 1122/485/1067
s 1
f 1124/487/1068 1125/488/1069 1126/489/1070
f 1127/490/1071 1124/487/1068 1126/489/1070
f 1128/491/1072 1127/490/1071 1126/489/1070
f 1129/402/1073 1130/401/1074 1131/400/1075
f 1132/403/1076 1129/402/1073 1131/400/1075
f 1133/408/1077 1129/402/1073 1132/403/1076
f 1134/409/1078 1129/402/1073 1133/408/1077
f 1135/410/1079 1129/402/1073 1134/409/1078
f 1136/411/1080 1129/402/1073 1135/410/1079
f 1137/404/1081 1138/403/1082 1139/400/1083
f 1140/405/1084 1137/404/1081 1139/400/1083
f 1141/406/1085 1137/404/1081 1140/405/1084
f 1142/407/1086 1141/406/1085 1140/405/1084
f 1143/414/1087 1144/413/1088 1145/412/1089
f 1146/415/1090 1143/414/1087 1145/412/1089
f 1147/492/1091 1143/414/1087 1146/415/1090
f 1148/493/1092 1143/414/1087 1147/492/1091
f 1149/429/1093 1148/493/1092 1150/492/1094
f 1151/428/1095 1149/429/1093 1150/492/1094
f 1152/415/1096 1151/428/1095 1147/492/1091
f 1153/425/1097 1151/428/1095 1152/415/1096
f 1154/427/1098 1155/428/1099 1153/425/1097
f 1156/429/1100 1155/428/1099 1154/427/1098
f 1157/426/1101 1158/427/1102 1159/425/1103
f 1160/424/1104 1157/426/1101 1159/425/1103
f 1161/423/1105 1160/424/1104 1159/425/1103
f 1162/422/1106 1160/424/1104 1161/423/1105
f 1163/420/1107 1162/422/1106 1161/423/1105
f 1164/494/1108 1162/422/1106 1163/420/1107
f 1165/419/1109 1164/494/1110 1166/420/1111
f 1167/418/1112 1165/419/1109 1166/420/1111
f 1168/417/1113 1165/419/1109 1167/418/1112
f 1169/416/1114 1168/417/1113 1167/418/1112
f 1170/412/1115 1168/417/1113 1169/416/1114
f 1171/415/1116 1170/412/1115 1169/416/1114
f 1172/495/1117 1171/415/1116 1169/416/1114
f 1173/425/1118 1174/415/1119 1172/495/1117
f 1175/496/1120 1173/425/1118 1172/495/1117
f 1161/423/1105 1159/425/1103 1176/496/1121
f 1163/420/1107 1161/423/1105 1175/496/1120
f 1172/495/1117 1166/420/1111 1175/496/1120
f 1167/418/1112 1166/420/1111 1172/495/1117
f 1169/416/1114 1167/418/1112 1172/495/1117
f 1177/432/1122 1178/431/1123 1179/497/1124
f 1180/433/1125 1177/432/1122 1179/497/1124
f 1181/434/1126 1177/432/1122 1180/433/1125
f 1182/439/1127 1181/434/1126 1180/433/1125
f 1183/438/1128 1181/434/1126 1182/439/1127
f 1184/440/1129 1183/438/1128 1182/439/1127
f 1185/441/1130 1184/440/1129 1186/439/1131
f 1187/442/1132 1185/441/1130 1186/439/1131
f 1188/443/1133 1187/442/1132 1186/439/1131
f 1189/433/1134 1188/443/1133 1182/439/1127
f 1190/444/1135 1188/443/1133 1189/433/1134
f 1191/497/1136 1190/444/1135 1189/433/1134
f 1192/447/1137 1193/446/1138 1194/445/1139
f 1195/448/1140 1192/447/1137 1194/445/1139
f 1196/449/1141 1195/448/1140 1194/445/1139
f 1197/450/1142 1196/449/1141 1194/445/1139
f 1198/451/1143 1196/449/1141 1197/450/1142
f 1199/452/1144 1196/449/1141 1198/451/1143
f 1200/453/1145 1199/452/1144 1198/451/1143
f 1201/454/1146 1199/452/1144 1200/453/1145
f 1202/446/1147 1203/447/1148 1204/455/1149
f 1205/456/1150 1202/446/1147 1204/455/1149
f 1206/459/1151 1207/458/1152 1208/457/1153
f 1209/460/1154 1206/459/1151 1208/457/1153
f 1210/461/1155 1206/459/1151 1209/460/1154
f 1211/462/1156 1210/461/1155 1209/460/1154
f 1212/463/1157 1211/462/1156 1209/460/1154
f 1213/464/1158 1211/462/1156 1212/463/1157
f 1214/465/1159 1213/464/1158 1212/463/1157
f 1215/466/1160 1214/465/1159 1212/463/1157
f 1216/468/1161 1217/467/1162 1218/458/1163
f 1219/459/1164 1216/468/1161 1218/458/1163
f 1220/471/1165 1221/470/1166 1222/469/1167
f 1223/472/1168 1220/471/1165 1222/469/1167
f 1224/473/1169 1223/472/1168 1222/469/1167
f 1225/474/1170 1223/472/1168 1224/473/1169
f 1226/475/1171 1223/472/1168 1225/474/1170
f 1227/476/1172 1226/475/1171 1225/474/1170
f 1228/477/1173 1226/475/1171 1227/476/1172
f 1229/478/1174 1226/475/1171 1228/477/1173
f 1230/498/1175 1231/477/1176 1232/476/1177
f 1233/480/1178 1230/498/1175 1232/476/1177
f 1234/481/1179 1235/498/1180 1233/480/1181
f 1236/499/1182 1234/481/1179 1233/480/1181
f 1237/483/1183 1234/481/1179 1236/499/1182
f 1238/484/1184 1234/481/1179 1237/483/1183
s 0
f 1239/485/1185 1240/456/1185 1241/455/1185
f 1242/486/1186 1239/485/1187 1241/455/1186
s 1
f 1243/437/1188 1244/410/1189 1245/409/1190
f 1246/436/1191 1243/437/1188 1245/409/1190
f 1247/438/1192 1243/437/1188 1246/436/1191
f 1248/435/1193 1247/438/1192 1246/436/1191
f 1249/434/1194 1247/438/1192 1248/435/1193
f 1250/432/1195 1249/434/1194 1248/435/1193
f 1251/408/1196 1250/432/1195 1248/435/1193
f 1246/436/1191 1251/408/1196 1248/435/1193
f 1245/409/1190 1251/408/1196 1246/436/1191
f 1252/500/1197 1253/501/1198 1254/502/1199
f 1255/503/1200 1252/500/1197 1254/502/1199
f 1256/504/1201 1255/503/1200 1254/502/1199
f 1257/505/1202 1255/503/1200 1256/504/1201
f 1258/506/1203 1255/503/1200 1257/505/1202
f 1259/507/1204 1258/506/1203 1257/505/1202
f 1260/508/1205 1258/506/1203 1259/507/1204
f 1261/509/1206 1260/508/1205 1259/507/1204
f 1262/510/1207 1260/508/1205 1261/509/1206
f 1263/508/1208 1262/510/1207 1261/509/1206
f 1264/507/1209 1263/508/1208 1261/509/1206
f 1265/506/1210 1263/508/1208 1264/507/1209
f 1266/505/1211 1265/506/1210 1264/507/1209
f 1267/511/1212 1265/506/1210 1266/505/1211
f 1268/512/1213 1267/511/1212 1266/505/1211
f 1269/415/1214 1270/428/1215 1271/425/1216
f 1272/495/1217 1269/415/1214 1271/425/1216
f 1273/416/1218 1269/415/1214 1272/495/1217
f 1274/418/1219 1273/416/1218 1272/495/1217
f 1275/420/1220 1274/418/1219 1272/495/1217
f 1276/496/1221 1275/420/1220 1272/495/1217
f 1277/423/1222 1275/420/1220 1276/496/1221
f 1278/425/1223 1277/423/1224 1279/496/1223
f 1272/495/1217 1271/425/1216 1276/496/1221
f 1280/492/1225 1281/428/1226 1282/415/1227
f 1283/414/1228 1280/492/1225 1282/415/1227
f 1284/493/1229 1280/492/1225 1283/414/1228
f 1285/429/1230 1280/492/1225 1284/493/1229
f 1281/428/1226 1280/492/1225 1285/429/1230
f 1286/513/1231 1287/514/1232 1288/515/1233
f 1289/516/1234 1286/513/1231 1288/515/1233
f 1290/517/1235 1289/516/1234 1288/515/1233
f 1291/518/1236 1292/516/1237 1290/517/1235
f 1293/519/1238 1291/518/1236 1290/517/1235
f 1294/520/1239 1291/518/1236 1293/519/1238
f 1295/521/1240 1294/520/1239 1293/519/1238
f 1296/522/1241 1294/520/1239 1295/521/1240
f 1297/523/1242 1296/522/1241 1295/521/1240
f 1298/524/1243 1296/522/1241 1297/523/1242
f 1299/525/1244 1300/526/1245 1301/527/1246
f 1302/528/1247 1299/525/1244 1301/527/1246
f 1303/513/1248 1302/528/1247 1301/527/1246
f 1304/514/1249 1303/513/1248 1301/527/1246
f 1305/529/1250 1306/530/1251 1307/531/1252
f 1308/532/1253 1305/529/1250 1307/531/1252
f 1309/533/1254 1308/532/1253 1307/531/1252
f 1310/534/1255 1308/532/1253 1309/533/1254
f 1311/535/1256 1310/534/1257 1312/533/1258
f 1313/437/1259 1314/534/1260 1311/535/1256
f 1315/410/1261 1314/534/1260 1313/437/1259
f 1316/437/1262 1317/535/1263 1318/536/1264
f 1319/537/1265 1316/437/1262 1318/536/1264
f 1320/538/1266 1319/537/1265 1318/536/1264
f 1321/539/1267 1319/537/1265 1320/538/1266
f 1322/540/1268 1319/537/1265 1321/539/1267
f 1323/541/1269 1322/540/1268 1321/539/1267
f 1324/542/1270 1322/540/1268 1323/541/1269
f 1325/543/1271 1322/540/1268 1324/542/1270
f 1326/544/1272 1322/540/1268 1325/543/1271
f 1319/537/1265 1322/540/1268 1326/544/1272
f 1316/437/1262 1319/537/1265 1326/544/1272
f 1327/545/1273 1316/437/1262 1326/544/1272
f 1328/438/1274 1316/437/1262 1327/545/1273
f 1329/546/1275 1328/438/1274 1327/545/1273
f 1326/544/1272 1329/546/1275 1327/545/1273
f 1325/543/1271 1329/546/1275 1326/544/1272
f 1324/542/1270 1329/546/1275 1325/543/1271
f 1330/440/1276 1329/546/1275 1324/542/1270
f 1328/438/1274 1329/546/1275 1330/440/1276
s 0
f 1331/441/1277 1332/440/1277 1333/542/1277
s 1
f 1334/402/1278 1335/401/1279 1336/529/1280
f 1337/411/1281 1334/402/1278 1336/529/1280
f 1338/532/1282 1337/411/1281 1336/529/1280
f 1339/534/1283 1337/411/1281 1338/532/1282
f 1340/410/1284 1337/411/1281 1339/534/1283
f 1341/515/1285 1342/514/1286 1343/513/1287
f 1344/516/1288 1341/515/1285 1343/513/1287
f 1345/517/1289 1341/515/1285 1344/516/1288
f 1346/518/1290 1345/517/1289 1347/516/1291
f 1348/519/1292 1345/517/1289 1346/518/1290
f 1349/520/1293 1348/519/1292 1346/518/1290
f 1350/521/1294 1348/519/1292 1349/520/1293
f 1351/522/1295 1350/521/1294 1349/520/1293
f 1352/523/1296 1350/521/1294 1351/522/1295
f 1353/524/1297 1352/523/1296 1351/522/1295
f 1354/527/1298 1355/526/1299 1356/525/1300
f 1357/528/1301 1354/527/1298 1356/525/1300
f 1358/513/1302 1354/527/1298 1357/528/1301
f 1359/514/1303 1354/527/1298 1358/513/1302
f 1360/531/1304 1361/530/1305 1362/529/1306
f 1363/532/1307 1360/531/1304 1362/529/1306
f 1364/533/1308 1360/531/1304 1363/532/1307
f 1365/534/1309 1364/533/1308 1363/532/1307
f 1366/535/1310 1367/533/1311 1365/534/1312
f 1368/437/1313 1366/535/1314 1369/534/1315
f 1370/536/1316 1366/535/1314 1368/437/1313
f 1371/547/1317 1370/536/1316 1372/437/1318
f 1373/538/1319 1370/536/1316 1371/547/1317
f 1374/539/1320 1373/538/1319 1371/547/1317
f 1375/548/1321 1374/539/1320 1371/547/1317
f 1376/541/1322 1374/539/1320 1375/548/1321
f 1377/542/1306 1376/541/1322 1375/548/1321
f 1378/543/1323 1377/542/1306 1375/548/1321
f 1379/544/1324 1378/543/1323 1375/548/1321
f 1371/547/1317 1379/544/1324 1375/548/1321
f 1372/437/1318 1379/544/1324 1371/547/1317
f 1380/549/1325 1379/544/1324 1372/437/1318
f 1381/438/1326 1380/549/1325 1372/437/1318
f 1382/550/1327 1380/549/1325 1381/438/1326
f 1379/544/1324 1380/549/1325 1382/550/1327
f 1378/543/1323 1379/544/1324 1382/550/1327
f 1377/542/1306 1378/543/1323 1382/550/1327
f 1383/440/1328 1377/542/1306 1382/550/1327
f 1384/441/1329 1377/542/1306 1383/440/1328
s 0
f 1385/550/1330 1386/438/1330 1387/440/1330
f 1388/410/1331 1389/437/1331 1390/534/1331
s 1
f 1391/529/1332 1392/401/1333 1393/402/1334
f 1394/411/1335 1391/529/1332 1393/402/1334
f 1395/532/1336 1391/529/1332 1394/411/1335
f 1396/534/1337 1395/532/1336 1394/411/1335
f 1397/410/1338 1396/534/1337 1394/411/1335
o Object_4
v 7.265411 91.322212 -2.161708
v 3.423618 93.023293 -2.772248
v 4.068296 93.463387 -1.772501
v 5.400886 94.096107 -0.997942
v 6.775841 94.514824 -0.525262
v 8.364735 94.495796 -0.033108
v 9.847871 93.780739 -0.154134
v 10.769902 92.663216 -0.834991
v 11.030405 91.533257 -1.895597
v 10.600523 90.579399 -3.179662
v 9.462215 90.230232 -4.428687
v 7.764502 90.538475 -5.138808
v 6.074758 91.195000 -5.107233
v 4.819118 91.820717 -4.505215
v 3.840328 92.469017 -3.795714
v -1.973872 82.743248 -0.037900
v -1.463716 82.839836 -1.009130
v -2.908096 81.134315 -2.423726
v -1.463716 82.839836 -1.009130
v -0.428603 82.719337 -1.795809
v -1.837679 81.062950 -3.446883
v -0.428603 82.719337 -1.795809
v 0.509886 82.691490 -1.834967
v -0.000257 80.757393 -4.122197
v 1.987167 82.742775 -0.044451
v 2.765294 81.083717 -2.437089
v 1.513035 82.839912 -1.027748
v 1.513035 82.839912 -1.027748
v 1.794815 81.067940 -3.409050
v 0.509886 82.691490 -1.834967
v 5.912889 86.508202 5.255516
v 7.197111 85.393272 4.858798
v 6.142745 86.719429 4.712314
v 5.252772 88.415688 4.755874
v 5.145813 87.972343 5.372810
v 4.371191 89.535179 5.501737
v 4.795763 89.566246 4.828106
v 3.524493 91.265984 5.225706
v 3.827646 89.504082 5.538383
v 5.145813 87.972343 5.372810
v 4.371191 89.535179 5.501737
v 4.936394 86.990379 5.300890
v 5.912889 86.508202 5.255516
v 5.555830 86.244148 5.145498
v 7.197111 85.393272 4.858798
v -6.101979 86.524208 4.391686
v -7.173455 84.974510 4.725647
v -5.872123 86.312981 4.934917
v -5.408882 88.385750 4.435556
v -5.104153 87.713371 4.985520
v -4.582104 89.478020 5.040529
v -5.006375 89.635887 4.582044
v -3.783743 91.305611 4.815625
v -4.091689 89.434212 4.984977
v -4.304001 88.337532 4.902306
v -4.582104 89.478020 5.040529
v -4.739124 87.017754 4.711019
v -5.104153 87.713371 4.985520
v -5.872123 86.312981 4.934917
v -5.464390 86.048927 4.616696
v -7.173455 84.974510 4.725647
v -4.255459 87.259621 -1.467748
v -4.766484 86.363091 1.892447
v -3.678592 84.233742 1.400524
v -3.559998 85.080833 -1.964666
v -3.596810 84.318611 -1.458450
v -3.654232 83.782784 0.665050
v 3.772191 84.234657 1.392730
v 4.187094 86.363014 1.890297
v 3.984490 87.259422 -1.477954
v 3.298154 85.080406 -1.986425
v 3.326750 84.318214 -1.479685
v 3.617831 83.782463 0.648990
v 5.324575 84.371452 2.488251
v 3.813510 82.107552 3.248356
v 4.002739 84.427574 1.840105
v 4.622881 86.618370 1.661092
v 5.985548 86.646538 2.060765
v 4.946781 88.939751 0.060778
v 5.953000 89.368340 1.518542
v 4.816388 91.955238 0.080279
v 5.307317 91.361641 2.013498
v 4.275504 93.065025 1.800634
v 3.333974 94.141640 0.088823
v 2.433342 94.467140 1.191934
v 0.409011 94.876640 0.090406
v 0.245364 94.971138 0.708480
v -1.699152 94.627617 0.035835
v 5.953000 89.368340 1.518542
v 5.307317 91.361641 2.013498
v 5.659080 89.620598 2.376519
v 5.456842 86.658882 3.030468
v 5.985548 86.646538 2.060765
v 5.324575 84.371452 2.488251
v 4.955159 84.732491 3.124895
v 3.813510 82.107552 3.248356
v -3.512256 93.972786 0.827097
v -1.699152 94.627617 0.035835
v -3.271293 94.038048 0.087787
v -5.795188 91.562859 2.090601
v -4.912195 91.997459 0.077426
v -5.506197 89.018379 1.112732
v -5.879686 89.479027 2.833172
v -5.186874 92.477577 3.748644
v -5.351634 89.732597 4.377259
v -4.178185 92.487770 4.346881
v -5.393292 87.406715 4.149816
v -5.351634 89.732597 4.377259
v -5.879686 89.479027 2.833172
v -5.918399 87.487633 3.146987
v -5.506197 89.018379 1.112732
v -4.606557 86.170006 1.993999
v -5.918399 87.487633 3.146987
v -5.242247 84.568535 3.043339
v -4.288346 84.467903 2.345494
v -3.825593 82.017830 2.923871
v -5.305848 84.637947 3.617336
v -4.656458 84.492058 3.881270
v -3.825593 82.017830 2.923871
v -5.017360 85.519615 4.044176
v -5.305848 84.637947 3.617336
v -4.223088 85.166908 0.403031
v -4.181443 83.676582 1.032737
v -4.385623 83.193260 0.350741
v -4.469932 84.753319 -0.395791
v -4.850821 82.875084 -0.017439
v -5.199257 84.358391 -0.973652
v -5.834756 82.643349 -0.051600
v -6.288873 84.123192 -1.205182
v -6.949778 82.670280 0.185350
v -7.611292 84.244194 -0.850784
v -7.975724 83.077797 0.947476
v -8.699279 84.940514 0.127207
v -8.431499 84.318092 1.939015
v -9.219429 86.121101 1.238940
v -8.355433 85.501686 2.628959
v -8.816326 87.143990 1.916431
v -7.496392 86.487892 2.872823
v -7.766644 88.027733 2.270310
v -6.356427 86.917076 2.689666
v -6.322874 88.476479 1.990863
v -5.418535 87.091591 2.488095
v -5.388364 88.670631 1.676192
v -4.591676 86.627525 1.632683
v -4.645907 88.296318 0.688901
v -4.211764 86.040001 0.588026
v -4.164036 87.929527 -0.306807
v -4.167009 80.919945 3.075404
v -4.321708 81.343132 2.899703
v -4.732306 81.053062 3.270108
v -4.434178 80.769203 3.359461
v -5.146994 80.331795 3.413618
v -4.742735 80.157860 3.436175
v -4.390932 90.285179 -2.428571
v -4.495716 88.135063 -1.343121
v -5.016341 87.548149 -2.495542
v -5.031454 89.849831 -3.523626
v -6.009484 87.274803 -3.127606
v -6.144588 89.601341 -4.303956
v -7.245924 87.156410 -3.381671
v -7.696198 89.604210 -4.657631
v -9.273324 89.903648 -4.245004
v -8.924586 87.572044 -2.788355
v -10.601037 90.579399 -3.179662
v -10.035957 88.263741 -1.803811
v -11.030918 91.533257 -1.895597
v -10.555456 89.037254 -0.749907
v -10.262717 90.201302 0.263615
v -10.770415 92.663216 -0.834991
v -9.370231 91.261833 0.840096
v -9.848384 93.780739 -0.154134
v -7.889338 91.944054 0.946697
v -8.365250 94.495796 -0.033108
v -6.633454 92.042641 0.585614
v -6.776353 94.514824 -0.525262
v -5.401400 94.096107 -0.997942
v -5.177640 91.624550 -0.351899
v -4.068810 93.463387 -1.772501
v -4.037294 90.662132 -1.814562
v -3.424132 93.023293 -2.772248
v -4.538529 80.284019 4.218942
v -4.292814 80.061211 4.146478
v -4.657409 79.950630 4.009134
v -4.983578 80.172127 4.153986
v -4.983578 80.172127 4.153986
v -4.657409 79.950630 4.009134
v -4.742735 80.157860 3.436175
v -5.146994 80.331795 3.413618
v -4.297145 81.083717 2.313331
v -4.321708 81.343132 2.899703
v -4.167009 80.919945 3.075404
v -4.178768 80.552147 2.541084
v -4.297145 81.083717 2.313331
v -4.178768 80.552147 2.541084
v -5.105891 80.431801 2.430600
v -5.218348 81.013741 2.004070
v -4.292814 80.061211 4.146478
v -4.538529 80.284019 4.218942
v -4.264530 80.429924 3.935271
v -4.003430 80.252129 3.841025
v -4.404116 82.581871 2.632118
v -4.263579 82.165779 2.066618
v -4.319931 83.103691 1.586348
v -4.522927 83.593971 2.300900
v -5.010163 82.837135 3.301187
v -5.106366 83.826347 2.923662
v -5.882157 83.566399 3.064163
v -5.680830 82.516289 3.520447
v -6.350246 82.775063 2.846662
v -6.023428 81.774330 3.342191
v -6.282139 81.921425 2.471236
v -5.939024 81.073601 2.991855
v -5.218348 81.013741 2.004070
v -5.105891 80.431801 2.430600
v -4.677247 82.686012 1.058271
v -4.319931 83.103691 1.586348
v -4.263579 82.165779 2.066618
v -4.563378 81.755287 1.606446
v -4.948395 81.534935 1.400755
v -5.113849 82.465111 0.773227
v -5.711152 81.390663 1.501684
v -5.943968 82.298485 0.768773
v -6.446397 81.519218 1.816355
v -6.890821 82.460960 1.123587
v -7.051669 81.971855 2.316747
v -7.548806 82.915504 1.641151
v -7.260587 82.889183 2.992784
v -7.735196 83.940865 2.340058
v -7.114023 83.833183 3.471580
v -7.393657 85.111671 2.850470
v -6.287163 84.450813 3.341048
v -6.427864 85.744728 2.770497
v -5.249565 84.633141 2.996203
v -5.236041 85.962837 2.484495
v -4.410145 84.242378 2.064467
v -4.366042 85.580696 1.384259
v -4.181443 83.676582 1.032737
v -4.223088 85.166908 0.403031
v -4.310616 87.622688 -1.315902
v -4.164036 87.929527 -0.306807
v -4.211764 86.040001 0.588026
v -4.322020 85.474571 -0.381240
v -4.875818 87.190697 -2.235989
v -4.970243 84.957146 -1.252477
v -6.233013 86.776649 -2.888533
v -6.333724 84.637810 -1.682992
v -7.887968 84.880791 -1.364436
v -8.069484 86.872826 -2.844452
v -9.028488 85.471550 -0.505138
v -9.567024 87.589958 -1.960058
v -9.721549 86.484703 0.824480
v -10.404707 88.801414 -0.454300
v -9.195138 87.759987 1.791129
v -9.883106 90.120430 0.513877
v -8.105087 88.802498 2.301492
v -8.554412 91.265724 0.973271
v -6.492686 89.287498 2.200979
v -6.680490 91.846855 0.733083
v -5.190567 89.015144 1.151504
v -5.420504 91.675713 -0.047818
v -4.513546 91.121223 -1.121275
v -4.456230 88.567787 0.049458
v -4.390932 90.285179 -2.428571
v -4.495716 88.135063 -1.343121
v -3.840841 92.469017 -3.795714
v -4.178239 90.342079 -2.462911
v -5.031454 89.849831 -3.523626
v -4.819630 91.820717 -4.505215
v -6.144588 89.601341 -4.303956
v -6.075270 91.195000 -5.107233
v -7.765014 90.538475 -5.138808
v -7.696198 89.604210 -4.657631
v -9.462730 90.230232 -4.428687
v -9.273324 89.903648 -4.245004
v -10.601037 90.579399 -3.179662
v -3.424132 93.023293 -2.772248
v -4.037294 90.662132 -1.814562
v -4.178239 90.342079 -2.462911
v -3.840841 92.469017 -3.795714
v 5.364074 86.377602 1.689764
v 5.878658 87.410805 1.253831
v 4.343247 87.424217 1.502590
v 4.187094 86.363014 1.890297
v 3.772191 84.234657 1.392730
v 4.486758 84.279289 1.199265
v 3.617831 83.782463 0.648990
v 4.523867 83.811287 0.463763
v 5.364074 86.377602 1.689764
v 5.878658 87.410805 1.253831
v 5.592682 87.940132 -0.803520
v 4.523867 83.811287 0.463763
v 4.220891 84.310905 -1.530733
v 4.049273 85.080208 -2.043014
v 4.896840 87.244072 -1.567613
v 4.523867 83.811287 0.463763
v 3.617831 83.782463 0.648990
v 3.326750 84.318214 -1.479685
v 4.220891 84.310905 -1.530733
v 4.049273 85.080208 -2.043014
v 3.298154 85.080406 -1.986425
v 4.896840 87.244072 -1.567613
v 3.984490 87.259422 -1.477954
v 4.304249 88.005913 -0.652324
v 5.592682 87.940132 -0.803520
v 5.878658 87.410805 1.253831
v 5.620707 90.078331 1.564617
v 4.916637 90.054405 1.696807
v 4.343247 87.424217 1.502590
v 4.680821 90.431297 0.182915
v 5.407730 90.443459 0.106434
v 5.592682 87.940132 -0.803520
v 4.304249 88.005913 -0.652324
v -4.980535 90.431252 0.181233
v -5.706072 90.443184 0.092606
v -5.547884 91.578743 0.591961
v -5.115654 91.886436 0.713919
v -5.729128 91.304726 1.685385
v -5.943288 90.077965 1.547034
v -5.241513 90.054283 1.690981
v -5.300539 91.599785 1.848780
v -4.888283 87.424217 1.502617
v -6.195115 87.410378 1.231973
v -5.687551 86.377327 1.676450
v -4.766484 86.363091 1.892447
v -3.678592 84.233742 1.400524
v -4.801463 84.279320 1.200713
v -3.654232 83.782784 0.665050
v -4.826094 83.811317 0.464696
v -5.687551 86.377327 1.676450
v -6.195115 87.410378 1.231973
v -4.826094 83.811317 0.464696
v -5.874935 87.939827 -0.820303
v -4.489959 84.311028 -1.524467
v -3.596810 84.318611 -1.458450
v -4.489959 84.311028 -1.524467
v -5.166179 87.243965 -1.572640
v -5.874935 87.939827 -0.820303
v -4.589246 88.006020 -0.647582
v -4.255459 87.259621 -1.467748
v -3.559998 85.080833 -1.964666
v -4.310058 85.080391 -2.033791
v -3.596810 84.318611 -1.458450
v -4.489959 84.311028 -1.524467
v -5.874935 87.939827 -0.820303
v -4.310058 85.080391 -2.033791
v -5.166179 87.243965 -1.572640
v -5.241513 90.054283 1.690981
v -5.943288 90.077965 1.547034
v -6.195115 87.410378 1.231973
v -4.888283 87.424217 1.502617
v -5.874935 87.939827 -0.820303
v -5.706072 90.443184 0.092606
v -4.980535 90.431252 0.181233
v -4.589246 88.006020 -0.647582
v -1.668723 97.979370 4.230048
v -0.070471 98.860733 3.805126
v -1.858427 98.090225 3.812508
v -2.994061 97.371033 3.828488
v -2.765604 97.125122 4.338025
v -3.836156 96.221344 3.414574
v -3.320772 95.507835 3.877927
v -3.696122 94.775017 2.918559
v -3.099756 94.345650 2.806286
v -1.890296 94.125557 3.184563
v -2.882148 95.431908 3.960703
v -2.409890 96.761642 4.360633
v -1.668723 97.979370 4.230048
v -1.509122 97.724472 4.193117
v -0.070471 98.860733 3.805126
v 3.931535 86.092522 4.553683
v 4.561602 84.106163 3.769622
v 4.936394 86.990379 5.300890
v 3.418825 87.462746 5.139721
v 3.827646 89.504082 5.538383
v 2.043885 89.694176 5.586297
v 0.444818 90.752205 5.680827
v 3.073579 91.244606 5.550013
v 2.072087 93.232719 4.750847
v -0.118118 93.318443 4.883869
v 0.347773 94.575188 3.158952
v -0.429241 94.445534 2.193209
v -5.506197 89.018379 1.112732
v -4.912195 91.997459 0.077426
v -4.812936 88.939751 0.060778
v -4.606557 86.170006 1.993999
v -4.092721 84.085960 0.816038
v 1.310512 92.066612 5.338236
v -0.118118 93.318443 4.883869
v 1.054585 92.153130 5.894389
v 2.088666 91.034340 5.620479
v 1.684463 90.902565 6.355127
v 2.429553 90.098534 5.644955
v 2.432961 88.885384 6.533184
v 2.609889 88.847923 5.488503
v 2.818997 86.827156 5.348466
v 0.245364 94.971138 0.708480
v -1.699152 94.627617 0.035835
v -0.429241 94.445534 2.193209
v 1.998926 94.146019 2.018470
v 2.433342 94.467140 1.191934
v 4.275504 93.065025 1.800634
v 3.954684 93.114632 3.694590
v 5.307317 91.361641 2.013498
v 5.139840 91.407585 4.000480
v 5.573482 89.619576 4.178048
v 5.659080 89.620598 2.376519
v 5.456842 86.658882 3.030468
v 5.549502 86.763725 4.236968
v 4.561602 84.106163 3.769622
v 4.936394 86.990379 5.300890
v 3.827646 89.504082 5.538383
v 3.073579 91.244606 5.550013
v 2.072087 93.232719 4.750847
v 0.347773 94.575188 3.158952
v -1.050645 88.169975 6.053901
v 0.850515 85.925011 5.729074
v -0.252925 88.556190 7.114379
v -1.846804 89.433418 5.558429
v -0.625939 90.611702 6.963284
v -0.920944 92.282066 6.360205
v -2.345202 90.682335 5.070314
v -1.179192 93.576912 5.249040
v -1.899760 94.172234 3.214297
v -1.393026 94.536583 3.594440
v -1.699152 94.627617 0.035835
v -0.429241 94.445534 2.193209
v -1.393026 94.536583 3.594440
v -0.118118 93.318443 4.883869
v -1.179192 93.576912 5.249040
v -0.920944 92.282066 6.360205
v 0.444818 90.752205 5.680827
v 0.422984 89.703575 5.849895
v -0.625939 90.611702 6.963284
v -0.252925 88.556190 7.114379
v 0.469571 88.532524 6.018988
v 0.850515 85.925011 5.729074
v 5.015828 87.548149 -2.495542
v 4.495202 88.135063 -1.343121
v 4.390419 90.285179 -2.428571
v 5.030941 89.849831 -3.523626
v 6.008969 87.274803 -3.127606
v 6.144075 89.601341 -4.303956
v 7.245409 87.156410 -3.381671
v 7.695685 89.604210 -4.657631
v 9.272811 89.903648 -4.245004
v 8.924073 87.572044 -2.788355
v 10.600523 90.579399 -3.179662
v 10.035444 88.263741 -1.803811
v 11.030405 91.533257 -1.895597
v 10.554942 89.037254 -0.749907
v 10.262203 90.201302 0.263615
v 10.769902 92.663216 -0.834991
v 9.369719 91.261833 0.840096
v 9.847871 93.780739 -0.154134
v 7.888826 91.944054 0.946697
v 8.364735 94.495796 -0.033108
v 6.632939 92.042641 0.585614
v 6.775841 94.514824 -0.525262
v 5.400886 94.096107 -0.997942
v 5.177127 91.624550 -0.351899
v 4.068296 93.463387 -1.772501
v 4.036780 90.662132 -1.814562
v 3.423618 93.023293 -2.772248
v 4.433665 80.769203 3.359461
v 4.742222 80.157860 3.436175
v 5.146479 80.331795 3.413618
v 4.731795 81.053062 3.270108
v 4.166496 80.919945 3.075404
v 4.321195 81.343132 2.899703
v 5.938511 81.073601 2.991855
v 5.105379 80.431801 2.430600
v 5.217835 81.013741 2.004070
v 6.281625 81.921425 2.471236
v 6.022915 81.774330 3.342191
v 6.349733 82.775063 2.846662
v 5.680316 82.516289 3.520447
v 5.881644 83.566399 3.064163
v 5.009649 82.837135 3.301187
v 5.105853 83.826347 2.923662
v 4.522415 83.593971 2.300900
v 4.403603 82.581871 2.632118
v 4.319417 83.103691 1.586348
v 4.263066 82.165779 2.066618
v 4.385109 83.193260 0.350741
v 4.180929 83.676582 1.032737
v 4.222575 85.166908 0.403031
v 4.469418 84.753319 -0.395791
v 4.850307 82.875084 -0.017439
v 5.198743 84.358391 -0.973652
v 5.834242 82.643349 -0.051600
v 6.288360 84.123192 -1.205182
v 6.949265 82.670280 0.185350
v 7.610778 84.244194 -0.850784
v 7.975212 83.077797 0.947476
v 8.698766 84.940514 0.127207
v 8.430984 84.318092 1.939015
v 9.218918 86.121101 1.238940
v 8.354919 85.501686 2.628959
v 8.815814 87.143990 1.916431
v 7.495878 86.487892 2.872823
v 7.766130 88.027733 2.270310
v 6.355913 86.917076 2.689666
v 6.322361 88.476479 1.990863
v 5.418021 87.091591 2.488095
v 5.387850 88.670631 1.676192
v 4.591162 86.627525 1.632683
v 4.645394 88.296318 0.688901
v 4.211250 86.040001 0.588026
v 4.163521 87.929527 -0.306807
v 4.656895 79.950630 4.009134
v 4.292300 80.061211 4.146478
v 4.538015 80.284019 4.218942
v 4.983063 80.172127 4.153986
v 4.742222 80.157860 3.436175
v 4.656895 79.950630 4.009134
v 4.983063 80.172127 4.153986
v 5.146479 80.331795 3.413618
v 4.166496 80.919945 3.075404
v 4.321195 81.343132 2.899703
v 4.296631 81.083717 2.313331
v 4.178254 80.552147 2.541084
v 5.105379 80.431801 2.430600
v 4.178254 80.552147 2.541084
v 4.296631 81.083717 2.313331
v 5.217835 81.013741 2.004070
v 4.264017 80.429924 3.935271
v 4.538015 80.284019 4.218942
v 4.292300 80.061211 4.146478
v 4.002916 80.252129 3.841025
v 4.263066 82.165779 2.066618
v 4.319417 83.103691 1.586348
v 4.676733 82.686012 1.058271
v 4.562864 81.755287 1.606446
v 4.947882 81.534935 1.400755
v 5.113335 82.465111 0.773227
v 5.710638 81.390663 1.501684
v 5.943454 82.298485 0.768773
v 6.445882 81.519218 1.816355
v 6.890306 82.460960 1.123587
v 7.051157 81.971855 2.316747
v 7.548292 82.915504 1.641151
v 7.260076 82.889183 2.992784
v 7.734684 83.940865 2.340058
v 7.113510 83.833183 3.471580
v 7.393144 85.111671 2.850470
v 6.286649 84.450813 3.341048
v 6.427349 85.744728 2.770497
v 5.249051 84.633141 2.996203
v 5.235527 85.962837 2.484495
v 4.409632 84.242378 2.064467
v 4.365529 85.580696 1.384259
v 4.180929 83.676582 1.032737
v 4.222575 85.166908 0.403031
v 4.321507 85.474571 -0.381240
v 4.211250 86.040001 0.588026
v 4.163521 87.929527 -0.306807
v 4.310100 87.622688 -1.315902
v 4.875305 87.190697 -2.235989
v 4.969728 84.957146 -1.252477
v 6.232499 86.776649 -2.888533
v 6.333209 84.637810 -1.682992
v 7.887453 84.880791 -1.364436
v 8.068971 86.872826 -2.844452
v 9.027976 85.471550 -0.505138
v 9.566512 87.589958 -1.960058
v 9.721035 86.484703 0.824480
v 10.404192 88.801414 -0.454300
v 9.194624 87.759987 1.791129
v 9.882591 90.120430 0.513877
v 8.104574 88.802498 2.301492
v 8.553898 91.265724 0.973271
v 6.492172 89.287498 2.200979
v 6.679976 91.846855 0.733083
v 5.190053 89.015144 1.151504
v 5.419990 91.675713 -0.047818
v 4.513031 91.121223 -1.121275
v 4.455716 88.567787 0.049458
v 4.495202 88.135063 -1.343121
v 4.390419 90.285179 -2.428571
v 4.916637 90.054405 1.696807
v 5.620707 90.078331 1.564617
v 5.403859 91.305000 1.699371
v 4.972499 91.599937 1.855566
v 5.240850 91.578972 0.603071
v 5.407730 90.443459 0.106434
v 4.680821 90.431297 0.182915
v 4.806516 91.886513 0.717778
v -4.557946 84.549004 0.662771
v -4.643070 84.377220 0.494270
v -4.373401 82.811562 1.706079
v -4.290912 83.028465 1.845388
v -3.271429 81.501793 3.048937
v -3.170486 81.863503 3.152636
v -2.893120 81.095207 3.263403
v -2.686605 81.815712 3.466062
v -2.137288 80.826561 3.581856
v -1.941324 81.488838 3.775943
v -1.857667 81.114952 3.721993
v -4.293574 84.488564 0.548453
v -4.557946 84.549004 0.662771
v -4.290912 83.028465 1.845388
v -3.979110 82.987083 1.814726
v -3.170486 81.863503 3.152636
v -3.056876 81.769402 2.888261
v -2.686605 81.815712 3.466062
v -2.601033 81.465446 3.130414
v -1.941324 81.488838 3.775943
v -1.873106 81.215431 3.392456
v -1.857667 81.114952 3.721993
v -1.873106 81.215431 3.392456
v -1.857667 81.114952 3.721993
v -2.137288 80.826561 3.581856
v -2.893120 81.095207 3.263403
v -2.601033 81.465446 3.130414
v -3.271429 81.501793 3.048937
v -3.056876 81.769402 2.888261
v -4.373401 82.811562 1.706079
v -3.979110 82.987083 1.814726
v -4.293574 84.488564 0.548453
v -4.643070 84.377220 0.494270
v 1.784943 88.579414 5.863441
v 2.818997 86.827156 5.348466
v 2.432961 88.885384 6.533184
v 0.444818 90.752205 5.680827
v 1.684463 90.902565 6.355127
v 1.054585 92.153130 5.894389
v -0.118118 93.318443 4.883869
v 5.030941 89.849831 -3.523626
v 4.177725 90.342079 -2.462911
v 3.840328 92.469017 -3.795714
v 4.819118 91.820717 -4.505215
v 6.144075 89.601341 -4.303956
v 6.074758 91.195000 -5.107233
v 7.764502 90.538475 -5.138808
v 7.695685 89.604210 -4.657631
v 9.462215 90.230232 -4.428687
v 9.272811 89.903648 -4.245004
v 10.600523 90.579399 -3.179662
v 4.177725 90.342079 -2.462911
v 4.036780 90.662132 -1.814562
v 3.423618 93.023293 -2.772248
v 3.840328 92.469017 -3.795714
v -3.512256 93.972786 0.827097
v -5.795188 91.562859 2.090601
v -4.195809 93.787666 2.924178
v -1.699152 94.627617 0.035835
v -1.899760 94.172234 3.214297
v -4.178185 92.487770 4.346881
v -4.195809 93.787666 2.924178
v -5.186874 92.477577 3.748644
v -5.651826 89.927650 4.925877
v -6.486115 89.739159 4.403079
v -7.579301 88.279778 4.661836
v -6.572854 89.490105 3.404006
v -4.068810 93.463387 -1.772501
v -3.424132 93.023293 -2.772248
v -7.265925 91.322212 -2.161708
v -5.401400 94.096107 -0.997942
v -6.776353 94.514824 -0.525262
v -8.365250 94.495796 -0.033108
v -9.848384 93.780739 -0.154134
v -10.770415 92.663216 -0.834991
v -11.030918 91.533257 -1.895597
v -10.601037 90.579399 -3.179662
v -9.462730 90.230232 -4.428687
v -7.765014 90.538475 -5.138808
v -6.075270 91.195000 -5.107233
v -4.819630 91.820717 -4.505215
v -3.840841 92.469017 -3.795714
v 5.700604 90.267311 0.830204
v 5.620707 90.078331 1.564617
v 5.878658 87.410805 1.253831
v 5.592682 87.940132 -0.803520
v 5.407730 90.443459 0.106434
v 5.240850 91.578972 0.603071
v 5.523921 91.439430 1.147933
v 4.806516 91.886513 0.717778
v 4.892278 91.735832 1.313710
v 4.972499 91.599937 1.855566
v 5.403859 91.305000 1.699371
v -6.010936 90.266930 0.811376
v -5.547884 91.578743 0.591961
v -5.706072 90.443184 0.092606
v -5.874935 87.939827 -0.820303
v -6.195115 87.410378 1.231973
v -5.943288 90.077965 1.547034
v -5.729128 91.304726 1.685385
v -5.839997 91.439095 1.132003
v -5.115654 91.886436 0.713919
v -5.211313 91.735756 1.308326
v -5.300539 91.599785 1.848780
v -3.802387 87.051567 4.660099
v -2.995175 89.297417 5.199417
v -4.739124 87.017754 4.711019
v -4.193990 85.477440 4.571424
v -4.818761 85.408104 4.440350
v -4.385555 83.942421 4.584968
v -4.689223 84.503944 4.246160
v -5.017360 85.519615 4.044176
v -4.739124 87.017754 4.711019
v -5.393292 87.406715 4.149816
v -4.442815 89.478020 4.916317
v -5.351634 89.732597 4.377259
v -4.178185 92.487770 4.346881
v -3.336198 92.546654 4.747277
v -1.899760 94.172234 3.214297
v -2.345202 90.682335 5.070314
v 4.885365 91.678352 1.303377
v 4.946781 88.939751 0.060778
v 4.741068 92.139275 -0.843482
v 3.406726 93.403191 1.989671
v 3.308392 94.435768 -1.358405
v 1.607785 94.943184 -1.446824
v 1.706406 93.969261 2.338736
v -0.000257 94.281868 2.394135
v -0.000257 94.851082 -1.456639
v -1.699152 93.969261 2.338736
v -1.560924 94.943092 -1.407740
v -3.058043 94.435646 -1.319349
v -3.399473 93.403191 1.989671
v -4.919134 92.177483 -0.804323
v -4.878112 91.678352 1.303377
v -4.812936 88.939751 0.060778
v -4.987555 90.485725 -3.855440
v -3.183726 94.004433 -3.981413
v -1.627037 94.418739 -4.435760
v -0.000257 94.197258 -4.615283
v 1.675039 94.418846 -4.474812
v 3.233289 94.004524 -4.020471
v 5.041124 90.485817 -3.894522
v 4.747831 88.408424 -4.412268
v 4.495815 85.912254 -2.541126
v 4.622881 86.618370 1.661092
v 3.626562 84.382607 0.521181
v 3.154019 83.785118 0.421132
v 1.987167 82.742775 -0.044451
v 3.136787 85.061958 -4.017177
v 3.201407 88.280418 -6.208583
v 3.264235 91.880119 -5.871328
v 1.646918 92.257317 -6.542524
v -0.000257 92.379967 -6.282549
v -1.602188 92.257195 -6.503466
v -3.221745 91.880211 -5.907977
v -3.158973 88.280769 -6.332665
v -1.582961 88.242546 -6.984800
v -0.000257 88.224037 -6.903168
v 1.627528 88.242668 -7.023852
v -0.000257 84.666267 -5.123888
v -3.094338 85.061882 -3.978097
v -4.694505 88.408302 -4.373180
v -4.442665 85.912148 -2.502069
v -1.973872 82.743248 -0.037900
v -1.463716 82.839836 -1.009130
v -0.428603 82.719337 -1.795809
v 0.509886 82.691490 -1.834967
v 1.513035 82.839912 -1.027748
v -4.442665 85.912148 -2.502069
v -1.973872 82.743248 -0.037900
v -3.253329 83.793755 0.432243
v -3.725914 84.330666 0.522061
v -4.899961 85.793251 0.066681
v -4.812936 88.939751 0.060778
vn 0.2421 0.7904 -0.5627
vn 0.4215 0.7964 -0.4337
vn 0.3447 0.6396 -0.6871
vn 0.1998 0.4902 -0.8484
vn 0.2163 0.4714 -0.8550
vn 0.2157 0.4913 -0.8439
vn 0.1327 0.5396 -0.8314
vn 0.0546 0.6265 -0.7775
vn 0.0059 0.7415 -0.6709
vn 0.0437 0.8697 -0.4916
vn 0.1712 0.9422 -0.2879
vn 0.3042 0.9325 -0.1945
vn 0.3596 0.9146 -0.1848
vn 0.3919 0.8936 -0.2190
vn 0.4196 0.8661 -0.2717
vn -0.6238 0.7391 -0.2542
vn -0.3097 0.7904 -0.5286
vn -0.0042 0.7641 -0.6451
vn 0.6766 0.6896 -0.2581
vn 0.3202 0.7778 -0.5409
vn 0.7289 0.4816 0.4866
vn 0.6511 0.5727 0.4982
vn 0.7242 0.4814 0.4937
vn 0.8180 0.3691 0.4412
vn 0.8206 0.3871 0.4205
vn 0.6256 0.3620 0.6911
vn 0.7855 0.3488 0.5112
vn 0.5025 0.3704 0.7812
vn 0.0582 0.0839 0.9948
vn 0.0303 -0.0763 0.9966
vn 0.0699 -0.0476 0.9964
vn -0.0009 -0.1065 0.9943
vn -0.0393 -0.2819 0.9586
vn -0.0622 -0.3110 0.9484
vn -0.0227 -0.3582 0.9334
vn -0.7660 0.4194 0.4872
vn -0.6594 0.5632 0.4980
vn -0.7303 0.4379 0.5242
vn -0.7165 0.2263 0.6598
vn -0.5490 0.2298 0.8036
vn -0.3621 0.1545 0.9192
vn -0.6698 0.2403 0.7026
vn -0.3244 0.2539 0.9112
vn 0.1119 -0.0077 0.9937
vn 0.1786 -0.1120 0.9775
vn 0.1640 -0.0792 0.9833
vn 0.3152 -0.2387 0.9185
vn 0.1787 -0.1120 0.9775
vn 0.2870 -0.2175 0.9329
vn 0.3586 -0.3941 0.8462
vn 0.3767 -0.4159 0.8277
vn 0.3416 -0.4602 0.8195
vn 0.9316 0.3274 0.1581
vn 0.8857 0.3969 0.2406
vn 0.9611 0.2389 0.1385
vn 0.9796 0.1841 0.0809
vn 0.9993 -0.0265 0.0278
vn 0.9996 0.0070 0.0288
vn -0.9767 0.1592 0.1442
vn -0.9805 0.1670 0.1034
vn -0.9612 0.2223 0.1631
vn -0.9639 0.1929 0.1835
vn -0.9856 0.0673 0.1548
vn -0.9846 0.0811 0.1550
vn 0.3747 -0.3406 -0.8623
vn 0.3626 -0.5050 -0.7832
vn 0.3999 -0.3523 -0.8461
vn 0.2928 -0.3996 -0.8687
vn 0.3966 -0.3573 -0.8456
vn 0.7686 -0.1153 -0.6293
vn 0.8738 0.0412 -0.4846
vn 0.8899 0.4151 -0.1894
vn 0.9076 0.4064 -0.1057
vn 0.7933 0.6085 -0.0216
vn 0.5692 0.8212 0.0400
vn 0.3599 0.9328 0.0190
vn 0.0942 0.9875 -0.1266
vn 0.0678 0.9888 -0.1332
vn -0.1109 0.9776 -0.1788
vn 0.9417 0.1081 0.3187
vn 0.9376 0.2416 0.2502
vn 0.9490 0.1316 0.2864
vn 0.8783 -0.0566 0.4747
vn 0.8779 -0.0094 0.4788
vn 0.7859 -0.2372 0.5710
vn 0.7792 -0.2304 0.5828
vn 0.7440 -0.2954 0.5993
vn -0.6664 0.7298 -0.1528
vn -0.3519 0.9355 -0.0321
vn -0.5375 0.8370 -0.1026
vn -0.9805 0.1766 -0.0866
vn -0.8521 0.4433 -0.2780
vn -0.9571 0.0027 -0.2899
vn -0.9963 0.0567 0.0651
vn -0.7557 0.1933 0.6257
vn -0.8891 0.1522 0.4316
vn -0.4991 0.2218 0.8377
vn -0.8891 -0.0412 0.4559
vn -0.9453 -0.0149 0.3257
vn -0.9955 0.0016 0.0945
vn -0.9475 -0.0101 0.3196
vn -0.9222 -0.1953 -0.3338
vn -0.7342 -0.2485 -0.6318
vn -0.7846 -0.3125 -0.5356
vn -0.9222 -0.1954 -0.3339
vn -0.8454 -0.3343 -0.4165
vn -0.5860 -0.2792 -0.7607
vn -0.7254 -0.3759 -0.5766
vn -0.8868 -0.3688 0.2787
vn -0.4205 -0.3875 0.8204
vn -0.4212 -0.4468 0.7893
vn -0.5811 -0.1926 0.7907
vn -0.4150 -0.2828 0.8647
vn -0.4205 -0.3874 0.8204
vn -0.5812 -0.1926 0.7907
vn 0.9646 -0.0727 -0.2536
vn 0.9685 -0.0735 -0.2379
vn 0.8526 -0.1904 -0.4866
vn 0.8610 -0.1771 -0.4767
vn 0.4511 -0.4114 -0.7920
vn 0.4630 -0.4261 -0.7772
vn 0.0237 -0.5870 -0.8093
vn -0.0005 -0.5999 -0.8001
vn -0.3947 -0.6314 -0.6676
vn -0.5296 -0.5808 -0.6182
vn -0.7968 -0.5070 -0.3287
vn -0.8822 -0.4371 -0.1753
vn -0.9321 -0.3297 0.1500
vn -0.9190 -0.2009 0.3392
vn -0.7766 -0.0168 0.6297
vn -0.6506 0.1466 0.7451
vn -0.3065 0.2942 0.9052
vn -0.1841 0.3435 0.9209
vn 0.0650 0.3929 0.9173
vn 0.1279 0.4239 0.8966
vn 0.4588 0.3803 0.8030
vn 0.5790 0.3846 0.7189
vn 0.8831 0.2367 0.4051
vn 0.8806 0.2310 0.4137
vn 0.9402 0.1676 0.2967
vn 0.9104 0.1581 0.3824
vn 0.3850 0.5296 0.7558
vn 0.3844 0.4703 0.7944
vn 0.1855 0.4203 0.8882
vn 0.1605 0.4189 0.8937
vn -0.0248 0.1626 0.9864
vn -0.0015 0.1252 0.9921
vn 0.8957 -0.1949 -0.3998
vn 0.9269 -0.2041 -0.3148
vn 0.7681 -0.2770 -0.5773
vn 0.7450 -0.2721 -0.6091
vn 0.4140 -0.3871 -0.8239
vn 0.3890 -0.3938 -0.8328
vn -0.0433 -0.4874 -0.8721
vn -0.0940 -0.4737 -0.8756
vn -0.5387 -0.4878 -0.6869
vn -0.5531 -0.5099 -0.6589
vn -0.8706 -0.3821 -0.3100
vn -0.8394 -0.3995 -0.3684
vn -0.9798 -0.1565 0.1244
vn -0.9800 -0.1976 -0.0238
vn -0.8759 0.0423 0.4806
vn -0.8192 0.0737 0.5687
vn -0.5094 0.2404 0.8262
vn -0.4258 0.2577 0.8674
vn -0.0101 0.3597 0.9330
vn 0.0296 0.3708 0.9282
vn 0.3807 0.3539 0.8543
vn 0.3335 0.4024 0.8526
vn 0.5113 0.3108 0.8012
vn 0.6668 0.1604 0.7278
vn 0.7410 0.1002 0.6640
vn 0.8050 0.0002 0.5932
vn 0.8407 0.0013 0.5415
vn 0.0902 0.5072 -0.8571
vn 0.1792 0.4774 -0.8602
vn 0.0691 0.5136 -0.8553
vn -0.0114 0.5355 -0.8445
vn 0.5285 0.8336 0.1607
vn 0.6076 0.7715 0.1885
vn 0.4591 0.8778 0.1366
vn 0.3875 0.9151 0.1118
vn 0.9680 0.2216 -0.1177
vn 0.9471 0.3064 -0.0959
vn 0.9643 0.2395 -0.1132
vn 0.9780 0.1611 -0.1324
vn 0.2182 -0.4284 -0.8769
vn 0.1563 -0.3594 -0.9200
vn 0.2561 -0.4697 -0.8448
vn 0.3066 -0.5234 -0.7950
vn -0.5506 -0.3827 -0.7419
vn -0.5606 -0.3788 -0.7363
vn -0.5452 -0.3848 -0.7448
vn -0.5353 -0.3885 -0.7500
vn 0.9122 0.2120 0.3506
vn 0.9803 0.1334 0.1455
vn 0.9757 0.1544 0.1556
vn 0.8756 0.2445 0.4166
vn 0.4151 0.3735 0.8296
vn 0.4623 0.3551 0.8125
vn -0.2017 0.3377 0.9194
vn -0.4354 0.2695 0.8589
vn -0.7871 0.0671 0.6131
vn -0.9050 -0.1117 0.4105
vn -0.9398 -0.3404 0.0310
vn -0.8416 -0.4764 -0.2544
vn -0.7031 -0.5235 -0.4813
vn -0.7146 -0.4981 -0.4912
vn 0.7680 -0.2649 -0.5830
vn 0.8746 -0.1783 -0.4508
vn 0.8809 -0.1617 -0.4448
vn 0.7466 -0.2674 -0.6091
vn 0.3065 -0.4869 -0.8179
vn 0.3664 -0.4973 -0.7864
vn -0.1755 -0.6251 -0.7605
vn -0.1392 -0.6495 -0.7475
vn -0.5379 -0.6425 -0.5457
vn -0.5840 -0.6475 -0.4895
vn -0.8350 -0.5308 -0.1449
vn -0.8867 -0.4619 -0.0181
vn -0.9219 -0.2490 0.2968
vn -0.9152 -0.1220 0.3841
vn -0.7056 0.1284 0.6969
vn -0.4457 0.3022 0.8426
vn -0.0122 0.4094 0.9123
vn 0.0443 0.3859 0.9215
vn 0.4868 0.3302 0.8087
vn 0.5396 0.3112 0.7823
vn 0.9068 0.1548 0.3921
vn 0.9268 0.1590 0.3402
vn 0.9856 0.0668 0.1556
vn 0.9908 0.0753 0.1126
vn 0.9481 -0.1378 -0.2864
vn 0.9896 -0.0814 -0.1190
vn 0.9939 -0.0535 -0.0961
vn 0.9421 -0.1491 -0.3004
vn 0.7121 -0.2970 -0.6361
vn 0.6358 -0.3635 -0.6809
vn 0.1771 -0.5001 -0.8477
vn 0.0521 -0.4922 -0.8689
vn -0.4305 -0.5246 -0.7345
vn -0.3751 -0.5898 -0.7151
vn -0.7893 -0.4564 -0.4107
vn -0.7997 -0.4665 -0.3780
vn -0.9685 -0.2333 0.0876
vn -0.9626 -0.1668 0.2137
vn -0.7827 0.1048 0.6136
vn -0.7148 0.1814 0.6754
vn -0.3763 0.3660 0.8512
vn -0.2694 0.4295 0.8619
vn 0.2572 0.4839 0.8365
vn 0.3086 0.4644 0.8302
vn 0.7240 0.3416 0.5993
vn 0.6711 0.3521 0.6524
vn 0.9338 0.1812 0.3086
vn 0.9567 0.1207 0.2648
vn 0.9990 0.0193 0.0397
vn 0.9985 -0.0544 -0.0114
vn 0.7364 -0.3920 -0.5514
vn 0.7945 -0.4079 -0.4498
vn 0.6805 -0.4099 -0.6073
vn 0.6428 -0.3902 -0.6592
vn 0.3982 -0.4334 -0.8084
vn 0.4124 -0.4243 -0.8062
vn 0.0002 -0.4610 -0.8874
vn -0.0189 -0.4685 -0.8833
vn -0.5079 -0.6059 -0.6123
vn -0.4488 -0.6215 -0.6422
vn -0.6579 -0.6211 -0.4259
vn 0.9381 -0.2863 -0.1949
vn 0.9580 -0.2777 -0.0712
vn 0.9529 -0.2811 -0.1136
vn 0.9313 -0.2877 -0.2234
vn 0.1740 0.1050 0.9791
vn 0.1543 0.3178 0.9355
vn 0.1549 0.3183 0.9352
vn 0.1680 -0.0019 0.9858
vn 0.2220 -0.6354 0.7396
vn 0.5090 -0.5824 0.6338
vn 0.1581 -0.8441 0.5124
vn 0.4628 -0.7431 0.4833
vn 0.9043 -0.3845 0.1852
vn 0.9380 -0.3296 -0.1070
vn 0.9083 -0.2779 -0.3127
vn 0.9380 -0.3296 -0.1071
vn 0.9276 -0.3059 -0.2144
vn 0.8967 -0.2684 -0.3520
vn 0.8062 -0.1927 -0.5593
vn 0.8066 -0.1932 -0.5586
vn -0.0193 -0.9703 -0.2412
vn -0.0185 -0.9702 -0.2416
vn -0.0419 -0.8129 -0.5809
vn -0.0379 -0.8378 -0.5447
vn -0.0717 -0.1483 -0.9863
vn -0.0757 -0.2133 -0.9740
vn -0.0633 0.5897 -0.8051
vn -0.0773 0.4876 -0.8696
vn -0.0441 0.7536 -0.6558
vn -0.0381 0.7558 -0.6537
vn 0.1631 -0.1050 0.9810
vn 0.1868 -0.0958 0.9777
vn 0.1778 -0.0993 0.9790
vn 0.1581 -0.1070 0.9816
vn -0.1010 0.3341 -0.9371
vn -0.1042 0.3330 -0.9372
vn -0.0948 0.3363 -0.9370
vn -0.0927 0.3370 -0.9369
vn 0.0954 0.3769 -0.9213
vn 0.1181 0.3859 -0.9150
vn 0.0429 0.3554 -0.9337
vn 0.0190 0.3452 -0.9383
vn -0.2682 -0.1003 0.9581
vn -0.2028 -0.0747 0.9764
vn -0.2226 -0.0825 0.9714
vn -0.2883 -0.1082 0.9514
vn -0.2033 0.3095 0.9289
vn -0.1963 0.3046 0.9320
vn -0.2155 0.0827 0.9730
vn -0.2288 -0.0665 0.9712
vn -0.1638 -0.6501 0.7420
vn -0.4798 -0.5761 0.6617
vn -0.0616 -0.9807 0.1855
vn -0.2164 -0.9592 0.1820
vn -0.9072 -0.3849 0.1701
vn -0.9360 -0.3299 -0.1227
vn -0.9302 -0.3182 -0.1831
vn -0.9072 -0.3848 0.1700
vn -0.9250 -0.3054 -0.2262
vn -0.9228 -0.3070 -0.2330
vn 0.0234 -0.9702 -0.2410
vn 0.0259 -0.9706 -0.2394
vn 0.0765 0.5897 -0.8040
vn 0.0488 0.7558 -0.6530
vn 0.0548 0.7536 -0.6550
vn 0.0916 0.4877 -0.8682
vn 0.0920 -0.2133 -0.9726
vn 0.0882 -0.1483 -0.9850
vn 0.0705 -0.5583 -0.8266
vn -0.3174 -0.4708 -0.8232
vn -0.7970 -0.1933 -0.5723
vn -0.7967 -0.1930 -0.5727
vn -0.3174 -0.4707 -0.8232
vn -0.7971 -0.1935 -0.5720
vn -0.2025 -0.0962 0.9746
vn -0.2031 -0.0959 0.9744
vn -0.2013 -0.0966 0.9748
vn -0.2009 -0.0968 0.9748
vn 0.1104 0.3363 -0.9352
vn 0.1197 0.3330 -0.9353
vn 0.1165 0.3341 -0.9353
vn 0.1083 0.3371 -0.9352
vn -0.4213 0.8017 0.4241
vn -0.3631 0.8463 0.3897
vn -0.4322 0.8033 0.4097
vn -0.6494 0.5400 0.5354
vn -0.4302 0.2734 0.8603
vn -0.7533 -0.0351 0.6567
vn -0.5237 -0.3444 0.7792
vn -0.5094 -0.5760 0.6393
vn -0.3399 -0.6716 0.6583
vn -0.3159 -0.6659 0.6758
vn -0.2404 -0.4520 0.8591
vn -0.1188 -0.0757 0.9900
vn 0.2042 0.0124 0.9788
vn 0.2222 -0.0021 0.9750
vn 0.2489 0.0155 0.9684
vn -0.2533 -0.4354 0.8639
vn -0.2637 -0.4254 0.8658
vn -0.2157 -0.3506 0.9113
vn -0.1445 -0.2583 0.9552
vn -0.0135 -0.1237 0.9922
vn 0.0169 -0.0927 0.9955
vn 0.0280 0.2285 0.9732
vn 0.0182 0.1649 0.9861
vn 0.0397 0.4966 0.8671
vn -0.0164 0.6222 0.7827
vn -0.4000 0.7888 0.4667
vn -0.5815 0.7242 0.3706
vn -0.8193 -0.2366 -0.5223
vn -0.8356 -0.0241 -0.5489
vn -0.8587 -0.1897 -0.4760
vn -0.9597 -0.2053 -0.1917
vn -0.9772 -0.1657 -0.1331
vn 0.6906 0.6920 0.2102
vn 0.6196 0.7672 0.1658
vn 0.6840 0.6837 0.2543
vn 0.7689 0.4379 0.4659
vn 0.7659 0.4212 0.4858
vn 0.8667 0.2874 0.4077
vn 0.9564 0.1663 0.2403
vn 0.9812 0.1042 0.1624
vn 0.9825 0.0904 0.1631
vn -0.0397 0.9458 0.3223
vn -0.2439 0.9437 0.2232
vn 0.0094 0.9885 0.1511
vn 0.2888 0.9186 0.2697
vn 0.2721 0.8400 0.4694
vn 0.6561 0.7396 0.1504
vn 0.5757 0.7249 0.3782
vn 0.9102 0.4067 0.0781
vn 0.8010 0.4084 0.4377
vn 0.8934 0.1446 0.4253
vn 0.9945 0.0931 0.0473
vn 0.9844 -0.1717 -0.0379
vn 0.9488 -0.1937 0.2495
vn 0.8970 -0.3747 0.2345
vn 0.7951 -0.0792 0.6013
vn 0.5853 0.2155 0.7816
vn 0.5204 0.3892 0.7601
vn 0.3628 0.7422 0.5636
vn 0.2099 0.9777 0.0002
vn -0.6701 -0.3749 0.6406
vn -0.5529 -0.5578 0.6190
vn -0.6737 -0.3185 0.6669
vn -0.7296 -0.0455 0.6824
vn -0.7620 0.0177 0.6473
vn -0.7854 0.1915 0.5886
vn -0.7580 0.1350 0.6381
vn -0.8295 0.3398 0.4433
vn -0.7258 0.6428 0.2450
vn -0.6961 0.6499 0.3051
vn -0.1080 0.9935 0.0347
vn 0.2332 0.9675 0.0975
vn -0.1079 0.9936 0.0347
vn 0.3882 0.8850 0.2572
vn 0.4899 0.6818 0.5433
vn 0.3719 0.7459 0.5526
vn 0.6577 0.3933 0.6424
vn 0.5942 0.1827 0.7833
vn 0.7675 0.1839 0.6141
vn 0.8018 0.2772 0.5294
vn 0.8175 0.1197 0.5634
vn 0.8326 0.0855 0.5473
vn 0.8338 0.0608 0.5487
vn -0.7681 -0.2770 -0.5773
vn -0.9269 -0.2041 -0.3148
vn -0.8957 -0.1949 -0.3998
vn -0.7450 -0.2721 -0.6091
vn -0.4140 -0.3871 -0.8239
vn -0.3890 -0.3938 -0.8328
vn 0.0433 -0.4874 -0.8721
vn 0.0940 -0.4737 -0.8756
vn 0.5387 -0.4878 -0.6869
vn 0.5531 -0.5099 -0.6589
vn 0.8706 -0.3821 -0.3100
vn 0.8394 -0.3995 -0.3684
vn 0.9798 -0.1565 0.1244
vn 0.9800 -0.1976 -0.0238
vn 0.8759 0.0423 0.4806
vn 0.8192 0.0737 0.5687
vn 0.5094 0.2404 0.8262
vn 0.4258 0.2577 0.8674
vn 0.0101 0.3597 0.9330
vn -0.0296 0.3708 0.9282
vn -0.3807 0.3539 0.8543
vn -0.3335 0.4024 0.8526
vn -0.5113 0.3108 0.8012
vn -0.6668 0.1604 0.7278
vn -0.7410 0.1002 0.6640
vn -0.8050 0.0001 0.5932
vn -0.8407 0.0013 0.5415
vn -0.1605 0.4189 0.8937
vn 0.0015 0.1252 0.9921
vn 0.0248 0.1626 0.9864
vn -0.1855 0.4203 0.8882
vn -0.3850 0.5296 0.7558
vn -0.3844 0.4703 0.7944
vn 0.8416 -0.4764 -0.2544
vn 0.7146 -0.4981 -0.4912
vn 0.7031 -0.5235 -0.4813
vn 0.9398 -0.3404 0.0310
vn 0.9050 -0.1117 0.4105
vn 0.7871 0.0671 0.6131
vn 0.4354 0.2695 0.8589
vn 0.2017 0.3377 0.9194
vn -0.4151 0.3735 0.8296
vn -0.4623 0.3551 0.8125
vn -0.8756 0.2445 0.4166
vn -0.9122 0.2120 0.3506
vn -0.9757 0.1544 0.1556
vn -0.9803 0.1334 0.1455
vn -0.8526 -0.1904 -0.4866
vn -0.9685 -0.0735 -0.2379
vn -0.9646 -0.0727 -0.2536
vn -0.8610 -0.1771 -0.4767
vn -0.4511 -0.4114 -0.7920
vn -0.4630 -0.4261 -0.7772
vn -0.0237 -0.5870 -0.8093
vn 0.0005 -0.5999 -0.8001
vn 0.3947 -0.6314 -0.6676
vn 0.5296 -0.5808 -0.6182
vn 0.7968 -0.5070 -0.3287
vn 0.8822 -0.4371 -0.1753
vn 0.9321 -0.3297 0.1500
vn 0.9190 -0.2009 0.3392
vn 0.7766 -0.0168 0.6297
vn 0.6506 0.1466 0.7451
vn 0.3065 0.2942 0.9052
vn 0.1841 0.3435 0.9209
vn -0.0650 0.3929 0.9173
vn -0.1279 0.4239 0.8966
vn -0.4588 0.3803 0.8030
vn -0.5790 0.3846 0.7189
vn -0.8831 0.2367 0.4051
vn -0.8806 0.2310 0.4137
vn -0.9402 0.1676 0.2967
vn -0.9104 0.1581 0.3824
vn -0.0691 0.5136 -0.8553
vn -0.1792 0.4774 -0.8602
vn -0.0902 0.5072 -0.8571
vn 0.0114 0.5355 -0.8445
vn -0.4591 0.8778 0.1366
vn -0.6077 0.7715 0.1885
vn -0.5285 0.8336 0.1607
vn -0.3875 0.9151 0.1118
vn -0.9643 0.2395 -0.1132
vn -0.9471 0.3064 -0.0959
vn -0.9680 0.2216 -0.1177
vn -0.9780 0.1611 -0.1324
vn -0.2561 -0.4697 -0.8448
vn -0.1563 -0.3594 -0.9200
vn -0.2182 -0.4284 -0.8769
vn -0.3066 -0.5234 -0.7950
vn 0.5452 -0.3848 -0.7448
vn 0.5606 -0.3788 -0.7363
vn 0.5506 -0.3827 -0.7419
vn 0.5353 -0.3886 -0.7500
vn -0.8809 -0.1617 -0.4448
vn -0.8746 -0.1783 -0.4508
vn -0.7680 -0.2649 -0.5830
vn -0.7466 -0.2674 -0.6091
vn -0.3065 -0.4869 -0.8179
vn -0.3664 -0.4973 -0.7864
vn 0.1755 -0.6251 -0.7605
vn 0.1392 -0.6495 -0.7475
vn 0.5379 -0.6425 -0.5457
vn 0.5840 -0.6475 -0.4895
vn 0.8350 -0.5308 -0.1449
vn 0.8867 -0.4619 -0.0181
vn 0.9219 -0.2490 0.2968
vn 0.9152 -0.1220 0.3841
vn 0.7056 0.1284 0.6969
vn 0.4457 0.3022 0.8426
vn 0.0122 0.4094 0.9123
vn -0.0443 0.3859 0.9215
vn -0.4868 0.3302 0.8087
vn -0.5396 0.3112 0.7823
vn -0.9068 0.1548 0.3921
vn -0.9268 0.1590 0.3402
vn -0.9856 0.0668 0.1556
vn -0.9908 0.0753 0.1126
vn -0.9402 -0.1573 -0.3020
vn -0.9951 -0.0617 -0.0772
vn -0.9918 -0.0604 -0.1123
vn -0.9464 -0.1331 -0.2943
vn -0.7121 -0.2970 -0.6361
vn -0.6358 -0.3635 -0.6809
vn -0.1771 -0.5001 -0.8477
vn -0.0521 -0.4922 -0.8689
vn 0.4305 -0.5246 -0.7345
vn 0.3751 -0.5898 -0.7151
vn 0.7893 -0.4564 -0.4107
vn 0.7997 -0.4665 -0.3780
vn 0.9685 -0.2333 0.0876
vn 0.9626 -0.1668 0.2137
vn 0.7827 0.1048 0.6136
vn 0.7148 0.1814 0.6754
vn 0.3763 0.3660 0.8512
vn 0.2694 0.4295 0.8619
vn -0.2572 0.4839 0.8365
vn -0.3086 0.4644 0.8302
vn -0.7240 0.3416 0.5993
vn -0.6711 0.3521 0.6524
vn -0.9392 0.1584 0.3047
vn -0.9609 0.1330 0.2430
vn -1.0000 0.0054 0.0082
vn -0.9956 -0.0010 0.0940
vn 0.2063 -0.0824 0.9750
vn 0.1865 -0.0747 0.9796
vn 0.2522 -0.1002 0.9625
vn 0.2723 -0.1081 0.9561
vn -0.0274 0.3554 -0.9343
vn -0.1029 0.3859 -0.9168
vn -0.0801 0.3769 -0.9228
vn -0.0034 0.3452 -0.9385
vn -0.9282 0.1140 0.3541
vn -0.9286 0.1135 0.3533
vn -0.8699 0.0136 0.4931
vn -0.8777 0.0349 0.4780
vn -0.6424 -0.0450 0.7650
vn -0.6551 -0.0309 0.7549
vn -0.4809 -0.1083 0.8701
vn -0.4827 -0.1077 0.8691
vn -0.3934 -0.1472 0.9075
vn -0.3921 -0.1500 0.9076
vn -0.2699 -0.1964 0.9427
vn 0.4041 0.6079 0.6835
vn 0.4291 0.6003 0.6749
vn 0.1769 0.7109 0.6806
vn 0.1916 0.7532 0.6293
vn 0.4822 0.8735 -0.0665
vn 0.6221 0.7714 -0.1337
vn 0.5320 0.6971 -0.4806
vn 0.5633 0.6561 -0.5021
vn 0.6967 0.6193 -0.3621
vn 0.7139 0.6240 -0.3179
vn 0.9763 0.2156 0.0200
vn 0.4434 -0.6035 -0.6627
vn 0.7519 -0.6200 -0.2243
vn 0.3786 -0.6003 -0.7045
vn 0.1282 -0.4375 -0.8900
vn 0.1255 -0.4514 -0.8835
vn 0.1250 -0.5416 -0.8313
vn 0.1572 -0.5812 -0.7984
vn 0.4027 -0.4917 -0.7721
vn 0.4212 -0.4638 -0.7794
vn 0.3163 -0.5491 -0.7736
vn 0.2967 -0.5520 -0.7793
vn -0.5554 -0.4088 0.7242
vn -0.4961 -0.5012 0.7090
vn -0.5445 -0.3516 0.7615
vn -0.5228 -0.0039 0.8524
vn -0.4749 -0.0295 0.8796
vn -0.5424 0.1091 0.8330
vn -0.5728 0.1259 0.8099
vn -0.6805 -0.4099 -0.6073
vn -0.7945 -0.4079 -0.4498
vn -0.7364 -0.3920 -0.5514
vn -0.6428 -0.3902 -0.6592
vn -0.3982 -0.4334 -0.8084
vn -0.4124 -0.4243 -0.8062
vn -0.0002 -0.4610 -0.8874
vn 0.0189 -0.4685 -0.8833
vn 0.5079 -0.6059 -0.6123
vn 0.4488 -0.6215 -0.6422
vn 0.6579 -0.6211 -0.4259
vn -0.9529 -0.2811 -0.1136
vn -0.9580 -0.2777 -0.0712
vn -0.9381 -0.2863 -0.1949
vn -0.9313 -0.2877 -0.2234
vn -0.4858 0.8703 -0.0815
vn -0.8583 0.5130 -0.0159
vn -0.5943 0.8029 0.0476
vn -0.2515 0.9658 0.0634
vn -0.1946 0.9324 0.3044
vn -0.3689 0.6107 0.7007
vn -0.1946 0.9324 0.3045
vn -0.2044 0.7214 0.6617
vn -0.6937 0.5893 0.4142
vn -0.5324 0.4538 0.7146
vn -0.7594 0.5303 0.3770
vn -0.7607 0.6094 0.2234
vn -0.8952 0.4444 -0.0331
vn -0.3447 0.6396 -0.6871
vn -0.4215 0.7964 -0.4337
vn -0.2421 0.7904 -0.5627
vn -0.1998 0.4902 -0.8484
vn -0.2163 0.4714 -0.8550
vn -0.2157 0.4913 -0.8439
vn -0.1327 0.5396 -0.8314
vn -0.0546 0.6265 -0.7775
vn -0.0059 0.7415 -0.6709
vn -0.0437 0.8697 -0.4916
vn -0.1712 0.9422 -0.2879
vn -0.3042 0.9325 -0.1945
vn -0.3596 0.9146 -0.1848
vn -0.3919 0.8936 -0.2190
vn -0.4196 0.8661 -0.2717
vn 0.9823 0.1596 -0.0980
vn 0.9838 0.1157 0.1368
vn 0.9955 0.0502 -0.0800
vn 0.9836 0.0709 -0.1660
vn 0.9209 0.2256 -0.3178
vn 0.7702 0.5953 -0.2292
vn 0.8523 0.5229 0.0168
vn 0.5057 0.8612 0.0516
vn 0.4527 0.8781 0.1550
vn 0.5231 0.8231 0.2210
vn 0.8372 0.4705 0.2788
vn -0.9806 0.1593 -0.1144
vn -0.7664 0.5950 -0.2420
vn -0.9156 0.2252 -0.3331
vn -0.9807 0.0706 -0.1824
vn -0.9941 0.0499 -0.0966
vn -0.9860 0.1154 0.1203
vn -0.8419 0.4702 0.2647
vn -0.8526 0.5225 0.0025
vn -0.5068 0.8610 0.0431
vn -0.4556 0.8779 0.1474
vn -0.5271 0.8229 0.2122
vn 0.0599 -0.1809 0.9817
vn -0.1582 0.0568 0.9858
vn -0.3605 -0.1218 0.9248
vn -0.1538 -0.0627 0.9861
vn -0.6606 -0.1145 0.7420
vn -0.6180 -0.1058 0.7790
vn -0.8809 -0.2166 0.4209
vn -0.8726 -0.1217 0.4731
vn -0.8969 -0.0298 0.4412
vn -0.6504 -0.0675 0.7566
vn -0.8725 -0.1217 0.4732
vn -0.3567 0.0545 0.9326
vn -0.4946 0.0690 0.8664
vn -0.4168 0.4186 0.8068
vn -0.0678 0.4887 0.8698
vn 0.1870 0.5814 0.7918
vn -0.0064 0.1874 0.9823
vn 0.9215 0.3878 0.0213
vn 0.9984 -0.0566 -0.0079
vn 0.9324 0.3614 -0.0002
vn 0.5818 0.7912 0.1882
vn 0.5819 0.8123 0.0403
vn 0.1320 0.9910 0.0223
vn 0.2655 0.9354 0.2337
vn -0.0303 0.9826 0.1834
vn -0.0155 0.9999 -0.0000
vn -0.2311 0.9505 0.2077
vn -0.1255 0.9913 0.0386
vn -0.5403 0.8406 0.0374
vn -0.5768 0.7923 0.1990
vn -0.9328 0.3605 0.0056
vn -0.9346 0.3415 0.0991
vn -0.9977 -0.0674 0.0093
vn -0.9460 0.1246 -0.2992
vn -0.5949 0.7206 -0.3562
vn -0.1462 0.8743 -0.4629
vn -0.0055 0.8587 -0.5124
vn 0.1456 0.8691 -0.4727
vn 0.6028 0.7068 -0.3702
vn 0.9435 0.1404 -0.3003
vn 0.8933 -0.1733 -0.4146
vn 0.8827 -0.4305 -0.1886
vn 0.9611 -0.2755 0.0172
vn 0.8448 -0.5343 -0.0271
vn 0.7286 -0.6684 -0.1499
vn 0.6226 -0.7431 -0.2454
vn 0.5556 -0.6475 -0.5215
vn 0.5946 -0.2140 -0.7750
vn 0.6120 0.3251 -0.7209
vn 0.1628 0.4127 -0.8962
vn -0.0094 0.4531 -0.8914
vn -0.1537 0.4134 -0.8975
vn -0.6044 0.3304 -0.7249
vn -0.5697 -0.2211 -0.7915
vn -0.1851 -0.2087 -0.9603
vn -0.0112 -0.1719 -0.9851
vn 0.2043 -0.2057 -0.9571
vn -0.0088 -0.7006 -0.7135
vn -0.5578 -0.6497 -0.5164
vn -0.9050 -0.1776 -0.3867
vn -0.8625 -0.4363 -0.2563
vn -0.5602 -0.7737 -0.2960
vn -0.4511 -0.8155 -0.3626
vn -0.2370 -0.8471 -0.4756
vn 0.2102 -0.8533 -0.4771
vn 0.4726 -0.8106 -0.3458
vn -0.9048 -0.3790 -0.1941
vn -0.6671 -0.7056 -0.2390
vn -0.6987 -0.6838 -0.2104
vn -0.7513 -0.6410 -0.1572
vn -0.9170 -0.3561 -0.1797
vn -0.9844 0.0269 -0.1740
vt 0.356090 0.947010
vt 0.264600 0.942530
vt 0.268660 0.928690
vt 0.286350 0.916960
vt 0.320460 0.906490
vt 0.371490 0.899440
vt 0.416460 0.903720
vt 0.448700 0.918100
vt 0.462810 0.938030
vt 0.456800 0.960420
vt 0.427300 0.979390
vt 0.378550 0.988210
vt 0.328380 0.985640
vt 0.295440 0.975720
vt 0.271160 0.954790
vt 0.575910 0.679160
vt 0.649690 0.680410
vt 0.612840 0.601900
vt 0.754720 0.678560
vt 0.854100 0.667520
vt 0.783980 0.622020
vt 0.809740 0.656960
vt 0.841180 0.611660
vt 0.665880 0.670420
vt 0.705210 0.614500
vt 0.732290 0.677440
vt 0.782870 0.622970
vt 0.053060 0.387780
vt 0.069120 0.325860
vt 0.105830 0.395210
vt 0.098290 0.440360
vt 0.049460 0.418560
vt 0.048220 0.479640
vt 0.077770 0.460900
vt 0.038670 0.512310
vt 0.012700 0.485350
vt 0.010030 0.433380
vt 0.009280 0.370900
vt 0.025960 0.753870
vt 0.102540 0.707070
vt 0.092530 0.779170
vt 0.033510 0.799020
vt 0.093420 0.810400
vt 0.093810 0.839590
vt 0.047280 0.838410
vt 0.093810 0.848580
vt 0.128720 0.831340
vt 0.146330 0.802990
vt 0.158240 0.786980
vt 0.163310 0.741770
vt 0.958250 0.107580
vt 0.864380 0.107580
vt 0.082480 0.706790
vt 0.096160 0.659810
vt 0.124510 0.697580
vt 0.155410 0.738740
vt 0.073060 0.739150
vt 0.160060 0.833370
vt 0.076130 0.830320
vt 0.159430 0.860440
vt 0.027180 0.860160
vt 0.019150 0.909080
vt 0.161300 0.910000
vt 0.030410 0.939700
vt 0.166160 0.935980
vt 0.137250 0.947600
vt 0.160250 0.949110
vt 0.026740 0.828530
vt 0.036980 0.739330
vt 0.062630 0.704870
vt 0.238430 0.577210
vt 0.226210 0.585720
vt 0.205300 0.582800
vt 0.239170 0.563650
vt 0.194500 0.573960
vt 0.171910 0.481400
vt 0.254990 0.473600
vt 0.277680 0.554750
vt 0.281340 0.473600
vt 0.290250 0.559550
vt 0.283030 0.406040
vt 0.254770 0.406120
vt 0.177030 0.407020
vt 0.266840 0.348820
vt 0.216240 0.360060
vt 0.280760 0.282790
vt 0.282040 0.352500
vt 0.309320 0.330490
vt 0.314180 0.338600
vt 0.432670 0.381800
vt 0.432670 0.313600
vt 0.496080 0.313600
vt 0.496080 0.381800
vt 0.570860 0.313600
vt 0.570860 0.381800
vt 0.652240 0.313600
vt 0.652240 0.381800
vt 0.743190 0.313600
vt 0.743190 0.381800
vt 0.902120 0.313600
vt 0.902120 0.381800
vt 0.987700 0.313600
vt 0.987700 0.381800
vt 0.456960 0.146100
vt 0.456960 0.193880
vt 0.591400 0.193880
vt 0.591400 0.146100
vt 0.878410 0.193880
vt 0.878560 0.146100
vt 0.383230 0.584970
vt 0.383230 0.500370
vt 0.491110 0.500370
vt 0.491110 0.584970
vt 0.594310 0.500370
vt 0.594310 0.584970
vt 0.650720 0.500370
vt 0.650720 0.584970
vt 0.774040 0.584970
vt 0.774040 0.500370
vt 0.860510 0.584970
vt 0.860510 0.500370
vt 0.929010 0.584970
vt 0.929010 0.500370
vt 0.885860 0.500370
vt 0.885860 0.584970
vt 0.809710 0.500370
vt 0.809710 0.584970
vt 0.723070 0.500370
vt 0.723070 0.584970
vt 0.541870 0.193880
vt 0.541870 0.146100
vt 0.763290 0.146100
vt 0.763290 0.193880
vt 0.484410 0.193880
vt 0.484410 0.146100
vt 0.429510 0.193880
vt 0.429510 0.146100
vt 0.640940 0.146100
vt 0.640940 0.193880
vt 0.885650 0.193880
vt 0.885650 0.146100
vt 0.957150 0.193880
vt 0.957150 0.146100
vt 0.509500 0.285290
vt 0.431730 0.285290
vt 0.431730 0.230060
vt 0.509500 0.230060
vt 0.617730 0.230060
vt 0.617730 0.285290
vt 0.733490 0.230060
vt 0.733490 0.285290
vt 0.792290 0.230060
vt 0.792090 0.285290
vt 0.896650 0.230060
vt 0.896650 0.285290
vt 0.987700 0.230060
vt 0.987700 0.285290
vt 0.444540 0.480440
vt 0.389270 0.480440
vt 0.389270 0.408980
vt 0.444540 0.408980
vt 0.594330 0.480440
vt 0.594330 0.408980
vt 0.653110 0.480440
vt 0.653110 0.408980
vt 0.795040 0.408980
vt 0.795040 0.480440
vt 0.885970 0.408980
vt 0.885970 0.480440
vt 0.957150 0.408980
vt 0.957150 0.480440
vt 0.746370 0.408980
vt 0.746370 0.480440
vt 0.523180 0.408980
vt 0.523180 0.480440
vt 0.491110 0.511260
vt 0.594310 0.533060
vt 0.650720 0.544180
vt 0.774040 0.560380
vt 1.771360 0.097250
vt 1.815490 0.097250
vt 1.771360 0.114150
vt 1.763270 0.114150
vt 1.763270 0.019640
vt 1.771360 0.019640
vt 1.856110 0.012500
vt 1.815590 0.019640
vt 1.972720 0.097250
vt 1.972720 0.019640
vt 1.990500 0.033850
vt 1.990500 0.097250
vt 1.949980 0.012500
vt 1.997260 0.034220
vt 1.997260 0.097250
vt 1.990500 0.114150
vt 1.505280 0.003170
vt 1.510950 0.105690
vt 1.505600 0.105820
vt 1.503590 0.017930
vt 1.641530 0.105690
vt 1.636980 0.105690
vt 1.642640 0.003170
vt 1.643930 0.017930
vt 1.637130 0.116710
vt 1.612210 0.110910
vt 1.612210 0.116710
vt 1.532560 0.110910
vt 1.510790 0.116710
vt 1.532560 0.116710
vt 0.382670 0.355340
vt 0.382820 0.401150
vt 0.373810 0.351530
vt 0.373810 0.303590
vt 0.382970 0.314360
vt 0.373810 0.284430
vt 0.382970 0.279610
vt 0.373810 0.268300
vt 0.373810 0.258720
vt 0.382750 0.226260
vt 0.392130 0.280170
vt 0.392130 0.325130
vt 0.392130 0.358840
vt 0.051390 0.692540
vt 0.106030 0.646900
vt 0.111310 0.714350
vt 0.031840 0.741650
vt 0.141780 0.796840
vt 0.056710 0.799100
vt 0.027700 0.839570
vt 0.156700 0.840060
vt 0.147810 0.872000
vt 0.057880 0.903210
vt 0.134560 0.919610
vt 0.106280 0.941600
vt 0.286290 0.408030
vt 0.324700 0.444710
vt 0.332530 0.363510
vt 0.238770 0.350360
vt 0.279170 0.303270
vt 0.149120 0.848490
vt 0.090990 0.898310
vt 0.091740 0.888570
vt 0.135810 0.836500
vt 0.114460 0.837460
vt 0.156980 0.796470
vt 0.100180 0.754360
vt 0.168230 0.741770
vt 0.102540 0.646540
vt 0.154070 0.581870
vt 0.131440 0.592420
vt 0.068280 0.584270
vt 0.108480 0.564300
vt 0.150210 0.564540
vt 0.137670 0.536870
vt 0.085230 0.537940
vt 0.158980 0.496740
vt 0.084740 0.496950
vt 0.084890 0.467440
vt 0.158680 0.468450
vt 0.128930 0.383370
vt 0.084890 0.383640
vt 0.073800 0.286120
vt 0.033080 0.383030
vt 0.020940 0.468450
vt 0.020940 0.496740
vt 0.020940 0.537490
vt 0.043480 0.572880
vt 0.026520 0.791730
vt 0.096450 0.805930
vt 0.092140 0.858090
vt 0.027060 0.829030
vt 0.034300 0.936610
vt 0.090990 0.936490
vt 0.086790 0.967060
vt 0.137910 0.954100
vt 0.155150 0.868380
vt 0.169270 0.796470
vt 0.172280 0.769120
vt 0.658810 0.121220
vt 0.651720 0.121140
vt 0.651750 0.106370
vt 0.658780 0.106400
vt 0.651840 0.076750
vt 0.658820 0.076790
vt 0.651920 0.053650
vt 0.664470 0.053690
vt 0.651830 0.006030
vt 0.664180 0.005950
vt 0.655590 0.003080
vt 0.668070 0.121250
vt 0.668120 0.106440
vt 0.668180 0.076870
vt 0.672330 0.053710
vt 0.670480 0.004520
vt 0.675180 0.003080
vt 0.678520 0.006030
vt 0.678630 0.053650
vt 0.678480 0.076840
vt 0.678300 0.106500
vt 0.678250 0.121260
vt 0.350760 0.212770
vt 0.351190 0.149950
vt 0.280220 0.190720
vt 0.284960 0.228790
vt 0.257320 0.218130
vt 0.219890 0.148980
vt 0.277160 0.157760
vt 0.226610 0.085610
vt 0.282350 0.074880
vt 0.287340 0.031040
vt 0.347920 0.084580
vt 1.573350 0.105690
vt 1.573440 0.110910
vt 1.573520 0.116710
vt 0.034150 0.367530
vt 0.016940 0.446340
vt 0.086740 0.371850
vt 0.070070 0.314350
vt 0.097160 0.334770
vt 0.090400 0.303030
vt 0.110200 0.317040
vt 0.125850 0.348290
vt 0.143240 0.413270
vt 0.081270 0.469310
vt 0.139830 0.476720
vt 0.139530 0.551400
vt 0.084180 0.525270
vt 0.077520 0.577630
vt 0.027290 0.503440
vt 0.448390 0.864590
vt 0.436700 0.777990
vt 0.492150 0.858330
vt 0.493520 0.930930
vt 0.548770 0.920730
vt 0.588840 0.954640
vt 0.525060 0.962740
vt 0.551160 0.979530
vt 0.623390 0.988550
vt 0.521270 0.958830
vt 0.465820 0.898470
vt 0.447840 0.864930
vt 0.636320 0.827460
vt 0.680350 0.897560
vt 0.736310 0.931570
vt 0.762390 0.951690
vt 0.679760 0.780240
vt 0.590680 0.757630
vt 0.449720 0.754600
vt 0.485410 0.700730
vt 0.524820 0.693920
vt 0.607440 0.679640
vt 0.770620 0.718790
vt 0.739110 0.802780
vt 0.717540 0.853740
vt 0.783450 0.873400
vt 0.865170 0.888590
vt 0.840530 0.805050
vt 0.939500 0.810240
vt 0.931350 0.706230
vt 0.521380 0.694510
s 1
usemtl material153
f 1398/551/1339 1399/552/1340 1400/553/1341
f 1401/554/1342 1398/551/1339 1400/553/1341
f 1402/555/1343 1398/551/1339 1401/554/1342
f 1403/556/1344 1398/551/1339 1402/555/1343
f 1404/557/1345 1398/551/1339 1403/556/1344
f 1405/558/1346 1398/551/1339 1404/557/1345
f 1406/559/1347 1398/551/1339 1405/558/1346
f 1407/560/1348 1398/551/1339 1406/559/1347
f 1408/561/1349 1398/551/1339 1407/560/1348
f 1409/562/1350 1398/551/1339 1408/561/1349
f 1410/563/1351 1398/551/1339 1409/562/1350
f 1411/564/1352 1398/551/1339 1410/563/1351
f 1412/565/1353 1398/551/1339 1411/564/1352
f 1399/552/1340 1398/551/1339 1412/565/1353
s 0
f 1413/566/1354 1414/567/1354 1415/568/1354
f 1416/569/1355 1417/570/1355 1418/571/1355
f 1419/570/1356 1420/572/1356 1421/573/1356
f 1422/574/1357 1423/575/1357 1424/576/1357
f 1425/569/1358 1426/577/1358 1427/572/1358
s 1
f 1428/578/1359 1429/579/1360 1430/580/1361
f 1431/581/1362 1428/578/1359 1430/580/1361
f 1432/582/1363 1428/578/1359 1431/581/1362
f 1433/583/1364 1432/582/1363 1431/581/1362
f 1434/584/1365 1433/583/1364 1431/581/1362
f 1435/585/1366 1433/583/1364 1434/584/1365
f 1436/586/1367 1433/583/1364 1435/585/1366
f 1437/582/1368 1438/583/1369 1436/586/1367
f 1439/587/1370 1437/582/1368 1436/586/1367
f 1440/578/1371 1437/582/1368 1439/587/1370
f 1441/588/1372 1440/578/1371 1439/587/1370
f 1442/579/1373 1440/578/1371 1441/588/1372
f 1443/589/1374 1444/590/1375 1445/591/1376
f 1446/592/1377 1443/589/1374 1445/591/1376
f 1447/593/1378 1446/592/1377 1445/591/1376
f 1448/594/1379 1446/592/1377 1447/593/1378
f 1449/595/1380 1446/592/1377 1448/594/1379
f 1450/596/1381 1449/595/1380 1448/594/1379
f 1451/597/1382 1450/596/1381 1448/594/1379
f 1452/598/1383 1451/597/1382 1448/594/1379
f 1447/593/1378 1452/598/1383 1453/594/1384
f 1454/599/1385 1452/598/1386 1455/593/1387
f 1456/591/1388 1454/599/1385 1455/593/1387
f 1457/600/1389 1454/599/1385 1456/591/1388
f 1458/590/1390 1457/600/1389 1456/591/1388
f 1459/601/1391 1460/602/1392 1461/602/1393
f 1462/601/1394 1459/601/1391 1461/602/1393
f 1463/601/1395 1462/601/1394 1461/602/1393
f 1464/602/1396 1463/601/1395 1461/602/1393
f 1465/602/1397 1466/602/1398 1467/601/1399
f 1468/601/1400 1465/602/1397 1467/601/1399
f 1469/601/1401 1465/602/1397 1468/601/1400
f 1470/602/1402 1465/602/1397 1469/601/1401
f 1471/603/1403 1472/604/1404 1473/605/1405
f 1474/606/1406 1471/603/1403 1473/605/1405
f 1475/607/1407 1471/603/1403 1474/606/1406
f 1476/608/1408 1475/607/1407 1474/606/1406
f 1477/609/1409 1475/607/1407 1476/608/1408
f 1478/610/1410 1477/609/1409 1476/608/1408
f 1479/611/1411 1477/609/1409 1478/610/1410
f 1480/612/1412 1479/611/1411 1478/610/1410
f 1481/613/1413 1480/612/1412 1478/610/1410
f 1482/614/1414 1480/612/1412 1481/613/1413
f 1483/615/1415 1482/614/1414 1481/613/1413
f 1484/616/1416 1482/614/1414 1483/615/1415
f 1485/617/1417 1484/616/1416 1483/615/1415
f 1486/609/1418 1487/611/1419 1488/618/1420
f 1489/619/1421 1486/609/1418 1488/618/1420
f 1490/607/1422 1486/609/1418 1489/619/1421
f 1491/603/1423 1490/607/1422 1489/619/1421
f 1492/620/1424 1491/603/1423 1489/619/1421
f 1493/604/1425 1491/603/1423 1492/620/1424
f 1494/621/1426 1495/622/1427 1496/623/1428
f 1497/624/1429 1494/621/1426 1496/623/1428
f 1498/625/1430 1497/624/1429 1496/623/1428
f 1499/626/1431 1497/624/1429 1498/625/1430
f 1500/627/1432 1497/624/1429 1499/626/1431
f 1501/628/1433 1497/624/1429 1500/627/1432
f 1502/629/1434 1501/628/1433 1500/627/1432
f 1503/630/1435 1501/628/1433 1502/629/1434
f 1504/631/1436 1505/629/1437 1506/627/1438
f 1507/632/1439 1504/631/1436 1506/627/1438
f 1508/626/1440 1507/632/1439 1506/627/1438
f 1509/633/1441 1510/632/1442 1508/626/1443
f 1511/634/1444 1510/632/1442 1509/633/1441
f 1512/635/1445 1511/634/1444 1509/633/1441
f 1513/636/1446 1511/634/1444 1512/635/1445
f 1514/637/1447 1511/634/1444 1513/636/1446
f 1515/638/1448 1514/637/1447 1516/636/1449
f 1517/639/1450 1518/637/1451 1515/638/1452
f 1504/631/1436 1514/637/1447 1517/639/1453
f 1507/632/1439 1514/637/1447 1504/631/1436
f 1511/634/1444 1514/637/1447 1507/632/1439
f 1519/640/1454 1520/641/1455 1521/642/1456
f 1522/643/1457 1519/640/1454 1521/642/1456
f 1523/644/1458 1522/643/1457 1521/642/1456
f 1524/645/1459 1522/643/1457 1523/644/1458
f 1525/646/1460 1524/645/1459 1523/644/1458
f 1526/647/1461 1524/645/1459 1525/646/1460
f 1527/648/1462 1526/647/1461 1525/646/1460
f 1528/649/1463 1526/647/1461 1527/648/1462
f 1529/650/1464 1528/649/1463 1527/648/1462
f 1530/651/1465 1528/649/1463 1529/650/1464
f 1531/652/1466 1530/651/1465 1529/650/1464
f 1532/653/1467 1530/651/1465 1531/652/1466
f 1533/650/1468 1532/653/1467 1531/652/1466
f 1534/651/1469 1532/653/1467 1533/650/1468
f 1535/648/1470 1534/651/1469 1533/650/1468
f 1536/649/1471 1534/651/1469 1535/648/1470
f 1537/646/1472 1536/649/1471 1535/648/1470
f 1538/647/1473 1536/649/1471 1537/646/1472
f 1539/644/1474 1538/647/1473 1537/646/1472
f 1540/645/1475 1538/647/1473 1539/644/1474
f 1541/642/1476 1540/645/1475 1539/644/1474
f 1542/643/1477 1540/645/1475 1541/642/1476
f 1543/641/1478 1542/643/1477 1541/642/1476
f 1544/640/1479 1542/643/1477 1543/641/1478
f 1545/654/1480 1546/655/1481 1547/656/1482
f 1548/657/1483 1545/654/1480 1547/656/1482
f 1549/658/1484 1548/657/1483 1547/656/1482
f 1550/659/1485 1548/657/1483 1549/658/1484
f 1551/660/1486 1552/661/1487 1553/662/1488
f 1554/663/1489 1551/660/1486 1553/662/1488
f 1555/664/1490 1554/663/1489 1553/662/1488
f 1556/665/1491 1554/663/1489 1555/664/1490
f 1557/666/1492 1556/665/1491 1555/664/1490
f 1558/667/1493 1556/665/1491 1557/666/1492
f 1559/668/1494 1558/667/1493 1557/666/1492
f 1560/669/1495 1559/668/1494 1557/666/1492
f 1561/670/1496 1559/668/1494 1560/669/1495
f 1562/671/1497 1561/670/1496 1560/669/1495
f 1563/672/1498 1561/670/1496 1562/671/1497
f 1564/673/1499 1563/672/1498 1562/671/1497
f 1565/674/1500 1563/672/1498 1564/673/1499
f 1566/675/1501 1563/672/1498 1565/674/1500
f 1567/676/1502 1566/675/1501 1565/674/1500
f 1568/677/1503 1566/675/1501 1567/676/1502
f 1569/678/1504 1568/677/1503 1567/676/1502
f 1570/679/1505 1568/677/1503 1569/678/1504
f 1571/666/1506 1570/679/1505 1569/678/1504
f 1572/667/1507 1570/679/1505 1571/666/1506
f 1573/665/1508 1572/667/1507 1571/666/1506
f 1574/664/1509 1573/665/1508 1571/666/1506
f 1575/663/1510 1573/665/1508 1574/664/1509
f 1576/662/1511 1575/663/1510 1574/664/1509
f 1577/660/1512 1575/663/1510 1576/662/1511
f 1578/680/1513 1579/681/1514 1580/682/1515
f 1581/683/1516 1578/680/1513 1580/682/1515
f 1582/683/1517 1583/682/1518 1584/659/1519
f 1585/658/1520 1582/683/1517 1584/659/1519
f 1586/684/1521 1587/655/1522 1588/654/1523
f 1589/685/1524 1586/684/1521 1588/654/1523
f 1590/684/1525 1591/685/1526 1592/657/1527
f 1593/656/1528 1590/684/1525 1592/657/1527
f 1594/681/1529 1595/680/1530 1596/686/1531
f 1597/687/1532 1594/681/1529 1596/686/1531
f 1598/681/1533 1599/687/1534 1600/686/1535
f 1601/680/1536 1598/681/1533 1600/686/1535
f 1602/688/1537 1598/681/1533 1601/680/1536
f 1603/689/1538 1602/688/1537 1601/680/1536
f 1604/690/1539 1602/688/1537 1603/689/1538
f 1605/691/1540 1602/688/1537 1604/690/1539
f 1606/692/1541 1605/691/1540 1604/690/1539
f 1607/693/1542 1605/691/1540 1606/692/1541
f 1608/690/1543 1607/693/1542 1606/692/1541
f 1609/691/1544 1607/693/1542 1608/690/1543
f 1610/656/1545 1609/691/1544 1608/690/1543
f 1611/657/1546 1609/691/1544 1610/656/1545
f 1612/694/1547 1613/695/1548 1614/696/1549
f 1615/697/1550 1612/694/1547 1614/696/1549
f 1616/698/1551 1612/694/1547 1615/697/1550
f 1617/699/1552 1612/694/1547 1616/698/1551
f 1618/700/1553 1617/699/1552 1616/698/1551
f 1619/701/1554 1617/699/1552 1618/700/1553
f 1620/702/1555 1619/701/1554 1618/700/1553
f 1621/703/1556 1619/701/1554 1620/702/1555
f 1622/704/1557 1621/703/1556 1620/702/1555
f 1623/705/1558 1621/703/1556 1622/704/1557
f 1624/706/1559 1623/705/1558 1622/704/1557
f 1625/707/1560 1623/705/1558 1624/706/1559
f 1626/704/1561 1625/707/1560 1624/706/1559
f 1627/705/1562 1625/707/1560 1626/704/1561
f 1628/700/1563 1627/705/1562 1626/704/1561
f 1629/701/1564 1627/705/1562 1628/700/1563
f 1630/698/1565 1629/701/1564 1628/700/1563
f 1631/699/1566 1629/701/1564 1630/698/1565
f 1632/697/1567 1631/699/1566 1630/698/1565
f 1633/694/1568 1631/699/1566 1632/697/1567
f 1634/696/1569 1633/694/1568 1632/697/1567
f 1635/695/1570 1633/694/1568 1634/696/1569
f 1636/708/1571 1637/709/1572 1638/710/1573
f 1639/711/1574 1636/708/1571 1638/710/1573
f 1640/712/1575 1636/708/1571 1639/711/1574
f 1641/713/1576 1640/712/1575 1639/711/1574
f 1642/714/1577 1640/712/1575 1641/713/1576
f 1643/715/1578 1642/714/1577 1641/713/1576
f 1644/716/1579 1642/714/1577 1643/715/1578
f 1645/717/1580 1642/714/1577 1644/716/1579
f 1646/718/1581 1645/717/1580 1644/716/1579
f 1647/719/1582 1645/717/1580 1646/718/1581
f 1648/720/1583 1647/719/1582 1646/718/1581
f 1649/721/1584 1647/719/1582 1648/720/1583
f 1650/718/1585 1649/721/1584 1648/720/1583
f 1651/719/1586 1649/721/1584 1650/718/1585
f 1652/722/1587 1651/719/1586 1650/718/1585
f 1653/723/1588 1651/719/1586 1652/722/1587
f 1654/715/1589 1653/723/1588 1652/722/1587
f 1655/714/1590 1653/723/1588 1654/715/1589
f 1656/724/1591 1655/714/1590 1654/715/1589
f 1657/725/1592 1655/714/1590 1656/724/1591
f 1658/708/1593 1657/725/1592 1656/724/1591
f 1659/711/1594 1658/708/1593 1656/724/1591
f 1660/709/1595 1658/708/1593 1659/711/1594
f 1661/710/1596 1660/709/1595 1659/711/1594
f 1662/660/1597 1663/661/1598 1664/726/1599
f 1665/663/1600 1662/660/1597 1664/726/1599
f 1666/727/1601 1665/663/1600 1664/726/1599
f 1667/665/1602 1665/663/1600 1666/727/1601
f 1668/667/1603 1667/665/1602 1666/727/1601
f 1669/728/1604 1668/667/1603 1666/727/1601
f 1670/668/1605 1668/667/1603 1669/728/1604
f 1671/729/1606 1670/668/1605 1669/728/1604
f 1672/670/1607 1670/668/1605 1671/729/1606
f 1673/708/1608 1674/711/1609 1675/710/1610
f 1676/709/1611 1673/708/1608 1675/710/1610
f 1677/730/1612 1678/731/1613 1679/732/1614
f 1680/733/1615 1677/730/1612 1679/732/1614
f 1681/734/1616 1677/730/1612 1680/733/1615
f 1682/735/1617 1677/730/1612 1681/734/1616
f 1683/736/1618 1682/735/1617 1681/734/1616
f 1684/737/1619 1682/735/1617 1683/736/1618
f 1685/730/1620 1682/735/1617 1684/737/1619
f 1686/731/1621 1685/730/1620 1684/737/1619
f 1687/738/1622 1686/731/1623 1688/737/1624
f 1689/739/1625 1687/738/1622 1688/737/1624
f 1690/740/1626 1687/738/1622 1689/739/1625
f 1691/741/1627 1687/738/1622 1690/740/1626
f 1692/737/1628 1693/736/1629 1694/742/1630
f 1695/739/1631 1692/737/1628 1694/742/1630
f 1696/740/1632 1695/739/1631 1694/742/1630
f 1697/743/1633 1696/740/1632 1694/742/1630
f 1698/741/1634 1696/740/1632 1697/743/1633
f 1699/744/1635 1698/741/1634 1697/743/1633
f 1700/745/1636 1698/741/1634 1699/744/1635
f 1701/738/1637 1698/741/1634 1700/745/1636
f 1702/746/1638 1703/747/1639 1704/748/1640
f 1705/749/1641 1702/746/1638 1704/748/1640
f 1706/750/1642 1707/751/1643 1708/752/1644
f 1709/753/1645 1706/750/1642 1708/752/1644
f 1710/754/1646 1711/751/1647 1712/755/1648
f 1713/756/1649 1710/754/1646 1712/755/1648
f 1714/757/1650 1715/747/1651 1716/758/1652
f 1717/759/1653 1714/757/1650 1716/758/1652
f 1718/732/1654 1719/731/1655 1720/730/1656
f 1721/733/1657 1718/732/1654 1720/730/1656
f 1722/734/1658 1721/733/1657 1720/730/1656
f 1723/735/1659 1722/734/1658 1720/730/1656
f 1724/736/1660 1722/734/1658 1723/735/1659
f 1725/737/1661 1724/736/1660 1723/735/1659
f 1726/730/1662 1725/737/1661 1723/735/1659
f 1727/731/1663 1728/737/1664 1726/730/1665
f 1729/738/1666 1728/737/1664 1727/731/1663
f 1730/739/1667 1728/737/1664 1729/738/1666
f 1731/742/1668 1725/737/1661 1732/739/1669
f 1724/736/1660 1725/737/1661 1731/742/1668
f 1733/741/1670 1734/738/1671 1735/745/1672
f 1736/744/1673 1733/741/1670 1735/745/1672
f 1737/743/1674 1733/741/1670 1736/744/1673
f 1738/740/1675 1733/741/1670 1737/743/1674
f 1739/742/1676 1738/740/1675 1737/743/1674
f 1740/739/1677 1738/740/1675 1739/742/1676
f 1741/738/1678 1742/740/1679 1740/739/1680
f 1743/741/1681 1742/740/1679 1741/738/1678
f 1744/748/1682 1745/747/1683 1746/746/1684
f 1747/749/1685 1744/748/1682 1746/746/1684
f 1748/752/1686 1749/751/1687 1750/750/1688
f 1751/753/1689 1748/752/1686 1750/750/1688
f 1752/760/1690 1753/761/1691 1754/762/1692
f 1755/763/1693 1752/760/1690 1754/762/1692
f 1756/764/1694 1752/760/1690 1755/763/1693
f 1757/765/1695 1756/764/1694 1755/763/1693
f 1758/766/1696 1756/764/1694 1757/765/1695
f 1759/767/1697 1758/766/1696 1757/765/1695
f 1760/768/1698 1758/766/1696 1759/767/1697
f 1761/769/1699 1758/766/1696 1760/768/1698
f 1762/770/1700 1758/766/1696 1761/769/1699
f 1763/771/1701 1758/766/1696 1762/770/1700
f 1756/764/1694 1758/766/1696 1763/771/1701
f 1764/760/1702 1756/764/1694 1763/771/1701
f 1765/772/1703 1764/760/1702 1763/771/1701
f 1766/761/1704 1764/760/1702 1765/772/1703
f 1767/773/1705 1768/774/1706 1769/775/1707
f 1770/776/1708 1767/773/1705 1769/775/1707
f 1771/777/1709 1770/776/1708 1769/775/1707
f 1772/778/1710 1770/776/1708 1771/777/1709
f 1773/779/1711 1772/778/1710 1771/777/1709
f 1774/780/1712 1773/779/1711 1771/777/1709
f 1775/781/1713 1773/779/1711 1774/780/1712
f 1776/782/1714 1773/779/1711 1775/781/1713
f 1777/783/1715 1776/782/1714 1775/781/1713
f 1778/784/1716 1776/782/1714 1777/783/1715
f 1779/785/1717 1780/786/1718 1781/787/1719
f 1782/788/1720 1779/785/1717 1781/787/1719
f 1783/789/1721 1782/788/1720 1781/787/1719
f 1784/790/1722 1785/791/1723 1786/792/1724
f 1787/793/1725 1784/790/1722 1786/792/1724
f 1788/794/1726 1787/793/1725 1786/792/1724
f 1789/795/1727 1787/793/1725 1788/794/1726
f 1790/796/1728 1789/795/1727 1788/794/1726
f 1791/797/1729 1789/795/1727 1790/796/1728
f 1792/798/1730 1791/797/1729 1790/796/1728
f 1793/799/1731 1794/800/1732 1795/801/1733
f 1796/802/1734 1793/799/1731 1795/801/1733
f 1797/803/1735 1793/799/1731 1796/802/1734
f 1798/804/1736 1797/803/1735 1796/802/1734
f 1799/805/1737 1798/804/1736 1796/802/1734
f 1800/806/1738 1798/804/1736 1799/805/1737
f 1801/807/1739 1800/806/1738 1799/805/1737
f 1802/808/1740 1800/806/1738 1801/807/1739
f 1803/809/1741 1800/806/1738 1802/808/1740
f 1804/810/1742 1803/809/1741 1802/808/1740
f 1805/811/1743 1804/810/1742 1802/808/1740
f 1806/812/1744 1804/810/1742 1805/811/1743
f 1807/813/1745 1806/812/1744 1805/811/1743
f 1802/808/1740 1807/813/1745 1805/811/1743
f 1808/814/1746 1807/813/1745 1802/808/1740
f 1801/807/1739 1808/814/1746 1802/808/1740
f 1809/815/1747 1808/814/1746 1801/807/1739
f 1799/805/1737 1809/815/1747 1801/807/1739
f 1810/816/1748 1809/815/1747 1799/805/1737
f 1811/817/1749 1810/816/1748 1799/805/1737
f 1796/802/1734 1811/817/1749 1799/805/1737
f 1795/801/1733 1811/817/1749 1796/802/1734
f 1812/589/1750 1813/798/1751 1814/796/1752
f 1815/818/1753 1812/589/1750 1814/796/1752
f 1816/819/1754 1815/818/1753 1814/796/1752
f 1817/820/1755 1815/818/1753 1816/819/1754
f 1818/821/1756 1815/818/1753 1817/820/1755
f 1819/792/1757 1818/821/1756 1817/820/1755
f 1820/822/1758 1818/821/1756 1819/792/1757
f 1821/823/1759 1820/822/1758 1819/792/1757
f 1822/824/1760 1820/822/1758 1821/823/1759
f 1823/825/1761 1822/824/1762 1824/823/1763
f 1825/826/1764 1823/825/1761 1824/823/1763
f 1826/792/1765 1825/826/1764 1824/823/1763
f 1827/820/1766 1825/826/1764 1826/792/1765
f 1828/827/1767 1825/826/1764 1827/820/1766
f 1829/828/1768 1828/827/1767 1827/820/1766
f 1830/819/1769 1829/828/1768 1827/820/1766
f 1831/796/1770 1829/828/1768 1830/819/1769
f 1832/797/1771 1829/828/1768 1831/796/1770
f 1833/798/1772 1832/797/1771 1831/796/1770
f 1834/662/1773 1835/661/1774 1836/660/1775
f 1837/663/1776 1834/662/1773 1836/660/1775
f 1838/664/1777 1834/662/1773 1837/663/1776
f 1839/665/1778 1838/664/1777 1837/663/1776
f 1840/666/1779 1838/664/1777 1839/665/1778
f 1841/667/1780 1840/666/1779 1839/665/1778
f 1842/668/1781 1840/666/1779 1841/667/1780
f 1843/669/1782 1840/666/1779 1842/668/1781
f 1844/670/1783 1843/669/1782 1842/668/1781
f 1845/671/1784 1843/669/1782 1844/670/1783
f 1846/672/1785 1845/671/1784 1844/670/1783
f 1847/673/1786 1845/671/1784 1846/672/1785
f 1848/674/1787 1847/673/1786 1846/672/1785
f 1849/675/1788 1848/674/1787 1846/672/1785
f 1850/676/1789 1848/674/1787 1849/675/1788
f 1851/677/1790 1850/676/1789 1849/675/1788
f 1852/678/1791 1850/676/1789 1851/677/1790
f 1853/679/1792 1852/678/1791 1851/677/1790
f 1854/666/1793 1852/678/1791 1853/679/1792
f 1855/667/1794 1854/666/1793 1853/679/1792
f 1856/665/1795 1854/666/1793 1855/667/1794
f 1857/664/1796 1854/666/1793 1856/665/1795
f 1858/663/1797 1857/664/1796 1856/665/1795
f 1859/662/1798 1857/664/1796 1858/663/1797
f 1860/660/1799 1859/662/1798 1858/663/1797
f 1861/657/1800 1862/659/1801 1863/658/1802
f 1864/656/1803 1861/657/1800 1863/658/1802
f 1865/654/1804 1861/657/1800 1864/656/1803
f 1866/655/1805 1865/654/1804 1864/656/1803
f 1867/691/1806 1868/657/1807 1869/656/1808
f 1870/690/1809 1867/691/1806 1869/656/1808
f 1871/693/1810 1867/691/1806 1870/690/1809
f 1872/692/1811 1871/693/1810 1870/690/1809
f 1873/691/1812 1871/693/1810 1872/692/1811
f 1874/690/1813 1873/691/1812 1872/692/1811
f 1875/688/1814 1873/691/1812 1874/690/1813
f 1876/689/1815 1875/688/1814 1874/690/1813
f 1877/680/1816 1875/688/1814 1876/689/1815
f 1878/681/1817 1875/688/1814 1877/680/1816
f 1879/686/1818 1878/681/1817 1877/680/1816
f 1880/687/1819 1878/681/1817 1879/686/1818
f 1881/642/1820 1882/641/1821 1883/640/1822
f 1884/643/1823 1881/642/1820 1883/640/1822
f 1885/644/1824 1881/642/1820 1884/643/1823
f 1886/645/1825 1885/644/1824 1884/643/1823
f 1887/646/1826 1885/644/1824 1886/645/1825
f 1888/647/1827 1887/646/1826 1886/645/1825
f 1889/648/1828 1887/646/1826 1888/647/1827
f 1890/649/1829 1889/648/1828 1888/647/1827
f 1891/650/1830 1889/648/1828 1890/649/1829
f 1892/651/1831 1891/650/1830 1890/649/1829
f 1893/652/1832 1891/650/1830 1892/651/1831
f 1894/653/1833 1893/652/1832 1892/651/1831
f 1895/650/1834 1893/652/1832 1894/653/1833
f 1896/651/1835 1895/650/1834 1894/653/1833
f 1897/648/1836 1895/650/1834 1896/651/1835
f 1898/649/1837 1897/648/1836 1896/651/1835
f 1899/646/1838 1897/648/1836 1898/649/1837
f 1900/647/1839 1899/646/1838 1898/649/1837
f 1901/644/1840 1899/646/1838 1900/647/1839
f 1902/645/1841 1901/644/1840 1900/647/1839
f 1903/642/1842 1901/644/1840 1902/645/1841
f 1904/643/1843 1903/642/1842 1902/645/1841
f 1905/641/1844 1903/642/1842 1904/643/1843
f 1906/640/1845 1905/641/1844 1904/643/1843
f 1907/682/1846 1908/681/1847 1909/680/1848
f 1910/683/1849 1907/682/1846 1909/680/1848
f 1911/659/1850 1912/682/1851 1913/683/1852
f 1914/658/1853 1911/659/1850 1913/683/1852
f 1915/654/1854 1916/655/1855 1917/684/1856
f 1918/685/1857 1915/654/1854 1917/684/1856
f 1919/657/1858 1920/685/1859 1921/684/1860
f 1922/656/1861 1919/657/1858 1921/684/1860
f 1923/686/1862 1924/680/1863 1925/681/1864
f 1926/687/1865 1923/686/1862 1925/681/1864
f 1927/696/1866 1928/695/1867 1929/694/1868
f 1930/697/1869 1927/696/1866 1929/694/1868
f 1931/698/1870 1930/697/1869 1929/694/1868
f 1932/699/1871 1931/698/1870 1929/694/1868
f 1933/700/1872 1931/698/1870 1932/699/1871
f 1934/701/1873 1933/700/1872 1932/699/1871
f 1935/702/1874 1933/700/1872 1934/701/1873
f 1936/703/1875 1935/702/1874 1934/701/1873
f 1937/704/1876 1935/702/1874 1936/703/1875
f 1938/705/1877 1937/704/1876 1936/703/1875
f 1939/706/1878 1937/704/1876 1938/705/1877
f 1940/707/1879 1939/706/1878 1938/705/1877
f 1941/704/1880 1939/706/1878 1940/707/1879
f 1942/705/1881 1941/704/1880 1940/707/1879
f 1943/700/1882 1941/704/1880 1942/705/1881
f 1944/701/1883 1943/700/1882 1942/705/1881
f 1945/698/1884 1943/700/1882 1944/701/1883
f 1946/699/1885 1945/698/1884 1944/701/1883
f 1947/697/1886 1945/698/1884 1946/699/1885
f 1948/694/1887 1947/697/1886 1946/699/1885
f 1949/696/1888 1947/697/1886 1948/694/1887
f 1950/695/1889 1949/696/1888 1948/694/1887
f 1951/711/1890 1952/710/1891 1953/709/1892
f 1954/708/1893 1951/711/1890 1953/709/1892
f 1955/712/1894 1951/711/1890 1954/708/1893
f 1956/713/1895 1951/711/1890 1955/712/1894
f 1957/714/1896 1956/713/1895 1955/712/1894
f 1958/715/1897 1956/713/1895 1957/714/1896
f 1959/716/1898 1958/715/1897 1957/714/1896
f 1960/717/1899 1959/716/1898 1957/714/1896
f 1961/718/1900 1959/716/1898 1960/717/1899
f 1962/719/1901 1961/718/1900 1960/717/1899
f 1963/720/1902 1961/718/1900 1962/719/1901
f 1964/721/1903 1963/720/1902 1962/719/1901
f 1965/718/1904 1963/720/1902 1964/721/1903
f 1966/719/1905 1965/718/1904 1964/721/1903
f 1967/722/1906 1965/718/1904 1966/719/1905
f 1968/723/1907 1967/722/1906 1966/719/1905
f 1969/715/1908 1967/722/1906 1968/723/1907
f 1970/714/1909 1969/715/1908 1968/723/1907
f 1971/724/1910 1969/715/1908 1970/714/1909
f 1972/725/1911 1971/724/1910 1970/714/1909
f 1973/708/1912 1971/724/1910 1972/725/1911
f 1974/711/1913 1971/724/1910 1973/708/1912
f 1975/710/1914 1974/711/1913 1973/708/1912
f 1976/709/1915 1975/710/1914 1973/708/1912
f 1977/758/1916 1978/747/1917 1979/757/1918
f 1980/759/1919 1977/758/1916 1979/757/1918
f 1981/755/1920 1982/751/1921 1983/754/1922
f 1984/756/1923 1981/755/1920 1983/754/1922
f 1985/829/1924 1986/830/1925 1987/831/1926
f 1988/832/1927 1985/829/1924 1987/831/1926
f 1989/833/1928 1988/832/1927 1987/831/1926
f 1990/834/1929 1988/832/1927 1989/833/1928
f 1991/835/1930 1990/834/1929 1989/833/1928
f 1992/836/1931 1990/834/1929 1991/835/1930
f 1993/837/1932 1992/836/1931 1991/835/1930
f 1994/838/1933 1992/836/1931 1993/837/1932
f 1995/839/1934 1994/838/1933 1993/837/1932
f 1996/840/1935 1997/829/1936 1998/832/1937
f 1999/841/1938 1996/840/1935 1998/832/1937
f 2000/834/1939 1999/841/1938 1998/832/1937
f 2001/842/1940 1999/841/1938 2000/834/1939
f 2002/836/1941 2001/842/1940 2000/834/1939
f 2003/843/1942 2001/842/1940 2002/836/1941
f 2004/838/1943 2003/843/1942 2002/836/1941
f 2005/844/1944 2003/843/1942 2004/838/1943
f 2006/839/1945 2005/844/1944 2004/838/1943
f 2007/844/1946 2008/845/1947 2009/846/1948
f 2010/847/1949 2007/844/1946 2009/846/1948
f 2011/843/1950 2007/844/1946 2010/847/1949
f 2012/848/1951 2011/843/1950 2010/847/1949
f 2013/842/1952 2011/843/1950 2012/848/1951
f 2014/849/1953 2013/842/1952 2012/848/1951
f 2015/841/1954 2013/842/1952 2014/849/1953
f 2016/840/1955 2015/841/1954 2014/849/1953
f 2017/850/1956 2016/840/1955 2014/849/1953
f 2018/589/1957 2019/798/1958 2020/796/1959
f 2021/821/1960 2018/589/1957 2020/796/1959
f 2022/794/1961 2021/821/1960 2020/796/1959
f 2023/792/1962 2021/821/1960 2022/794/1961
f 2024/791/1963 2021/821/1960 2023/792/1962
f 2025/726/1964 2026/661/1965 2027/660/1966
f 2028/663/1967 2025/726/1964 2027/660/1966
f 2029/727/1968 2025/726/1964 2028/663/1967
f 2030/665/1969 2029/727/1968 2028/663/1967
f 2031/667/1970 2029/727/1968 2030/665/1969
f 2032/728/1971 2029/727/1968 2031/667/1970
f 2033/668/1972 2032/728/1971 2031/667/1970
f 2034/729/1973 2032/728/1971 2033/668/1972
f 2035/670/1974 2034/729/1973 2033/668/1972
f 2036/710/1975 2037/711/1976 2038/708/1977
f 2039/709/1978 2036/710/1975 2038/708/1977
f 2040/851/1979 2041/852/1980 2042/853/1981
f 2043/854/1982 2040/851/1979 2042/853/1981
f 2044/855/1983 2043/854/1982 2042/853/1981
f 2045/856/1984 2044/855/1985 2046/853/1986
f 2047/857/1987 2045/856/1984 2042/853/1981
f 2048/858/1988 2045/856/1984 2047/857/1987
f 2049/859/1989 2048/858/1988 2047/857/1987
f 2050/860/1990 2048/858/1988 2049/859/1989
f 2051/861/1991 2050/860/1990 2049/859/1989
f 2041/852/1980 2051/861/1991 2049/859/1989
f 2047/857/1987 2041/852/1980 2049/859/1989
f 2042/853/1981 2041/852/1980 2047/857/1987
f 2052/553/1992 2053/552/1993 2054/551/1994
f 2055/554/1995 2052/553/1992 2054/551/1994
f 2056/555/1996 2055/554/1995 2054/551/1994
f 2057/556/1997 2056/555/1996 2054/551/1994
f 2058/557/1998 2057/556/1997 2054/551/1994
f 2059/558/1999 2058/557/1998 2054/551/1994
f 2060/559/2000 2059/558/1999 2054/551/1994
f 2061/560/2001 2060/559/2000 2054/551/1994
f 2062/561/2002 2061/560/2001 2054/551/1994
f 2063/562/2003 2062/561/2002 2054/551/1994
f 2064/563/2004 2063/562/2003 2054/551/1994
f 2065/564/2005 2064/563/2004 2054/551/1994
f 2066/565/2006 2065/564/2005 2054/551/1994
f 2053/552/1993 2066/565/2006 2054/551/1994
f 2067/862/2007 2068/747/2008 2069/746/2009
f 2070/752/2010 2067/862/2007 2069/746/2009
f 2071/751/2011 2067/862/2007 2070/752/2010
f 2072/755/2012 2067/862/2007 2071/751/2011
f 2073/863/2013 2067/862/2007 2072/755/2012
f 2074/756/2014 2073/863/2013 2072/755/2012
f 2075/864/2015 2073/863/2013 2074/756/2014
f 2076/759/2016 2073/863/2013 2075/864/2015
f 2077/757/2017 2073/863/2013 2076/759/2016
f 2067/862/2007 2073/863/2013 2077/757/2017
f 2068/747/2008 2067/862/2007 2077/757/2017
f 2078/862/2018 2079/755/2019 2080/751/2020
f 2081/752/2021 2078/862/2018 2080/751/2020
f 2082/746/2022 2078/862/2018 2081/752/2021
f 2083/747/2023 2078/862/2018 2082/746/2022
f 2084/757/2024 2078/862/2018 2083/747/2023
f 2085/863/2025 2078/862/2018 2084/757/2024
f 2079/755/2019 2078/862/2018 2085/863/2025
f 2086/756/2026 2079/755/2019 2085/863/2025
f 2087/864/2027 2086/756/2026 2085/863/2025
f 2088/759/2028 2087/864/2027 2085/863/2025
f 2084/757/2024 2088/759/2028 2085/863/2025
f 2089/865/2029 2090/866/2030 2091/867/2031
f 2092/868/2032 2089/865/2029 2091/867/2031
f 2093/869/2033 2092/868/2032 2091/867/2031
f 2094/870/2034 2092/868/2032 2093/869/2033
f 2095/871/2035 2094/870/2034 2093/869/2033
f 2096/872/2036 2095/871/2035 2093/869/2033
f 2097/867/2037 2096/872/2036 2093/869/2033
f 2098/873/2038 2096/872/2039 2091/867/2031
f 2099/874/2040 2098/873/2038 2091/867/2031
f 2100/875/2041 2098/873/2038 2099/874/2040
f 2101/876/2042 2100/875/2041 2099/874/2040
f 2102/877/2043 2101/876/2042 2099/874/2040
f 2103/878/2044 2101/876/2042 2102/877/2043
f 2104/879/2045 2103/878/2044 2102/877/2043
f 2099/874/2040 2104/879/2045 2102/877/2043
f 2090/866/2030 2104/879/2045 2099/874/2040
f 2091/867/2031 2090/866/2030 2099/874/2040
f 2105/880/2046 2106/881/2047 2107/882/2048
f 2108/883/2049 2105/880/2046 2107/882/2048
f 2109/884/2050 2108/883/2049 2107/882/2048
f 2110/885/2051 2108/883/2049 2109/884/2050
f 2111/886/2052 2108/883/2049 2110/885/2051
f 2112/887/2053 2111/886/2052 2110/885/2051
f 2113/888/2054 2112/887/2053 2110/885/2051
f 2114/889/2055 2112/887/2053 2113/888/2054
f 2115/885/2056 2114/889/2055 2113/888/2054
f 2116/884/2057 2114/889/2055 2115/885/2056
f 2117/890/2058 2114/889/2055 2116/884/2057
f 2118/882/2059 2117/890/2058 2116/884/2057
f 2119/891/2060 2117/890/2058 2118/882/2059
f 2120/881/2061 2119/891/2060 2118/882/2059
f 2121/892/2062 2120/881/2061 2118/882/2059
f 2122/893/2063 2121/892/2062 2118/882/2059
f 2116/884/2057 2122/893/2063 2118/882/2059
f 2123/894/2064 2122/893/2063 2116/884/2057
f 2115/885/2056 2123/894/2064 2116/884/2057
f 2113/888/2054 2123/894/2064 2115/885/2056
f 2124/895/2065 2123/894/2064 2113/888/2054
f 2125/894/2066 2124/895/2065 2113/888/2054
f 2110/885/2051 2125/894/2066 2113/888/2054
f 2109/884/2050 2125/894/2066 2110/885/2051
f 2126/893/2067 2125/894/2066 2109/884/2050
f 2107/882/2048 2126/893/2067 2109/884/2050
f 2127/892/2068 2126/893/2067 2107/882/2048
f 2106/881/2047 2127/892/2068 2107/882/2048
f 2128/896/2069 2127/892/2068 2106/881/2047
f 2129/897/2070 2128/896/2069 2106/881/2047
f 2130/898/2071 2129/897/2070 2106/881/2047
f 2131/899/2072 2129/897/2070 2130/898/2071
f 2132/900/2073 2129/897/2070 2131/899/2072
f 2133/901/2074 2129/897/2070 2132/900/2073
f 2134/902/2075 2129/897/2070 2133/901/2074
f 2128/896/2069 2129/897/2070 2134/902/2075
f 2135/903/2076 2128/896/2069 2134/902/2075
f 2127/892/2068 2128/896/2069 2135/903/2076
f 2136/904/2077 2127/892/2068 2135/903/2076
f 2126/893/2067 2127/892/2068 2136/904/2077
f 2125/894/2066 2126/893/2067 2136/904/2077
f 2137/905/2078 2125/894/2066 2136/904/2077
f 2124/895/2065 2125/894/2066 2137/905/2078
f 2138/906/2079 2124/895/2065 2137/905/2078
f 2139/905/2080 2124/895/2065 2138/906/2079
f 2123/894/2064 2124/895/2065 2139/905/2080
f 2122/893/2063 2123/894/2064 2139/905/2080
f 2140/904/2081 2122/893/2063 2139/905/2080
f 2121/892/2062 2122/893/2063 2140/904/2081
f 2141/903/2082 2121/892/2062 2140/904/2081
f 2142/907/2083 2141/903/2082 2140/904/2081
f 2139/905/2080 2142/907/2083 2140/904/2081
f 2143/908/2084 2142/907/2083 2139/905/2080
f 2138/906/2079 2143/908/2084 2139/905/2080
f 2137/905/2078 2143/908/2084 2138/906/2079
f 2144/907/2085 2143/908/2084 2137/905/2078
f 2136/904/2077 2144/907/2085 2137/905/2078
f 2135/903/2076 2144/907/2085 2136/904/2077
f 2134/902/2075 2144/907/2085 2135/903/2076
f 2145/909/2086 2144/907/2085 2134/902/2075
f 2143/908/2084 2144/907/2085 2145/909/2086
f 2142/907/2083 2143/908/2084 2145/909/2086
f 2146/902/2087 2142/907/2083 2145/909/2086
f 2141/903/2082 2142/907/2083 2146/902/2087
f 2147/896/2088 2141/903/2082 2146/902/2087
f 2121/892/2062 2141/903/2082 2147/896/2088
f 2120/881/2061 2121/892/2062 2147/896/2088
f 2148/897/2089 2120/881/2061 2147/896/2088
f 2146/902/2087 2148/897/2089 2147/896/2088
f 2149/901/2090 2148/897/2089 2146/902/2087
f 2150/569/2091 2149/901/2090 2146/902/2087
f 2151/570/2092 2150/569/2091 2146/902/2087
f 2145/909/2086 2151/570/2092 2146/902/2087
f 2152/572/2093 2151/570/2092 2145/909/2086
f 2134/902/2075 2152/572/2093 2145/909/2086
f 2153/569/2094 2152/572/2093 2134/902/2075
f 2133/901/2074 2153/569/2094 2134/902/2075
f 2154/897/2095 2155/901/2096 2156/910/2097
f 2157/899/2098 2154/897/2095 2156/910/2097
f 2158/898/2099 2154/897/2095 2157/899/2098
f 2159/881/2100 2154/897/2095 2158/898/2099
o Object_5
v 1.197974 82.687553 -0.873394
v 1.197974 82.772545 -0.873292
v 1.476387 82.631950 0.460346
v 1.476387 82.529076 0.460190
v 1.217866 82.157219 1.505285
v 1.217866 82.062691 1.505156
v -0.000257 81.830254 1.886723
v -0.000257 81.700935 1.886543
v -1.218380 82.062691 1.505156
v -1.218380 82.157219 1.505285
v -1.476900 82.529076 0.460190
v -1.476900 82.631950 0.460346
v -1.198488 82.687553 -0.873394
v -1.198488 82.772545 -0.873292
v -0.000257 82.799507 -1.645229
v -0.000257 82.887840 -1.645104
v 1.197974 82.772545 -0.873292
v 1.197974 82.687553 -0.873394
v -0.000257 82.799507 -1.645229
v -1.198488 82.687553 -0.873394
v -1.198488 82.772545 -0.873292
v -0.000257 82.887840 -1.645104
v -0.000257 79.267921 -2.021410
v -1.061793 79.334724 -1.019774
v -1.156951 80.889503 -0.923532
v -0.000257 80.983025 -1.748647
v -0.000257 82.799507 -1.645229
v -1.198488 82.687553 -0.873394
v -1.476900 82.529076 0.460190
v -1.438867 80.782600 0.458608
v -1.607104 79.325768 0.484689
v -1.438867 80.782600 0.458608
v -1.607104 79.325768 0.484689
v -1.096649 80.680763 1.297706
v -1.476900 82.529076 0.460190
v -1.218380 82.062691 1.505156
v -0.000257 81.700935 1.886543
v -0.000257 80.669121 1.644257
v 1.096135 80.680763 1.297706
v 1.217866 82.062691 1.505156
v 1.476387 82.529076 0.460190
v 1.096135 80.680763 1.297706
v 1.438354 80.782600 0.458608
v 1.156437 80.889503 -0.923532
v 1.197974 82.687553 -0.873394
v -0.000257 82.799507 -1.645229
v -0.000257 80.983025 -1.748647
v -0.000257 79.267921 -2.021410
v 1.061280 79.334724 -1.019774
v 1.606590 79.325768 0.484689
v 1.131589 79.066261 1.221074
v -0.000257 78.844170 1.478248
v -1.132102 79.066261 1.221074
v -28.647339 63.946507 -1.105161
v -28.399017 63.318844 -1.013998
v -29.461487 63.263836 -0.506302
v 9.012360 74.375481 -2.220208
v 10.441670 73.429619 -2.218992
v 9.946707 72.474205 -1.708266
v 5.364157 74.771797 -1.601103
v 6.701240 75.904915 -2.222179
v 5.417356 74.533012 -0.715126
v 5.364157 74.771797 -1.601103
v 9.946707 72.474205 -1.708266
v 9.660176 72.000359 -0.676018
v 5.409575 74.707314 0.327459
v 9.834116 72.291695 0.416088
v 6.270599 75.324959 0.963508
v 8.797591 74.146523 0.912667
v 10.418530 73.390648 0.880035
v 11.036214 74.526863 0.079710
v 9.709737 75.470116 -0.189791
v 11.126840 74.694954 -1.224089
v 9.734383 75.430794 -1.365498
v 9.012360 74.375481 -2.220208
v 11.126840 74.694954 -1.224089
v 10.441670 73.429619 -2.218992
v 19.544834 67.337593 -1.461348
v 27.425632 63.616344 -1.359046
v 27.379475 63.406277 -0.660581
v 19.421432 67.042870 -0.670450
v 27.460194 63.526806 0.116591
v 19.547295 67.337944 0.286747
v 27.666168 64.021400 0.584505
v 19.851681 68.054588 0.561223
v 27.907780 64.695259 0.376746
v 20.044807 68.485008 0.143733
v 19.851681 68.054588 0.561223
v 27.974392 64.954933 -0.274065
v 20.246315 68.984627 -0.616657
v 27.869984 64.785164 -1.179339
v 20.030586 68.493950 -1.467696
v 20.246315 68.984627 -0.616657
v 27.733875 64.468178 -1.563206
v 19.856094 68.085472 -1.782417
v 27.425632 63.616344 -1.359046
v 27.733875 64.468178 -1.563206
v 19.544834 67.337593 -1.461348
v 27.425632 63.616344 -1.359046
v -10.442185 73.429619 -2.218992
v -6.701753 75.904915 -2.222179
v -5.364669 74.771797 -1.601103
v -9.947221 72.474205 -1.708266
v -5.417871 74.533012 -0.715126
v -9.660692 72.000359 -0.676018
v -5.410089 74.707314 0.327459
v -9.834630 72.291679 0.416088
v -6.271113 75.324959 0.963508
v -10.419045 73.390648 0.880035
v -7.019923 76.381554 0.688231
v -11.036728 74.526833 0.079710
v -7.500574 77.041389 -0.638777
v -11.127352 74.694939 -1.224089
v -7.279585 76.728279 -1.614823
v -10.442185 73.429619 -2.218992
v -11.127352 74.694939 -1.224089
v -6.701753 75.904915 -2.222179
v -7.500574 77.041389 -0.638777
v -7.019923 76.381554 0.688231
v -6.000332 76.971306 0.807650
v -6.347737 77.693413 -0.637868
v -7.279585 76.728279 -1.614823
v -6.204049 77.455284 -1.630855
v -6.271113 75.324959 0.963508
v -5.410089 74.707314 0.327459
v -4.855192 75.903694 1.376878
v -7.019923 76.381554 0.688231
v -6.000332 76.971306 0.807650
v -4.881140 77.085121 1.158525
v -4.938632 77.928673 0.391739
v -6.347737 77.693413 -0.637868
v -4.963114 78.220116 -0.637146
v -5.051577 77.853493 -1.753281
v -6.204049 77.455284 -1.630855
v -5.145215 76.709831 -2.316839
v -5.679784 76.498512 -2.266700
v -5.146328 74.815346 -2.046741
v -5.364669 74.771797 -1.601103
v -5.679784 76.498512 -2.266700
v -6.701753 75.904915 -2.222179
v -5.364669 74.771797 -1.601103
v -7.279585 76.728279 -1.614823
v -5.117284 73.934456 0.580283
v -4.928706 74.496452 1.311278
v -4.855192 75.903694 1.376878
v -5.410089 74.707314 0.327459
v -5.417871 74.533012 -0.715126
v -5.137189 73.866875 -0.617253
v -5.181822 74.067635 -1.384819
v -5.364669 74.771797 -1.601103
v -5.146328 74.815346 -2.046741
v 7.019412 76.381554 0.688231
v 6.270599 75.324959 0.963508
v 8.797591 74.146523 0.912667
v 9.709737 75.470116 -0.189791
v 7.500060 77.041389 -0.638777
v 9.734383 75.430794 -1.365498
v 7.279072 76.728279 -1.614823
v 9.012360 74.375481 -2.220208
v 6.701240 75.904915 -2.222179
v 4.854678 75.903694 1.376878
v 5.409575 74.707314 0.327459
v 6.270599 75.324959 0.963508
v 7.019412 76.381554 0.688231
v 5.999818 76.971306 0.807650
v 4.880628 77.085121 1.158525
v 4.938118 77.928673 0.391739
v 6.347223 77.693413 -0.637868
v 4.962599 78.220116 -0.637146
v 5.051064 77.853493 -1.753281
v 6.203535 77.455284 -1.630855
v 5.144701 76.709831 -2.316839
v 5.679272 76.498512 -2.266700
v 5.145813 74.815346 -2.041792
v 5.364157 74.771797 -1.601103
v 5.679272 76.498512 -2.266700
v 6.701240 75.904915 -2.222179
v 5.364157 74.771797 -1.601103
v 7.279072 76.728279 -1.614823
v 5.999818 76.971306 0.807650
v 7.019412 76.381554 0.688231
v 7.500060 77.041389 -0.638777
v 6.347223 77.693413 -0.637868
v 7.279072 76.728279 -1.614823
v 6.203535 77.455284 -1.630855
v 4.854678 75.903694 1.376878
v 4.928193 74.496452 1.311278
v 5.116771 73.934456 0.580283
v 5.409575 74.707314 0.327459
v 5.417356 74.533012 -0.715126
v 5.136675 73.866875 -0.617253
v 5.181309 74.067635 -1.384819
v 5.364157 74.771797 -1.601103
v 5.145813 74.815346 -2.041792
v -19.856594 68.085472 -1.782417
v -19.545334 67.337593 -1.461348
v -27.426128 63.616344 -1.359046
v -27.734364 64.468178 -1.563206
v -20.031090 68.493950 -1.467696
v -27.870476 64.785164 -1.179339
v -27.734364 64.468178 -1.563206
v -20.246811 68.984627 -0.616657
v -27.974873 64.954933 -0.274065
v -20.045296 68.485008 0.143733
v -20.246811 68.984627 -0.616657
v -27.908260 64.695259 0.376746
v -19.852180 68.054588 0.561223
v -27.666653 64.021400 0.584505
v -19.547798 67.337944 0.286747
v -19.852180 68.054588 0.561223
v -27.460686 63.526806 0.116591
v -19.421936 67.042870 -0.670450
v -27.379959 63.406277 -0.660581
v -19.545334 67.337593 -1.461348
v -27.426128 63.616344 -1.359046
v -28.333145 63.126873 -0.559836
v -27.379959 63.406277 -0.660581
v -27.460686 63.526806 0.116591
v -28.376152 63.203213 -0.028934
v -28.532875 63.577602 0.280581
v -27.666653 64.021400 0.584505
v -28.737907 64.100349 0.129464
v -27.908260 64.695259 0.376746
v -28.817200 64.320000 -0.223435
v -27.974873 64.954933 -0.274065
v -28.751316 64.192711 -0.862152
v -27.870476 64.785164 -1.179339
v -28.647339 63.946507 -1.105161
v -27.734364 64.468178 -1.563206
v -27.426128 63.616344 -1.359046
v -28.399017 63.318844 -1.013998
v -27.379959 63.406277 -0.660581
v -28.399017 63.318844 -1.013998
v -28.333145 63.126873 -0.559836
v -28.751316 64.192711 -0.862152
v -28.647339 63.946507 -1.105161
v -29.461487 63.263836 -0.506302
v -28.817200 64.320000 -0.223435
v -28.737907 64.100349 0.129464
v -29.461487 63.263836 -0.506302
v -28.532875 63.577602 0.280581
v -28.376152 63.203213 -0.028934
v -28.532875 63.577602 0.280581
v -29.461487 63.263836 -0.506302
v -28.333145 63.126873 -0.559836
v -28.399017 63.318844 -1.013998
v -29.461487 63.263836 -0.506302
v 29.460995 63.263836 -0.506302
v 28.398529 63.318844 -1.013998
v 28.646851 63.946507 -1.105161
v 27.460194 63.526806 0.116591
v 27.379475 63.406277 -0.660581
v 28.332653 63.126873 -0.559836
v 28.375671 63.203213 -0.028934
v 28.532391 63.577602 0.280581
v 27.666168 64.021400 0.584505
v 28.737400 64.100349 0.129464
v 27.907780 64.695259 0.376746
v 28.816723 64.320000 -0.223435
v 27.974392 64.954933 -0.274065
v 28.750835 64.192711 -0.862152
v 27.869984 64.785164 -1.179339
v 28.646851 63.946507 -1.105161
v 27.733875 64.468178 -1.563206
v 27.425632 63.616344 -1.359046
v 28.398529 63.318844 -1.013998
v 27.379475 63.406277 -0.660581
v 28.398529 63.318844 -1.013998
v 28.332653 63.126873 -0.559836
v 29.460995 63.263836 -0.506302
v 28.646851 63.946507 -1.105161
v 28.750835 64.192711 -0.862152
v 28.816723 64.320000 -0.223435
v 28.737400 64.100349 0.129464
v 29.460995 63.263836 -0.506302
v 28.532391 63.577602 0.280581
v 29.460995 63.263836 -0.506302
v 28.532391 63.577602 0.280581
v 28.375671 63.203213 -0.028934
v 28.332653 63.126873 -0.559836
v 28.398529 63.318844 -1.013998
v 29.460995 63.263836 -0.506302
vn 0.9789 0.0002 -0.2043
vn 0.9997 -0.0000 -0.0232
vn 0.9986 -0.0001 0.0529
vn 0.8008 -0.0008 0.5989
vn 0.6359 -0.0011 0.7718
vn -0.0000 -0.0014 1.0000
vn -0.6359 -0.0011 0.7718
vn -0.8008 -0.0008 0.5989
vn -0.9986 -0.0001 0.0529
vn -0.9997 -0.0000 -0.0232
vn -0.9789 0.0002 -0.2043
vn 0.5416 0.0012 -0.8407
vn 0.5416 0.0007 -0.8406
vn 0.5416 0.0010 -0.8406
vn -0.5416 0.0010 -0.8406
vn -0.5416 0.0012 -0.8407
vn -0.5416 0.0007 -0.8406
vn -0.6396 0.0624 -0.7661
vn -0.8271 -0.0159 -0.5618
vn -0.8372 0.0306 -0.5460
vn -0.5832 0.0869 -0.8077
vn -0.5597 0.0260 -0.8283
vn -0.8139 -0.0026 -0.5809
vn -0.9788 -0.0187 -0.2042
vn -0.9794 0.0480 -0.1961
vn -0.9618 0.0320 -0.2720
vn -0.9234 0.0419 0.3817
vn -0.8690 0.0311 0.4938
vn -0.6761 -0.0676 0.7337
vn -0.9614 -0.0783 0.2638
vn -0.8172 -0.1553 0.5550
vn -0.0000 -0.2017 0.9794
vn -0.0000 -0.1617 0.9868
vn 0.6281 -0.0609 0.7757
vn 0.8172 -0.1553 0.5550
vn 0.9989 -0.0442 -0.0136
vn 0.9751 -0.1144 0.1902
vn 0.9942 0.0469 0.0965
vn 0.9989 -0.0442 -0.0137
vn 0.8372 0.0306 -0.5460
vn 0.8139 -0.0026 -0.5809
vn 0.5597 0.0260 -0.8283
vn 0.5832 0.0869 -0.8077
vn 0.6396 0.0624 -0.7661
vn 0.8271 -0.0159 -0.5618
vn 0.9869 0.0341 0.1577
vn 0.5343 -0.0284 0.8448
vn -0.0000 -0.0615 0.9981
vn -0.5343 -0.0284 0.8448
vn -0.4012 -0.2852 -0.8705
vn -0.2009 -0.3373 -0.9197
vn -0.2372 -0.3596 -0.9025
vn -0.2181 -0.3523 -0.9101
vn -0.1915 -0.3066 -0.9324
vn -0.1906 -0.2892 -0.9381
vn -0.4851 -0.8724 -0.0604
vn -0.4422 -0.8723 -0.2086
vn -0.4497 -0.7754 -0.4434
vn -0.4953 -0.8624 -0.1044
vn -0.4394 -0.7466 0.4996
vn -0.3400 -0.6527 0.6771
vn -0.2566 -0.4553 0.8526
vn -0.0234 -0.0732 0.9970
vn 0.0646 0.0957 0.9933
vn 0.4057 0.7060 0.5805
vn 0.4141 0.7897 0.4527
vn 0.5226 0.8489 0.0798
vn 0.4421 0.7388 -0.5087
vn 0.3190 0.4645 -0.8261
vn 0.4421 0.7387 -0.5088
vn 0.3152 0.4752 -0.8215
vn -0.2875 -0.6375 -0.7148
vn -0.3994 -0.8550 -0.3309
vn -0.4188 -0.9067 -0.0504
vn -0.4211 -0.9063 -0.0350
vn -0.3612 -0.7905 0.4946
vn -0.3107 -0.6390 0.7037
vn -0.0930 -0.2177 0.9716
vn -0.1415 -0.2686 0.9528
vn 0.2815 0.5906 0.7562
vn 0.3183 0.6800 0.6605
vn 0.2696 0.6054 0.7489
vn 0.2816 0.5906 0.7562
vn 0.4445 0.8892 0.1087
vn 0.3718 0.7585 0.5352
vn 0.4100 0.7859 -0.4628
vn 0.3266 0.6522 -0.6841
vn 0.3779 0.7574 -0.5325
vn 0.4100 0.7859 -0.4629
vn 0.3355 0.6580 -0.6741
vn 0.0706 0.1144 -0.9909
vn -0.0688 -0.2089 -0.9755
vn 0.0706 0.1143 -0.9909
vn -0.2875 -0.6374 -0.7149
vn 0.0707 0.1144 -0.9909
vn -0.0510 0.0342 -0.9981
vn -0.0301 0.0442 -0.9986
vn 0.3742 -0.6983 -0.6102
vn 0.3455 -0.6034 -0.7187
vn 0.4851 -0.8724 -0.0604
vn 0.4953 -0.8624 -0.1044
vn 0.4394 -0.7466 0.4996
vn 0.3400 -0.6527 0.6771
vn 0.1165 -0.2083 0.9711
vn -0.0924 0.0447 0.9947
vn -0.2845 0.4826 0.8283
vn -0.4738 0.6877 0.5501
vn -0.5008 0.8609 0.0903
vn -0.5500 0.8319 0.0730
vn -0.3922 0.6392 -0.6615
vn -0.0509 0.0343 -0.9981
vn -0.3299 0.4666 -0.8206
vn -0.0301 0.0443 -0.9986
vn -0.5026 0.8616 0.0716
vn -0.4717 0.7095 0.5236
vn -0.4537 0.7335 0.5061
vn -0.5122 0.8543 0.0890
vn -0.4945 0.8062 -0.3248
vn -0.5421 0.7960 -0.2693
vn -0.1648 -0.2737 0.9476
vn 0.0605 -0.6739 0.7363
vn -0.2057 -0.1031 0.9732
vn -0.2717 0.1410 0.9520
vn -0.3406 0.4451 0.8282
vn -0.3109 0.4006 0.8619
vn -0.3841 0.7810 0.4925
vn -0.4066 0.9110 0.0690
vn -0.3555 0.9346 0.0076
vn -0.3234 0.7593 -0.5647
vn -0.3196 0.6518 -0.6877
vn -0.1772 0.2302 -0.9569
vn -0.1337 0.1346 -0.9818
vn -0.7619 -0.3154 -0.5657
vn -0.8370 -0.3230 -0.4417
vn -0.1085 0.1128 -0.9877
vn 0.1518 -0.3313 -0.9312
vn -0.2897 0.4212 -0.8594
vn -0.9428 -0.2130 0.2566
vn -0.9746 0.0406 0.2202
vn -0.9088 -0.0467 0.4145
vn -0.9098 -0.2321 0.3442
vn -0.9344 -0.3553 -0.0273
vn -0.9216 -0.3882 0.0010
vn -0.9255 -0.3406 -0.1655
vn -0.8832 -0.3313 -0.3319
vn -0.8273 -0.3498 -0.4395
vn 0.3077 0.4687 0.8280
vn 0.1041 0.1810 0.9780
vn 0.3292 0.3500 0.8770
vn 0.5424 0.7210 0.4313
vn 0.5068 0.8574 0.0898
vn 0.4983 0.7184 -0.4854
vn 0.3932 0.6384 -0.6617
vn 0.3138 0.4468 -0.8378
vn 0.2858 0.4308 -0.8560
vn 0.2057 -0.1031 0.9732
vn -0.0605 -0.6739 0.7363
vn 0.1648 -0.2737 0.9476
vn 0.2717 0.1410 0.9520
vn 0.3406 0.4451 0.8282
vn 0.3109 0.4006 0.8619
vn 0.3841 0.7810 0.4925
vn 0.4066 0.9110 0.0690
vn 0.3555 0.9346 0.0076
vn 0.3234 0.7593 -0.5647
vn 0.3185 0.6540 -0.6862
vn 0.1769 0.2293 -0.9571
vn 0.1310 0.1334 -0.9824
vn 0.7592 -0.3166 -0.5687
vn 0.8346 -0.3240 -0.4455
vn 0.7592 -0.3166 -0.5686
vn 0.1101 0.1069 -0.9882
vn -0.1518 -0.3313 -0.9312
vn 0.2982 0.4222 -0.8561
vn 0.4537 0.7335 0.5061
vn 0.4717 0.7095 0.5236
vn 0.5026 0.8616 0.0717
vn 0.5122 0.8543 0.0890
vn 0.4945 0.8062 -0.3248
vn 0.5421 0.7960 -0.2693
vn 0.9088 -0.0467 0.4145
vn 0.9746 0.0407 0.2202
vn 0.9428 -0.2130 0.2566
vn 0.9098 -0.2321 0.3442
vn 0.9344 -0.3553 -0.0273
vn 0.9216 -0.3882 0.0010
vn 0.9254 -0.3408 -0.1660
vn 0.8821 -0.3318 -0.3345
vn 0.8250 -0.3504 -0.4434
vn -0.0706 0.1143 -0.9909
vn 0.2875 -0.6374 -0.7149
vn 0.2876 -0.6470 -0.7062
vn 0.0575 -0.1846 -0.9811
vn -0.3266 0.6522 -0.6841
vn -0.4100 0.7859 -0.4629
vn -0.3383 0.6632 -0.6676
vn -0.3848 0.7673 -0.5129
vn -0.4445 0.8892 0.1087
vn -0.3183 0.6800 0.6605
vn -0.3573 0.7343 0.5772
vn -0.2816 0.5906 0.7562
vn -0.2634 0.5896 0.7635
vn 0.0930 -0.2177 0.9716
vn 0.3107 -0.6390 0.7037
vn 0.1552 -0.2952 0.9428
vn 0.3612 -0.7905 0.4946
vn 0.4211 -0.9063 -0.0350
vn 0.4188 -0.9067 -0.0504
vn 0.2875 -0.6375 -0.7148
vn 0.2737 -0.9560 -0.1056
vn 0.2471 -0.9638 -0.1004
vn 0.1978 -0.8381 0.5084
vn 0.2197 -0.8427 0.4915
vn -0.1440 -0.3208 0.9361
vn -0.1941 -0.2549 0.9473
vn -0.5129 0.3848 0.7674
vn -0.5161 0.4862 0.7052
vn -0.6261 0.7643 0.1546
vn -0.5994 0.7987 0.0529
vn -0.6038 0.6563 -0.4524
vn -0.6139 0.6354 -0.4685
vn -0.4589 0.1065 -0.8821
vn -0.4934 0.1055 -0.8634
vn -0.0833 -0.6611 -0.7457
vn -0.2591 -0.2384 -0.9360
vn 0.2470 -0.9638 -0.1005
vn 0.2047 -0.9080 -0.3655
vn -0.0832 -0.6611 -0.7457
vn 0.2736 -0.9560 -0.1057
vn -0.7904 0.4418 -0.4243
vn -0.7184 0.3108 -0.6223
vn -0.8029 0.4769 -0.3576
vn -0.8615 0.4869 0.1443
vn -0.7638 0.1925 0.6161
vn -0.8615 0.4868 0.1444
vn -0.7451 0.1508 0.6497
vn -0.6404 -0.0293 0.7675
vn -0.2424 -0.8639 0.4414
vn -0.3268 -0.6797 0.6567
vn -0.2261 -0.8875 0.4014
vn -0.1254 -0.9844 -0.1236
vn -0.1292 -0.9200 -0.3701
vn -0.1253 -0.9844 -0.1236
vn 0.4012 -0.2852 -0.8705
vn -0.1978 -0.8381 0.5084
vn -0.2471 -0.9638 -0.1004
vn -0.2737 -0.9560 -0.1056
vn -0.2197 -0.8427 0.4915
vn 0.1440 -0.3208 0.9361
vn 0.1941 -0.2549 0.9473
vn 0.5129 0.3847 0.7674
vn 0.5161 0.4862 0.7052
vn 0.6261 0.7643 0.1546
vn 0.5994 0.7987 0.0529
vn 0.6038 0.6563 -0.4524
vn 0.6139 0.6354 -0.4685
vn 0.4589 0.1065 -0.8821
vn 0.4934 0.1055 -0.8634
vn 0.0832 -0.6611 -0.7457
vn 0.2590 -0.2384 -0.9360
vn -0.2470 -0.9638 -0.1005
vn -0.2047 -0.9080 -0.3655
vn -0.2736 -0.9560 -0.1057
vn 0.8029 0.4769 -0.3576
vn 0.7184 0.3108 -0.6223
vn 0.7904 0.4418 -0.4243
vn 0.8615 0.4868 0.1443
vn 0.7638 0.1925 0.6161
vn 0.7451 0.1508 0.6497
vn 0.8615 0.4868 0.1444
vn 0.6404 -0.0293 0.7675
vn 0.2261 -0.8875 0.4014
vn 0.3268 -0.6797 0.6567
vn 0.2424 -0.8639 0.4414
vn 0.1254 -0.9844 -0.1235
vn 0.1292 -0.9200 -0.3701
vn 0.1253 -0.9844 -0.1236
vt 0.280900 0.022890
vt 0.280900 0.035120
vt 0.276100 0.035120
vt 0.276100 0.022890
vt 0.271300 0.035120
vt 0.271300 0.022890
vt 0.266490 0.035120
vt 0.266490 0.022890
vt 0.247290 0.022890
vt 0.247290 0.035120
vt 0.242490 0.035120
vt 0.242490 0.022890
vt 1.131650 0.442910
vt 1.104490 0.442810
vt 1.104430 0.455180
vt 1.131640 0.455220
vt 1.131620 0.492830
vt 1.104370 0.492840
vt 1.072960 0.492920
vt 1.073050 0.455040
vt 1.073130 0.442460
vt 1.046750 0.454970
vt 1.046720 0.492960
vt 1.019690 0.492990
vt 1.019550 0.454950
vt 1.046790 0.442260
vt 1.019410 0.442190
vt 0.244030 0.432750
vt 0.246110 0.432690
vt 0.248110 0.433250
vt 1.799620 0.340750
vt 1.799620 0.334150
vt 1.807130 0.334150
vt 1.807130 0.363070
vt 1.799620 0.351410
vt 1.813180 0.368990
vt 1.810240 0.334150
vt 1.817890 0.368990
vt 1.817600 0.334150
vt 1.821180 0.351410
vt 1.821370 0.340900
vt 1.821500 0.334150
vt 1.827960 0.334150
vt 1.827960 0.340630
vt 1.833280 0.334150
vt 1.833280 0.340400
vt 1.838620 0.340750
vt 1.838620 0.334150
vt 0.274960 0.490060
vt 0.277540 0.432440
vt 0.265780 0.432440
vt 0.260110 0.490090
vt 0.248110 0.432440
vt 0.245510 0.490090
vt 0.235450 0.432440
vt 0.232820 0.490270
vt 0.222270 0.432440
vt 0.220190 0.490090
vt 0.209770 0.432440
vt 0.206360 0.489830
vt 0.194410 0.432440
vt 0.192800 0.490360
vt 0.186120 0.432440
vt 0.180540 0.490150
vt 0.169980 0.432440
vt 0.169720 0.490050
vt 1.825550 0.351410
vt 1.827960 0.351410
vt 1.833280 0.351410
vt 1.838620 0.351410
vt 1.824250 0.368990
vt 1.827960 0.368990
vt 1.833280 0.368990
vt 1.876000 0.316620
vt 1.846600 0.259840
vt 1.954640 0.349590
vt 1.870020 0.352870
vt 1.858170 0.379540
vt 1.912270 0.426000
vt 1.867980 0.456740
vt 1.820190 0.390360
vt 1.805140 0.468510
vt 1.768930 0.455350
vt 1.781410 0.384670
vt 1.718610 0.423710
vt 1.743640 0.382800
vt 1.684840 0.337750
vt 1.773000 0.319090
vt 1.772350 0.357330
vt 1.786110 0.360090
vt 1.869050 0.180040
vt 1.949750 0.245260
vt 1.820190 0.246530
vt 1.756980 0.185440
vt 1.695400 0.252740
vt 1.397640 0.488970
vt 1.309250 0.488970
vt 1.323770 0.400370
vt 1.482040 0.400370
vt 1.527650 0.488970
vt 1.592490 0.400370
vt 1.607780 0.488970
vt 1.653740 0.400990
vt 1.653740 0.488640
vt 0.213850 0.432350
vt 0.213850 0.434660
vt 0.218140 0.434660
vt 0.218140 0.432350
vt 0.222530 0.432350
vt 0.222530 0.434660
vt 0.227120 0.432350
vt 0.227120 0.434660
vt 0.231370 0.432350
vt 0.232450 0.434660
vt 0.238210 0.432350
vt 0.238210 0.434660
vt 0.242930 0.432350
vt 0.242930 0.434660
vt 0.248530 0.434660
vt 0.248530 0.432350
vt 0.252940 0.434660
vt 0.252940 0.432350
vt 0.239200 0.431910
vt 0.247180 0.431830
vt 0.230840 0.432590
vt 0.222610 0.431950
vt 0.211440 0.431900
vt 0.209690 0.431760
vt 0.238290 0.432770
vt 0.236520 0.432750
vt 0.241120 0.433320
vt 0.241260 0.432780
vt 0.243800 0.432750
s 1
usemtl material46
f 2160/911/2101 2161/912/2101 2162/913/2102
f 2163/914/2103 2160/911/2101 2162/913/2102
f 2164/915/2104 2163/914/2103 2162/913/2102
f 2165/916/2105 2163/914/2103 2164/915/2104
f 2166/917/2106 2165/916/2105 2164/915/2104
f 2167/918/2106 2165/916/2105 2166/917/2106
f 2168/916/2107 2167/918/2106 2166/917/2106
f 2169/915/2108 2168/916/2107 2166/917/2106
f 2170/914/2109 2168/916/2107 2169/915/2108
f 2171/913/2110 2170/914/2109 2169/915/2108
f 2172/911/2111 2170/914/2109 2171/913/2110
f 2173/912/2111 2172/911/2111 2171/913/2110
s 0
f 2174/919/2112 2175/920/2112 2176/921/2113
f 2177/922/2114 2174/919/2114 2176/921/2114
f 2178/919/2115 2179/922/2115 2180/921/2115
f 2181/920/2116 2178/919/2116 2180/921/2117
s 1
f 2182/923/2118 2183/924/2119 2184/925/2120
f 2185/926/2121 2182/923/2118 2184/925/2120
f 2186/927/2122 2185/926/2121 2184/925/2120
f 2187/928/2123 2186/927/2122 2184/925/2120
f 2188/929/2124 2187/928/2123 2184/925/2120
f 2189/930/2125 2188/929/2124 2184/925/2120
f 2190/931/2126 2189/930/2125 2184/925/2120
f 2183/924/2119 2190/931/2126 2184/925/2120
f 2191/930/2127 2192/931/2128 2193/932/2129
f 2194/929/2130 2191/930/2127 2193/932/2129
f 2195/933/2131 2194/929/2130 2193/932/2129
f 2196/934/2132 2195/933/2131 2193/932/2129
f 2197/935/2133 2196/934/2132 2193/932/2129
f 2198/932/2134 2196/934/2132 2197/935/2133
f 2199/933/2135 2196/934/2132 2198/932/2134
f 2200/929/2136 2199/933/2135 2201/932/2137
f 2202/930/2138 2200/929/2139 2198/932/2134
f 2203/925/2140 2200/929/2139 2202/930/2138
f 2204/928/2141 2200/929/2139 2203/925/2140
f 2205/927/2142 2204/928/2141 2203/925/2140
f 2206/926/2143 2205/927/2142 2203/925/2140
f 2207/923/2144 2206/926/2143 2203/925/2140
f 2208/924/2145 2207/923/2144 2203/925/2140
f 2209/931/2146 2208/924/2145 2203/925/2140
f 2202/930/2138 2209/931/2146 2203/925/2140
f 2198/932/2134 2209/931/2146 2202/930/2138
f 2210/936/2147 2209/931/2146 2198/932/2134
f 2211/937/2148 2210/936/2147 2198/932/2134
f 2197/935/2133 2211/937/2148 2198/932/2134
f 2193/932/2129 2211/937/2148 2197/935/2133
f 2212/936/2149 2211/937/2148 2193/932/2129
f 2192/931/2128 2212/936/2149 2193/932/2129
s 0
f 2213/938/2150 2214/939/2150 2215/940/2150
s 1
f 2216/941/2151 2217/942/2152 2218/943/2153
f 2219/944/2154 2216/941/2151 2218/943/2153
f 2220/945/2155 2216/941/2151 2219/944/2154
f 2221/946/2156 2222/944/2157 2223/943/2158
f 2224/947/2159 2221/946/2156 2223/943/2158
f 2225/948/2160 2221/946/2156 2224/947/2159
f 2226/949/2161 2225/948/2160 2224/947/2159
f 2227/950/2162 2225/948/2160 2226/949/2161
f 2228/951/2163 2227/950/2162 2226/949/2161
f 2229/952/2164 2228/951/2163 2226/949/2161
f 2230/953/2165 2228/951/2163 2229/952/2164
f 2231/954/2166 2228/951/2163 2230/953/2165
f 2232/955/2167 2231/954/2166 2230/953/2165
f 2233/956/2168 2231/954/2166 2232/955/2167
f 2234/957/2169 2233/956/2170 2235/955/2169
f 2236/958/2171 2234/957/2169 2235/955/2169
f 2237/959/2172 2238/960/2173 2239/961/2174
f 2240/962/2175 2237/959/2172 2239/961/2174
f 2241/963/2176 2240/962/2175 2239/961/2174
f 2242/964/2177 2240/962/2175 2241/963/2176
f 2243/965/2178 2242/964/2177 2241/963/2176
f 2244/966/2179 2242/964/2177 2243/965/2178
f 2245/967/2180 2244/966/2179 2243/965/2178
f 2246/968/2181 2247/966/2182 2245/967/2183
f 2248/969/2184 2246/968/2181 2245/967/2183
f 2249/970/2185 2246/968/2181 2248/969/2184
f 2250/971/2186 2249/970/2185 2248/969/2184
f 2251/972/2187 2252/970/2188 2250/971/2189
f 2253/973/2190 2251/972/2187 2250/971/2189
f 2254/974/2191 2251/972/2187 2253/973/2190
f 2255/975/2192 2254/974/2193 2256/973/2192
f 2257/976/2194 2254/974/2195 2258/975/2173
f 2259/942/2196 2260/945/2197 2261/944/2198
f 2262/943/2199 2259/942/2196 2261/944/2198
f 2263/946/2200 2262/943/2199 2261/944/2198
f 2264/947/2201 2262/943/2199 2263/946/2200
f 2265/948/2202 2264/947/2201 2263/946/2200
f 2266/949/2203 2264/947/2201 2265/948/2202
f 2267/950/2204 2266/949/2203 2265/948/2202
f 2268/952/2205 2266/949/2203 2267/950/2204
f 2269/977/2206 2268/952/2205 2267/950/2204
f 2270/953/2207 2268/952/2205 2269/977/2206
f 2271/978/2208 2270/953/2207 2269/977/2206
f 2272/955/2209 2270/953/2207 2271/978/2208
f 2273/979/2210 2272/955/2209 2271/978/2208
f 2274/958/2211 2275/955/2212 2273/979/2210
f 2276/980/2213 2274/958/2211 2273/979/2210
f 2277/978/2214 2278/977/2215 2279/981/2216
f 2280/982/2217 2277/978/2214 2279/981/2216
f 2281/979/2218 2277/978/2214 2280/982/2217
f 2282/983/2219 2281/979/2218 2280/982/2217
f 2283/984/2220 2284/985/2221 2285/986/2222
f 2286/987/2223 2283/984/2220 2285/986/2222
f 2287/988/2224 2286/987/2223 2285/986/2222
f 2288/989/2225 2287/988/2224 2285/986/2222
f 2289/990/2226 2287/988/2224 2288/989/2225
f 2290/991/2227 2287/988/2224 2289/990/2226
f 2291/992/2228 2290/991/2227 2289/990/2226
f 2292/993/2229 2290/991/2227 2291/992/2228
f 2293/994/2230 2290/991/2227 2292/993/2229
f 2294/995/2231 2293/994/2230 2292/993/2229
f 2295/996/2232 2293/994/2230 2294/995/2231
f 2296/997/2233 2295/996/2232 2294/995/2231
f 2297/998/2234 2298/996/2234 2296/997/2233
f 2299/999/2235 2295/996/2232 2300/998/2236
f 2301/1000/2237 2295/996/2232 2299/999/2235
f 2293/994/2230 2295/996/2232 2301/1000/2237
f 2302/1001/2238 2303/1002/2239 2304/986/2240
f 2305/985/2241 2302/1001/2238 2304/986/2240
f 2306/1003/2242 2302/1001/2238 2305/985/2241
f 2307/1004/2243 2302/1001/2238 2306/1003/2242
f 2308/1005/2244 2307/1004/2243 2306/1003/2242
f 2309/998/2245 2308/1005/2244 2306/1003/2242
f 2310/997/2246 2308/1005/2244 2309/998/2245
f 2311/1006/2247 2312/1007/2248 2313/1008/2249
f 2314/1009/2250 2311/1006/2247 2313/1008/2249
f 2315/1010/2251 2311/1006/2247 2314/1009/2250
f 2316/1011/2252 2315/1010/2251 2314/1009/2250
f 2317/1012/2253 2315/1010/2251 2316/1011/2252
f 2318/1013/2254 2317/1012/2253 2316/1011/2252
f 2319/1014/2255 2317/1012/2253 2318/1013/2254
f 2320/986/2256 2321/985/2257 2322/984/2258
f 2323/987/2259 2320/986/2256 2322/984/2258
f 2324/988/2260 2320/986/2256 2323/987/2259
f 2325/989/2261 2320/986/2256 2324/988/2260
f 2326/990/2262 2325/989/2261 2324/988/2260
f 2327/991/2263 2326/990/2262 2324/988/2260
f 2328/992/2264 2326/990/2262 2327/991/2263
f 2329/993/2265 2328/992/2264 2327/991/2263
f 2330/994/2266 2329/993/2265 2327/991/2263
f 2331/995/2267 2329/993/2265 2330/994/2266
f 2332/996/2268 2331/995/2267 2330/994/2266
f 2333/997/2269 2331/995/2267 2332/996/2268
f 2334/998/2270 2333/997/2271 2335/996/2270
f 2336/999/2272 2337/998/2273 2332/996/2268
f 2330/994/2266 2336/999/2272 2332/996/2268
f 2338/1000/2274 2336/999/2272 2330/994/2266
f 2339/981/2275 2340/977/2276 2341/978/2277
f 2342/982/2278 2339/981/2275 2341/978/2277
f 2343/979/2279 2342/982/2278 2341/978/2277
f 2344/983/2280 2342/982/2278 2343/979/2279
f 2345/986/2281 2346/1002/2282 2347/1001/2283
f 2348/985/2284 2345/986/2281 2347/1001/2283
f 2349/1003/2285 2348/985/2284 2347/1001/2283
f 2350/1004/2286 2349/1003/2285 2347/1001/2283
f 2351/1005/2287 2349/1003/2285 2350/1004/2286
f 2352/998/2288 2349/1003/2285 2351/1005/2287
f 2353/997/2289 2352/998/2288 2351/1005/2287
f 2354/974/2290 2355/976/2291 2356/975/2292
f 2357/973/2293 2354/974/2290 2356/975/2292
f 2358/972/2294 2354/974/2290 2357/973/2293
f 2359/971/2295 2358/972/2294 2360/973/2296
f 2361/970/2297 2358/972/2294 2359/971/2295
f 2362/969/2298 2361/970/2297 2359/971/2295
f 2363/968/2299 2364/970/2300 2362/969/2298
f 2365/967/2301 2363/968/2299 2362/969/2298
f 2366/966/2302 2363/968/2299 2365/967/2301
f 2367/965/2303 2366/966/2302 2365/967/2301
f 2368/964/2304 2369/966/2305 2367/965/2303
f 2370/963/2306 2368/964/2304 2367/965/2303
f 2371/962/2307 2368/964/2304 2370/963/2306
f 2372/961/2308 2371/962/2307 2370/963/2306
f 2373/959/2309 2371/962/2307 2372/961/2308
f 2374/960/2292 2373/959/2309 2372/961/2308
f 2375/1015/2310 2376/1016/2311 2377/1017/2312
f 2378/1018/2313 2375/1015/2310 2377/1017/2312
f 2379/1019/2314 2378/1018/2313 2377/1017/2312
f 2380/1020/2315 2379/1019/2314 2377/1017/2312
f 2381/1021/2316 2379/1019/2314 2380/1020/2315
f 2382/1022/2317 2381/1021/2316 2380/1020/2315
f 2383/1023/2318 2381/1021/2316 2382/1022/2317
f 2384/1024/2319 2383/1023/2318 2382/1022/2317
f 2385/1025/2320 2383/1023/2318 2384/1024/2319
f 2386/1026/2321 2385/1025/2320 2384/1024/2319
f 2387/1027/2322 2385/1025/2320 2386/1026/2321
f 2388/1028/2323 2387/1027/2322 2386/1026/2321
f 2389/1029/2324 2387/1027/2322 2388/1028/2323
f 2390/1030/2325 2387/1027/2322 2389/1029/2324
f 2391/1031/2326 2392/1030/2327 2389/1029/2328
f 2393/1032/2329 2392/1030/2327 2391/1031/2326
f 2394/1033/2330 2395/1034/2331 2396/1035/2332
f 2397/1036/2333 2394/1033/2330 2396/1035/2332
f 2398/1037/2334 2397/1036/2335 2399/1035/2336
f 2400/1038/2337 2398/1037/2334 2399/1035/2336
f 2401/1039/2338 2402/1040/2339 2403/1041/2340
f 2404/1042/2341 2401/1039/2338 2403/1041/2340
f 2405/1043/2342 2404/1042/2343 2406/1041/2342
s 0
f 2407/940/2344 2408/939/2344 2409/938/2344
s 1
f 2410/1017/2345 2411/1016/2346 2412/1015/2347
f 2413/1018/2348 2410/1017/2345 2412/1015/2347
f 2414/1019/2349 2410/1017/2345 2413/1018/2348
f 2415/1020/2350 2410/1017/2345 2414/1019/2349
f 2416/1021/2351 2415/1020/2350 2414/1019/2349
f 2417/1022/2352 2415/1020/2350 2416/1021/2351
f 2418/1023/2353 2417/1022/2352 2416/1021/2351
f 2419/1024/2354 2417/1022/2352 2418/1023/2353
f 2420/1025/2355 2419/1024/2354 2418/1023/2353
f 2421/1026/2356 2419/1024/2354 2420/1025/2355
f 2422/1027/2357 2421/1026/2356 2420/1025/2355
f 2423/1028/2358 2421/1026/2356 2422/1027/2357
f 2424/1029/2359 2423/1028/2358 2422/1027/2357
f 2425/1030/2360 2424/1029/2359 2422/1027/2357
f 2426/1031/2361 2424/1029/2359 2427/1030/2362
f 2428/1032/2363 2426/1031/2361 2427/1030/2362
f 2429/1035/2364 2430/1034/2365 2431/1033/2366
f 2432/1036/2367 2429/1035/2364 2431/1033/2366
f 2433/1037/2368 2434/1035/2369 2432/1036/2370
f 2435/1038/2371 2434/1035/2369 2433/1037/2368
f 2436/1041/2372 2437/1040/2373 2438/1039/2374
f 2439/1042/2375 2436/1041/2372 2438/1039/2374
f 2440/1043/2376 2441/1041/2376 2439/1042/2377
o Object_6
v -28.169624 60.142666 -3.392080
v -27.304874 58.539074 -0.468954
v -26.042419 60.154354 -0.497287
v -26.524296 61.146313 -3.231611
v -29.525600 63.077572 -4.767672
v -27.771065 63.551998 -4.542921
v -30.284821 65.588264 -3.454315
v -28.745495 65.743279 -3.106885
v -30.563744 66.720970 -0.444740
v -28.959156 66.633690 -0.486412
v -30.208435 65.515892 2.534716
v -28.597530 65.612038 2.136906
v -27.664825 63.668713 3.491108
v -29.440796 63.158092 3.800703
v -26.516426 61.155499 2.220667
v -28.139721 60.173779 2.408148
v -26.042419 60.154354 -0.497287
v -27.304874 58.539074 -0.468954
v -9.660692 72.000359 -0.676018
v -9.859653 71.442284 -0.701141
v -10.375119 72.033546 -1.912066
v -9.947221 72.474205 -1.708266
v -10.442185 73.429619 -2.218992
v -10.982592 73.180183 -2.423338
v -11.127352 74.694939 -1.224089
v -11.526463 74.297508 -1.858146
v -11.737364 74.663063 -1.162369
v -11.711211 74.615166 0.045003
v -11.036728 74.526833 0.079710
v -11.455815 74.075142 0.884076
v -10.870352 72.991966 1.164717
v -10.419045 73.390648 0.880035
v -9.834630 72.291679 0.416088
v -10.198791 71.926491 0.650389
v -9.859653 71.442284 -0.701141
v -9.660692 72.000359 -0.676018
v -25.814873 59.417889 -0.497287
v -27.304874 58.539074 -0.468954
v -28.169624 60.142666 -3.392080
v -26.524296 60.655651 -3.730839
v -29.525600 63.077572 -4.767672
v -27.771065 63.551998 -5.204043
v -30.284821 65.588264 -3.454315
v -28.745495 66.394798 -3.106885
v -27.771065 63.551998 -5.204043
v -30.563744 66.720970 -0.444740
v -28.959156 67.285194 -0.486412
v -30.208435 65.515892 2.534716
v -28.597530 66.263542 2.136906
v -27.664825 63.668713 4.120426
v -29.440796 63.158092 3.800703
v -26.387924 60.733624 2.723182
v -27.664825 63.668713 4.120426
v -28.139721 60.173779 2.408148
v -25.814873 59.417889 -0.497287
v -27.304874 58.539074 -0.468954
v -15.481349 70.588539 -2.890809
v -10.982592 73.180183 -2.423338
v -10.375119 72.033546 -1.912066
v -14.891422 69.213371 -2.263205
v -16.346962 70.115562 -3.195717
v -15.763930 68.705727 -2.552259
v -17.212574 69.642036 -3.100721
v -16.636456 68.197563 -2.441385
v -22.976925 66.317207 -4.249024
v -21.580379 64.426613 -3.086113
v -26.524296 60.655651 -3.730839
v -25.814873 59.417889 -0.497287
v -20.687706 63.871613 -0.596845
v -15.560531 68.325340 -0.696427
v -9.859653 71.442284 -0.701141
v -15.808372 68.832558 0.876075
v -10.198791 71.926491 0.650389
v -10.870352 72.991966 1.164717
v -14.566436 71.081917 1.400837
v -17.004185 71.418419 0.911219
v -11.455815 74.075142 0.884076
v -17.220222 71.992561 -0.689383
v -11.711211 74.615166 0.045003
v -11.737364 74.663063 -1.162369
v -16.937378 71.387215 -2.466197
v -11.526463 74.297508 -1.858146
v -10.982592 73.180183 -2.423338
v -15.481349 70.588539 -2.890809
v -16.346962 70.115562 -3.195717
v -17.212574 69.642036 -3.100721
v -19.844631 70.128914 -2.484198
v -22.976925 66.317207 -4.249024
v -23.839058 68.453163 -2.763644
v -19.648315 70.706520 -0.571439
v -24.053177 69.087929 -0.531217
v -19.541767 70.109673 1.479101
v -23.718513 68.316216 1.785822
v -18.182472 69.378899 1.787739
v -22.691792 65.834633 2.759620
v -24.361671 65.518532 -4.524872
v -22.976925 66.317207 -4.249024
v -26.524296 60.655651 -3.730839
v -25.038574 65.128075 -4.659728
v -26.450668 64.327110 -4.938916
v -27.771065 63.551998 -5.204043
v 17.803883 69.415184 -0.643904
v 26.450180 64.327095 -3.693026
v 27.427849 65.489494 -3.014732
v 27.674812 66.316536 -0.496642
v 27.261677 65.404060 2.050224
v 17.803883 69.415184 -0.643904
v 24.120522 65.212166 2.764697
v 26.515934 61.155499 2.220667
v 17.803883 69.415184 -0.643904
v 24.120522 65.212166 2.764697
v 26.041924 60.154354 -0.497287
v 26.523811 61.146313 -3.231611
v 26.450180 64.327095 -3.693026
v 27.770569 63.551998 -4.542921
v 28.139229 60.173779 2.408148
v 27.304390 58.539074 -0.468954
v 26.041924 60.154354 -0.497287
v 26.515934 61.155499 2.220667
v 29.440308 63.158092 3.800703
v 27.664341 63.668713 3.491108
v 30.207947 65.515892 2.534716
v 28.597034 65.612038 2.136906
v 28.958679 66.633690 -0.486412
v 30.563255 66.720970 -0.444740
v 28.745014 65.743279 -3.106885
v 30.284321 65.588264 -3.454315
v 27.770569 63.551998 -4.542921
v 29.525112 63.077572 -4.767672
v 26.523811 61.146313 -3.231611
v 28.169125 60.142666 -3.392080
v 26.041924 60.154354 -0.497287
v 27.304390 58.539074 -0.468954
v -24.361671 65.518532 -4.524872
v -25.038574 65.128075 -4.659728
v -25.944431 67.569908 -2.910933
v -25.322735 67.830727 -2.867423
v -26.215862 68.309593 -0.510679
v -25.553692 68.552895 -0.516737
v -25.759190 67.500298 1.941035
v -25.118626 67.772346 1.894521
v -24.768768 64.930031 3.327972
v -24.121017 65.212166 3.150720
v -26.387924 60.733624 2.723182
v -22.691792 65.834633 2.759620
v -21.098141 64.783089 1.799627
v -15.808372 68.832558 0.876075
v -15.560531 68.325340 -0.696427
v -20.687706 63.871613 -0.596845
v -25.814873 59.417889 -0.497287
v -26.387924 60.733624 2.723182
v -24.768768 64.930031 3.327972
v -26.233932 64.291924 3.728886
v -27.664825 63.668713 4.120426
v -27.262157 66.861961 2.050224
v -28.597530 66.263542 2.136906
v -27.664825 63.668713 4.120426
v -28.959156 67.285194 -0.486412
v -27.675316 67.774422 -0.496642
v -28.745495 66.394798 -3.106885
v -27.428341 66.947365 -3.014733
v -27.771065 63.551998 -5.204043
v -26.450668 64.327110 -4.938916
v 27.427849 66.947365 -3.014733
v 26.450180 64.327110 -4.938916
v 25.038086 65.128075 -4.659728
v 25.943924 67.569908 -2.910933
v 27.674812 67.774422 -0.496642
v 26.215366 68.309593 -0.510679
v 27.261677 66.861961 2.050224
v 25.758698 67.500298 1.941035
v 26.233433 64.291924 3.728886
v 24.768276 64.930031 3.327972
v 25.322247 67.830727 -2.867423
v 24.361172 65.518532 -4.524872
v 22.976425 66.317207 -4.249024
v 23.838573 68.453163 -2.763644
v 25.553196 68.552895 -0.516737
v 24.052673 69.087929 -0.531217
v 25.118130 67.772346 1.894521
v 23.718021 68.316216 1.785822
v 24.120522 65.212166 3.150720
v 22.691292 65.834633 2.759620
v 10.374605 72.033562 -1.912066
v 10.982080 73.180183 -2.423338
v 15.480842 70.588539 -2.890809
v 14.890907 69.213371 -2.263205
v 16.346455 70.115562 -3.195717
v 15.763419 68.705727 -2.552259
v 17.212067 69.642036 -3.100721
v 16.635948 68.197563 -2.441385
v 22.976425 66.317207 -4.249024
v 21.579880 64.426613 -3.086113
v 26.523811 60.655651 -3.730839
v 24.361172 65.518532 -4.524872
v 25.038086 65.128075 -4.659728
v 26.450180 64.327110 -4.938916
v 27.770569 63.551998 -5.204043
v 25.814377 59.417889 -0.497287
v 27.304390 58.539074 -0.468954
v 28.139229 60.173779 2.408148
v 26.387432 60.733624 2.723182
v 29.440308 63.158092 3.800703
v 27.664341 63.668713 4.120426
v 30.207947 65.515892 2.534716
v 28.597034 66.263542 2.136906
v 27.664341 63.668713 4.120426
v 28.958679 67.285194 -0.486412
v 30.563255 66.720970 -0.444740
v 28.745014 66.394798 -3.106885
v 30.284321 65.588264 -3.454315
v 27.770569 63.551998 -5.204043
v 29.525112 63.077572 -4.767672
v 26.523811 60.655651 -3.730839
v 27.770569 63.551998 -5.204043
v 28.169125 60.142666 -3.392080
v 25.814377 59.417889 -0.497287
v 27.304390 58.539074 -0.468954
v 9.834116 72.291695 0.416088
v 9.660176 72.000359 -0.676018
v 9.859140 71.442284 -0.701141
v 10.198278 71.926491 0.650389
v 10.869840 72.991982 1.164717
v 10.418530 73.390648 0.880035
v 11.036214 74.526863 0.079710
v 11.455301 74.075157 0.884076
v 11.710696 74.615166 0.045003
v 11.126840 74.694954 -1.224089
v 11.736850 74.663063 -1.162369
v 11.525950 74.297508 -1.858146
v 10.982080 73.180183 -2.423338
v 10.441670 73.429619 -2.218992
v 10.374605 72.033562 -1.912066
v 9.946707 72.474205 -1.708266
v 9.660176 72.000359 -0.676018
v 9.859140 71.442284 -0.701141
v -27.771065 63.551998 -4.542921
v -26.450668 64.327095 -3.693026
v -27.428341 65.489494 -3.014732
v -28.745495 65.743279 -3.106885
v -27.675316 66.316536 -0.496642
v -28.959156 66.633690 -0.486412
v -27.262157 65.404060 2.050224
v -28.597530 65.612038 2.136906
v -27.664825 63.668713 3.491108
v -26.233921 64.291908 2.936588
v -26.516426 61.155499 2.220667
v -17.804386 69.415184 -0.643904
v -26.233921 64.291908 2.936588
v -27.262157 65.404060 2.050224
v -17.804386 69.415184 -0.643904
v -27.675316 66.316536 -0.496642
v -27.428341 65.489494 -3.014732
v -17.804386 69.415184 -0.643904
v -26.450668 64.327095 -3.693026
v -26.042419 60.154354 -0.497287
v -26.516426 61.155499 2.220667
v -17.804386 69.415184 -0.643904
v -26.524296 61.146313 -3.231611
v -26.450668 64.327095 -3.693026
v -17.804386 69.415184 -0.643904
v -27.771065 63.551998 -4.542921
v 24.120522 65.212166 2.764697
v 27.261677 65.404060 2.050224
v 26.233433 64.291908 2.936588
v 26.515934 61.155499 2.220667
v 27.664341 63.668713 3.491108
v 27.261677 65.404060 2.050224
v 28.597034 65.612038 2.136906
v 28.958679 66.633690 -0.486412
v 27.674812 66.316536 -0.496642
v 28.745014 65.743279 -3.106885
v 27.427849 65.489494 -3.014732
v 27.770569 63.551998 -4.542921
v 26.450180 64.327095 -3.693026
v 25.943924 67.569908 -2.910933
v 25.038086 65.128075 -4.659728
v 24.361172 65.518532 -4.524872
v 25.322247 67.830727 -2.867423
v 26.215366 68.309593 -0.510679
v 25.553196 68.552895 -0.516737
v 25.758698 67.500298 1.941035
v 25.118130 67.772346 1.894521
v 24.768276 64.930031 3.327972
v 24.120522 65.212166 3.150720
v 26.387432 60.733624 2.723182
v 22.691292 65.834633 2.759620
v 21.097645 64.783104 1.799627
v 18.181965 69.378899 1.787739
v 23.718021 68.316216 1.785822
v 19.541260 70.109673 1.479101
v 24.052673 69.087929 -0.531217
v 19.647808 70.706520 -0.571439
v 23.838573 68.453163 -2.763644
v 19.844143 70.128929 -2.484198
v 22.976425 66.317207 -4.249024
v 17.212067 69.642036 -3.100721
v 16.936874 71.387215 -2.466197
v 16.346455 70.115562 -3.195717
v 15.480842 70.588539 -2.890809
v 10.982080 73.180183 -2.423338
v 11.525950 74.297508 -1.858146
v 11.736850 74.663063 -1.162369
v 17.219711 71.992577 -0.689383
v 11.710696 74.615166 0.045003
v 11.455301 74.075157 0.884076
v 17.003677 71.418419 0.911219
v 10.869840 72.991982 1.164717
v 14.565922 71.081917 1.400837
v 25.814377 59.417889 -0.497287
v 26.387432 60.733624 2.723182
v 21.097645 64.783104 1.799627
v 20.687199 63.871613 -0.596845
v 26.523811 60.655651 -3.730839
v 21.579880 64.426613 -3.086113
v 16.635948 68.197563 -2.441385
v 15.560013 68.325340 -0.696427
v 15.763419 68.705727 -2.552259
v 14.890907 69.213371 -2.263205
v 10.374605 72.033562 -1.912066
v 9.859140 71.442284 -0.701141
v 15.807865 68.832558 0.876075
v 10.198278 71.926491 0.650389
v 10.869840 72.991982 1.164717
v 14.565922 71.081917 1.400837
v 18.181965 69.378899 1.787739
v 26.233433 64.291924 3.728886
v 24.768276 64.930031 3.327972
v 26.387432 60.733624 2.723182
v 27.664341 63.668713 4.120426
v 27.261677 66.861961 2.050224
v 28.597034 66.263542 2.136906
v 27.664341 63.668713 4.120426
v 28.958679 67.285194 -0.486412
v 27.674812 67.774422 -0.496642
v 28.745014 66.394798 -3.106885
v 27.427849 66.947365 -3.014733
v 27.770569 63.551998 -5.204043
v 26.450180 64.327110 -4.938916
v -24.121017 65.212166 3.150720
v -22.691792 65.834633 2.759620
v -23.718513 68.316216 1.785822
v -25.118626 67.772346 1.894521
v -24.053177 69.087929 -0.531217
v -25.553692 68.552895 -0.516737
v -23.839058 68.453163 -2.763644
v -25.322735 67.830727 -2.867423
v -22.976925 66.317207 -4.249024
v -24.361671 65.518532 -4.524872
v -26.233932 64.291924 3.728886
v -24.768768 64.930031 3.327972
v -25.759190 67.500298 1.941035
v -27.262157 66.861961 2.050224
v -26.215862 68.309593 -0.510679
v -27.675316 67.774422 -0.496642
v -25.944431 67.569908 -2.910933
v -27.428341 66.947365 -3.014733
v -25.038574 65.128075 -4.659728
v -26.450668 64.327110 -4.938916
vn -0.4578 0.5341 0.7108
vn -0.6794 0.5397 0.4971
vn -0.6320 0.6222 0.4619
vn -0.4138 0.5945 0.6895
vn -0.1175 -0.0882 0.9891
vn -0.1490 -0.0227 0.9886
vn -0.0323 -0.7708 0.6363
vn -0.0651 -0.7973 0.6001
vn -0.0450 -0.9987 -0.0232
vn -0.0507 -0.9984 -0.0255
vn -0.0736 -0.7793 -0.6223
vn -0.0985 -0.7997 -0.5923
vn -0.1863 -0.0666 -0.9802
vn -0.1493 -0.1047 -0.9832
vn -0.4243 0.5842 -0.6919
vn -0.4667 0.5292 -0.7086
vn -0.6382 0.6137 -0.4648
vn -0.6869 0.5281 -0.4993
vn 0.9233 -0.3599 -0.1343
vn 0.9247 -0.3617 -0.1185
vn 0.6623 -0.3105 -0.6819
vn 0.6707 -0.3485 -0.6547
vn 0.2637 0.2475 -0.9323
vn 0.3033 0.2561 -0.9178
vn 0.0676 0.9362 -0.3449
vn 0.3469 0.6808 -0.6451
vn -0.0706 0.9788 -0.1925
vn 0.0819 0.9555 0.2835
vn 0.2054 0.8757 0.4370
vn 0.5066 0.6118 0.6075
vn 0.4533 0.2520 0.8550
vn 0.2723 0.3356 0.9018
vn 0.7375 -0.2945 0.6077
vn 0.6981 -0.2708 0.6629
vn 0.9247 -0.3617 -0.1184
vn 0.9233 -0.3599 -0.1342
vn 0.3611 -0.7921 -0.4921
vn 0.4237 -0.7354 -0.5288
vn 0.1188 -0.6971 -0.7071
vn 0.0720 -0.7189 -0.6914
vn -0.2247 -0.0318 -0.9739
vn -0.1876 -0.1921 -0.9633
vn -0.2665 0.6893 -0.6737
vn -0.2646 0.7762 -0.5723
vn -0.1115 0.5649 -0.8176
vn -0.3405 0.9398 0.0305
vn -0.3329 0.9425 0.0298
vn -0.2173 0.7058 0.6742
vn -0.2169 0.7798 0.5873
vn -0.1995 0.4655 0.8623
vn -0.1732 -0.0063 0.9849
vn 0.0952 -0.7025 0.7053
vn -0.0344 -0.4417 0.8965
vn -0.1732 -0.0064 0.9849
vn 0.1377 -0.6855 0.7149
vn 0.3699 -0.7832 0.4997
vn 0.4362 -0.7222 0.5369
vn 0.1607 0.0700 -0.9845
vn 0.0719 0.0737 -0.9947
vn 0.3652 -0.5594 -0.7441
vn 0.4970 -0.6162 -0.6110
vn 0.0710 0.0753 -0.9946
vn 0.4160 -0.6162 -0.6688
vn 0.0140 0.0385 -0.9992
vn 0.4443 -0.6070 -0.6589
vn 0.1946 -0.0187 -0.9807
vn 0.5019 -0.5367 -0.6783
vn 0.5594 -0.6441 -0.5217
vn 0.5927 -0.7036 -0.3919
vn 0.6006 -0.7096 -0.3684
vn 0.5407 -0.8367 -0.0872
vn 0.4858 -0.8713 -0.0695
vn 0.3578 -0.5235 0.7733
vn 0.3652 -0.6109 0.7024
vn 0.0661 -0.0561 0.9962
vn 0.0631 0.0191 0.9978
vn -0.2647 0.6949 0.6686
vn -0.2704 0.5009 0.8222
vn -0.4360 0.8999 0.0077
vn -0.4406 0.8289 0.3446
vn -0.4186 0.8743 -0.2460
vn -0.2779 0.6577 -0.7001
vn -0.2544 0.6269 -0.7364
vn 0.0719 0.0738 -0.9947
vn 0.1607 0.0701 -0.9845
vn 0.0140 0.0386 -0.9992
vn -0.2842 0.7417 -0.6076
vn 0.1945 -0.0188 -0.9807
vn -0.2628 0.7496 -0.6074
vn -0.4158 0.9091 0.0267
vn -0.3553 0.9346 0.0182
vn -0.2213 0.6653 0.7130
vn -0.2241 0.6581 0.7188
vn 0.1294 0.1133 0.9851
vn 0.0012 0.2630 0.9648
vn 0.3501 -0.3006 -0.8872
vn 0.3501 -0.2995 -0.8876
vn 0.3490 -0.3003 -0.8877
vn 0.3485 -0.2993 -0.8883
vn 0.3534 -0.2988 -0.8865
vn 0.0443 -0.5374 0.8421
vn 0.3422 -0.0834 0.9359
vn -0.1481 -0.7514 0.6430
vn -0.2992 -0.9540 -0.0183
vn -0.2242 -0.8495 -0.4777
vn -0.1998 -0.8256 -0.5277
vn -0.1114 -0.7215 -0.6834
vn 0.6939 0.5875 -0.4163
vn 0.7467 0.6235 -0.2317
vn 0.6388 0.4599 -0.6167
vn 0.7472 0.6646 -0.0027
vn 0.6362 0.4168 0.6492
vn 0.0442 -0.5375 0.8421
vn 0.6362 0.4168 0.6493
vn 0.5893 0.1293 0.7975
vn 0.4667 0.5292 -0.7086
vn 0.6869 0.5281 -0.4993
vn 0.6382 0.6137 -0.4648
vn 0.4243 0.5842 -0.6919
vn 0.1493 -0.1047 -0.9832
vn 0.1863 -0.0666 -0.9802
vn 0.0736 -0.7793 -0.6223
vn 0.0985 -0.7997 -0.5923
vn 0.0507 -0.9984 -0.0255
vn 0.0450 -0.9987 -0.0232
vn 0.0651 -0.7973 0.6001
vn 0.0323 -0.7708 0.6363
vn 0.1490 -0.0227 0.9886
vn 0.1175 -0.0882 0.9891
vn 0.4138 0.5945 0.6895
vn 0.4578 0.5341 0.7108
vn 0.6320 0.6222 0.4619
vn 0.6794 0.5397 0.4971
vn -0.1483 0.5383 -0.8296
vn -0.1461 0.5396 -0.8291
vn -0.2652 0.7398 -0.6183
vn -0.2736 0.7561 -0.5945
vn -0.3464 0.9379 0.0180
vn -0.3467 0.9376 0.0281
vn -0.2449 0.6977 0.6732
vn -0.2410 0.7123 0.6592
vn 0.2492 0.0104 0.9684
vn 0.2699 -0.0148 0.9628
vn 0.5622 -0.6060 0.5628
vn 0.3611 -0.2681 0.8931
vn 0.5214 -0.5187 0.6776
vn 0.5965 -0.6830 0.4215
vn 0.6106 -0.7161 0.3383
vn 0.6132 -0.6977 0.3704
vn 0.6043 -0.6967 0.3865
vn 0.3611 -0.2681 0.8932
vn 0.2550 0.0218 0.9667
vn 0.2369 0.0652 0.9694
vn -0.2606 0.7420 0.6177
vn -0.2819 0.7207 0.6333
vn -0.1941 0.5508 0.8118
vn -0.2606 0.7420 0.6176
vn -0.3610 0.9323 0.0207
vn -0.3570 0.9338 0.0247
vn -0.2654 0.7390 -0.6192
vn -0.2756 0.7601 -0.5885
vn -0.1599 0.5463 -0.8222
vn -0.1555 0.5464 -0.8230
vn 0.2624 0.7384 -0.6212
vn 0.1486 0.5487 -0.8227
vn 0.1532 0.5444 -0.8247
vn 0.2718 0.7569 -0.5944
vn 0.3475 0.9374 0.0226
vn 0.3484 0.9368 0.0303
vn 0.2528 0.7178 0.6487
vn 0.2377 0.7317 0.6389
vn 0.0284 0.4898 0.8714
vn -0.0289 0.4833 0.8750
vn 0.2632 0.7406 -0.6182
vn 0.1437 0.5364 -0.8316
vn 0.1485 0.5313 -0.8341
vn 0.2697 0.7580 -0.5939
vn 0.3413 0.9397 0.0201
vn 0.3362 0.9413 0.0300
vn 0.2174 0.6985 0.6818
vn 0.1959 0.7087 0.6778
vn -0.0263 0.3995 0.9163
vn -0.0798 0.3926 0.9163
vn -0.2571 -0.2826 -0.9241
vn -0.2560 -0.2773 -0.9261
vn -0.3448 -0.2607 -0.9017
vn -0.3477 -0.2637 -0.8998
vn -0.2761 -0.3003 -0.9130
vn -0.2587 -0.3110 -0.9145
vn -0.2155 -0.3326 -0.9181
vn -0.2376 -0.3260 -0.9150
vn -0.3431 -0.2952 -0.8917
vn -0.3420 -0.2959 -0.8919
vn -0.3478 -0.2985 -0.8888
vn -0.3501 -0.3006 -0.8872
vn -0.3490 -0.3003 -0.8877
vn -0.3485 -0.2993 -0.8883
vn -0.3534 -0.2988 -0.8865
vn -0.3699 -0.7832 0.4997
vn -0.4361 -0.7222 0.5369
vn -0.1377 -0.6855 0.7149
vn -0.0952 -0.7025 0.7053
vn 0.1732 -0.0063 0.9849
vn 0.1303 -0.1594 0.9786
vn 0.2173 0.7058 0.6743
vn 0.2169 0.7798 0.5873
vn 0.0744 0.5886 0.8050
vn 0.2173 0.7058 0.6742
vn 0.3330 0.9425 0.0298
vn 0.3405 0.9398 0.0305
vn 0.2646 0.7762 -0.5723
vn 0.2665 0.6893 -0.6737
vn 0.2473 0.4376 -0.8645
vn 0.2247 -0.0318 -0.9739
vn -0.0720 -0.7189 -0.6914
vn 0.0869 -0.4811 -0.8723
vn 0.2247 -0.0319 -0.9739
vn -0.1188 -0.6971 -0.7071
vn -0.3611 -0.7921 -0.4921
vn -0.4237 -0.7354 -0.5288
vn -0.7375 -0.2945 0.6077
vn -0.9233 -0.3599 -0.1342
vn -0.9248 -0.3617 -0.1184
vn -0.6981 -0.2708 0.6628
vn -0.4533 0.2520 0.8550
vn -0.2723 0.3356 0.9018
vn -0.2054 0.8757 0.4370
vn -0.5066 0.6118 0.6075
vn -0.0818 0.9555 0.2835
vn -0.0676 0.9362 -0.3449
vn 0.0706 0.9787 -0.1925
vn -0.3469 0.6808 -0.6451
vn -0.3033 0.2561 -0.9178
vn -0.2637 0.2475 -0.9323
vn -0.6623 -0.3105 -0.6819
vn -0.6707 -0.3485 -0.6547
vn -0.9233 -0.3599 -0.1343
vn -0.9248 -0.3616 -0.1184
vn -0.1631 -0.5930 0.7885
vn -0.0834 -0.5537 0.8286
vn -0.0507 -0.7678 0.6387
vn -0.2016 -0.8343 0.5131
vn 0.0121 -0.9999 -0.0113
vn -0.2300 -0.9732 -0.0009
vn -0.0141 -0.7797 -0.6259
vn -0.1640 -0.8314 -0.5309
vn -0.2887 -0.2225 -0.9312
vn -0.1343 -0.4200 -0.8975
vn -0.4754 0.2363 -0.8475
vn -0.4977 0.2354 -0.8348
vn -0.0140 -0.7797 -0.6259
vn 0.1866 -0.8117 -0.5534
vn -0.1342 -0.4200 -0.8975
vn 0.0122 -0.9999 -0.0113
vn -0.0506 -0.7678 0.6387
vn 0.1876 -0.8023 0.5667
vn 0.0122 -0.9999 -0.0112
vn -0.0834 -0.5536 0.8286
vn -0.7472 0.6646 -0.0027
vn -0.7025 0.6193 -0.3506
vn -0.7472 0.6646 0.0007
vn -0.6362 0.4168 0.6492
vn -0.4728 0.1372 0.8704
vn -0.6362 0.4168 0.6493
vn -0.4018 0.1406 0.9049
vn -0.5893 0.1293 0.7975
vn 0.0267 -0.1241 -0.9919
vn 0.0877 -0.7345 -0.6729
vn 0.1097 -0.1940 -0.9749
vn 0.3232 0.2382 -0.9159
vn 0.2887 -0.2225 -0.9312
vn 0.0878 -0.7345 -0.6729
vn 0.1640 -0.8314 -0.5309
vn 0.2300 -0.9732 -0.0009
vn 0.2360 -0.9717 -0.0044
vn 0.2016 -0.8343 0.5131
vn 0.1878 -0.7611 0.6208
vn 0.1631 -0.5930 0.7885
vn 0.1590 -0.5939 0.7887
vn 0.2652 0.7398 -0.6183
vn 0.1461 0.5396 -0.8291
vn 0.1483 0.5383 -0.8296
vn 0.2736 0.7561 -0.5945
vn 0.3464 0.9379 0.0180
vn 0.3467 0.9376 0.0281
vn 0.2449 0.6977 0.6732
vn 0.2410 0.7123 0.6592
vn -0.2492 0.0104 0.9684
vn -0.2699 -0.0148 0.9628
vn -0.3612 -0.2681 0.8931
vn -0.2657 -0.1018 0.9587
vn -0.3720 -0.2518 0.8934
vn 0.0002 0.3232 0.9463
vn 0.2241 0.6581 0.7188
vn 0.2213 0.6653 0.7130
vn 0.3553 0.9346 0.0182
vn 0.4158 0.9091 0.0267
vn 0.2628 0.7496 -0.6074
vn 0.2842 0.7417 -0.6076
vn 0.1457 0.5117 -0.8467
vn 0.1863 0.3958 -0.8992
vn 0.2779 0.6577 -0.7001
vn 0.1491 0.4390 -0.8860
vn 0.0508 0.3950 -0.9173
vn 0.1117 0.3928 -0.9128
vn 0.2544 0.6269 -0.7364
vn 0.4186 0.8743 -0.2460
vn 0.4360 0.8999 0.0077
vn 0.4406 0.8289 0.3446
vn 0.2704 0.5009 0.8222
vn 0.2647 0.6949 0.6686
vn 0.0989 0.2296 0.9682
vn 0.1298 0.3875 0.9127
vn -0.6531 -0.7572 -0.0086
vn -0.6015 -0.6964 0.3915
vn -0.5943 -0.6680 0.4478
vn -0.6494 -0.7605 -0.0022
vn -0.5964 -0.7008 -0.3915
vn -0.5931 -0.7141 -0.3719
vn -0.5642 -0.7694 -0.2993
vn -0.5736 -0.8188 0.0234
vn -0.5051 -0.8329 -0.2261
vn -0.5342 -0.8127 -0.2325
vn -0.4267 -0.7583 -0.4929
vn -0.4858 -0.8713 -0.0695
vn -0.4389 -0.5821 0.6845
vn -0.3652 -0.6109 0.7024
vn -0.2141 -0.3183 0.9235
vn -0.2409 -0.3447 0.9073
vn -0.2996 -0.2391 0.9236
vn -0.2550 0.0218 0.9667
vn -0.3611 -0.2681 0.8931
vn -0.2369 0.0652 0.9694
vn 0.2606 0.7420 0.6177
vn 0.2819 0.7207 0.6333
vn 0.2606 0.7420 0.6176
vn 0.1941 0.5508 0.8118
vn 0.3610 0.9323 0.0207
vn 0.3570 0.9338 0.0247
vn 0.2654 0.7390 -0.6192
vn 0.2756 0.7601 -0.5885
vn 0.1599 0.5463 -0.8222
vn 0.1555 0.5464 -0.8230
vn 0.0263 0.3995 0.9163
vn 0.0798 0.3926 0.9163
vn -0.1959 0.7087 0.6778
vn -0.2174 0.6985 0.6818
vn -0.3362 0.9413 0.0300
vn -0.3413 0.9397 0.0201
vn -0.2697 0.7580 -0.5939
vn -0.2632 0.7406 -0.6182
vn -0.1485 0.5313 -0.8341
vn -0.1437 0.5364 -0.8316
vn -0.0284 0.4898 0.8714
vn 0.0289 0.4833 0.8750
vn -0.2377 0.7317 0.6389
vn -0.2528 0.7178 0.6487
vn -0.3484 0.9368 0.0303
vn -0.3475 0.9374 0.0226
vn -0.2718 0.7569 -0.5944
vn -0.2624 0.7384 -0.6212
vn -0.1532 0.5444 -0.8247
vn -0.1486 0.5487 -0.8227
vt 0.373550 0.662530
vt 0.382920 0.662530
vt 0.382970 0.637960
vt 0.373540 0.637960
vt 0.368050 0.662530
vt 0.368080 0.637960
vt 0.364940 0.662530
vt 0.364940 0.637960
vt 0.357430 0.662530
vt 0.357400 0.637960
vt 0.350010 0.662530
vt 0.350010 0.637960
vt 0.340170 0.637960
vt 0.340190 0.662530
vt 0.322660 0.637960
vt 0.322690 0.662530
vt 0.314500 0.637960
vt 0.314480 0.662530
vt 0.384660 0.638020
vt 0.385570 0.662660
vt 0.376970 0.662660
vt 0.376090 0.638020
vt 0.370170 0.638020
vt 0.371950 0.662660
vt 0.360490 0.638020
vt 0.363710 0.662660
vt 0.359740 0.662660
vt 0.353610 0.662660
vt 0.349530 0.638020
vt 0.347600 0.662660
vt 0.338920 0.662660
vt 0.340200 0.638020
vt 0.334710 0.638020
vt 0.333430 0.662660
vt 0.328260 0.662660
vt 0.328140 0.638020
vt 0.432880 0.998280
vt 0.305580 0.998250
vt 0.305530 0.963450
vt 0.439680 0.957980
vt 0.460210 0.998280
vt 0.463430 0.960600
vt 0.482210 0.998280
vt 0.485780 0.958940
vt 0.615170 0.998240
vt 0.608930 0.959370
vt 0.732090 0.959800
vt 0.732090 0.919100
vt 0.597450 0.918060
vt 0.462820 0.917030
vt 0.305470 0.922650
vt 0.457990 0.878620
vt 0.305420 0.882510
vt 0.305360 0.847640
vt 0.407930 0.843950
vt 0.455460 0.802690
vt 0.305310 0.803950
vt 0.453430 0.763160
vt 0.305300 0.781380
vt 0.305310 0.755330
vt 0.454810 0.726100
vt 0.305320 0.725970
vt 0.305320 0.702140
vt 0.432880 0.702140
vt 0.460210 0.702140
vt 0.482210 0.702140
vt 0.528620 0.727650
vt 0.615170 0.702140
vt 0.615170 0.727020
vt 0.519430 0.756580
vt 0.615170 0.756470
vt 0.521410 0.800480
vt 0.615170 0.795550
vt 0.499750 0.836820
vt 0.615170 0.843170
vt 0.647150 0.998230
vt 0.665070 0.998230
vt 0.704680 0.998220
vt 0.732090 0.998210
vt 0.353350 0.927800
vt 0.477380 0.869420
vt 0.477380 0.879240
vt 0.477380 0.890860
vt 0.477380 0.906270
vt 0.509360 0.924750
vt 0.594300 0.939170
vt 0.594300 0.955030
vt 0.594300 0.971090
vt 0.566890 0.986240
vt 0.594300 0.986240
vt 0.647150 0.702140
vt 0.665070 0.702140
vt 0.665070 0.731470
vt 0.647150 0.730580
vt 0.665070 0.760730
vt 0.647150 0.759870
vt 0.665070 0.797270
vt 0.647150 0.798180
vt 0.665070 0.841930
vt 0.647150 0.842360
vt 0.732090 0.878920
vt 0.595040 0.878770
vt 0.704680 0.839920
vt 0.732090 0.838000
vt 0.704680 0.793150
vt 0.732090 0.793290
vt 0.732090 0.759860
vt 0.704680 0.758100
vt 0.732090 0.730970
vt 0.704680 0.731940
vt 0.732090 0.702140
vt 0.704680 0.702140
vt 0.825390 0.826510
vt 0.825390 0.707370
vt 0.752540 0.707370
vt 0.752540 0.826510
vt 0.825390 0.835650
vt 0.752540 0.835650
vt 0.594300 0.869420
vt 0.566890 0.869420
vt 0.566890 0.881180
vt 0.594300 0.880800
vt 0.566890 0.891500
vt 0.594300 0.892190
vt 0.566890 0.905330
vt 0.594300 0.905390
vt 0.594300 0.923030
vt 0.566890 0.923780
vt 0.527280 0.906960
s 1
usemtl material71
f 2442/1044/2378 2443/1045/2379 2444/1046/2380
f 2445/1047/2381 2442/1044/2378 2444/1046/2380
f 2446/1048/2382 2442/1044/2378 2445/1047/2381
f 2447/1049/2383 2446/1048/2382 2445/1047/2381
f 2448/1050/2384 2446/1048/2382 2447/1049/2383
f 2449/1051/2385 2448/1050/2384 2447/1049/2383
f 2450/1052/2386 2448/1050/2384 2449/1051/2385
f 2451/1053/2387 2450/1052/2386 2449/1051/2385
f 2452/1054/2388 2450/1052/2386 2451/1053/2387
f 2453/1055/2389 2452/1054/2388 2451/1053/2387
f 2454/1056/2390 2452/1054/2388 2453/1055/2389
f 2455/1057/2391 2452/1054/2388 2454/1056/2390
f 2456/1058/2392 2455/1057/2391 2454/1056/2390
f 2457/1059/2393 2455/1057/2391 2456/1058/2392
f 2458/1060/2394 2457/1059/2393 2456/1058/2392
f 2459/1061/2395 2457/1059/2393 2458/1060/2394
f 2460/1062/2396 2461/1063/2397 2462/1064/2398
f 2463/1065/2399 2460/1062/2396 2462/1064/2398
f 2464/1066/2400 2463/1065/2399 2462/1064/2398
f 2465/1067/2401 2464/1066/2400 2462/1064/2398
f 2466/1068/2402 2464/1066/2400 2465/1067/2401
f 2467/1069/2403 2466/1068/2402 2465/1067/2401
f 2468/1070/2404 2466/1068/2402 2467/1069/2403
f 2469/1071/2405 2466/1068/2402 2468/1070/2404
f 2470/1072/2406 2466/1068/2402 2469/1071/2405
f 2471/1073/2407 2470/1072/2406 2469/1071/2405
f 2472/1074/2408 2470/1072/2406 2471/1073/2407
f 2473/1075/2409 2470/1072/2406 2472/1074/2408
f 2474/1076/2410 2473/1075/2409 2472/1074/2408
f 2475/1077/2411 2474/1076/2410 2472/1074/2408
f 2476/1078/2412 2474/1076/2410 2475/1077/2411
f 2477/1079/2413 2474/1076/2410 2476/1078/2412
f 2478/1046/2414 2479/1045/2415 2480/1044/2416
f 2481/1047/2417 2478/1046/2414 2480/1044/2416
f 2482/1048/2418 2481/1047/2417 2480/1044/2416
f 2483/1049/2419 2481/1047/2417 2482/1048/2418
f 2484/1050/2420 2483/1049/2419 2482/1048/2418
f 2485/1051/2421 2486/1049/2422 2484/1050/2420
f 2487/1052/2423 2485/1051/2421 2484/1050/2420
f 2488/1053/2424 2485/1051/2421 2487/1052/2423
f 2489/1054/2425 2488/1053/2424 2487/1052/2423
f 2490/1055/2426 2488/1053/2424 2489/1054/2425
f 2491/1056/2427 2490/1055/2426 2489/1054/2425
f 2492/1057/2428 2491/1056/2427 2489/1054/2425
f 2493/1058/2429 2494/1056/2430 2492/1057/2431
f 2495/1059/2432 2493/1058/2429 2492/1057/2431
f 2496/1060/2433 2493/1058/2429 2495/1059/2432
f 2497/1061/2434 2496/1060/2433 2495/1059/2432
f 2498/1080/2435 2499/1081/2436 2500/1082/2437
f 2501/1083/2438 2498/1080/2435 2500/1082/2437
f 2502/1084/2439 2498/1080/2435 2501/1083/2438
f 2503/1085/2440 2502/1084/2439 2501/1083/2438
f 2504/1086/2441 2502/1084/2439 2503/1085/2440
f 2505/1087/2442 2504/1086/2441 2503/1085/2440
f 2506/1088/2443 2504/1086/2441 2505/1087/2442
f 2507/1089/2444 2506/1088/2443 2505/1087/2442
f 2508/1090/2445 2506/1088/2443 2507/1089/2444
f 2509/1091/2446 2508/1090/2445 2507/1089/2444
f 2510/1092/2447 2509/1091/2446 2507/1089/2444
f 2505/1087/2442 2510/1092/2447 2507/1089/2444
f 2511/1093/2448 2510/1092/2447 2505/1087/2442
f 2503/1085/2440 2511/1093/2448 2505/1087/2442
f 2501/1083/2438 2511/1093/2448 2503/1085/2440
f 2500/1082/2437 2511/1093/2448 2501/1083/2438
f 2512/1094/2449 2511/1093/2448 2500/1082/2437
f 2513/1095/2450 2511/1093/2448 2512/1094/2449
f 2514/1096/2451 2513/1095/2450 2512/1094/2449
f 2515/1097/2452 2513/1095/2450 2514/1096/2451
f 2516/1098/2453 2513/1095/2450 2515/1097/2452
f 2517/1099/2454 2516/1098/2453 2515/1097/2452
f 2518/1100/2455 2517/1099/2454 2515/1097/2452
f 2519/1101/2456 2517/1099/2454 2518/1100/2455
f 2520/1102/2457 2519/1101/2456 2518/1100/2455
f 2521/1103/2458 2519/1101/2456 2520/1102/2457
f 2522/1104/2459 2519/1101/2456 2521/1103/2458
f 2523/1105/2460 2522/1104/2459 2521/1103/2458
f 2524/1106/2461 2522/1104/2459 2523/1105/2460
f 2525/1107/2462 2522/1104/2459 2524/1106/2461
f 2526/1108/2439 2522/1104/2459 2525/1107/2462
f 2527/1109/2463 2522/1104/2459 2526/1108/2439
f 2528/1110/2464 2522/1104/2459 2527/1109/2463
f 2529/1111/2465 2528/1110/2464 2527/1109/2463
f 2530/1112/2466 2528/1110/2464 2529/1111/2465
f 2531/1113/2467 2528/1110/2464 2530/1112/2466
f 2532/1114/2468 2531/1113/2467 2530/1112/2466
f 2533/1115/2469 2531/1113/2467 2532/1114/2468
f 2534/1116/2470 2533/1115/2469 2532/1114/2468
f 2535/1117/2471 2533/1115/2469 2534/1116/2470
f 2536/1118/2472 2535/1117/2471 2534/1116/2470
f 2513/1095/2450 2535/1117/2471 2536/1118/2472
f 2516/1098/2453 2535/1117/2471 2513/1095/2450
f 2517/1099/2454 2535/1117/2471 2516/1098/2453
f 2533/1115/2469 2535/1117/2471 2517/1099/2454
f 2519/1101/2456 2533/1115/2469 2517/1099/2454
f 2531/1113/2467 2533/1115/2469 2519/1101/2456
f 2528/1110/2464 2531/1113/2467 2519/1101/2456
f 2522/1104/2459 2528/1110/2464 2519/1101/2456
f 2537/1119/2473 2538/1088/2473 2539/1090/2474
f 2540/1120/2475 2537/1119/2473 2539/1090/2474
f 2541/1121/2476 2540/1120/2475 2539/1090/2474
f 2542/1122/2477 2541/1121/2476 2539/1090/2474
f 2543/1123/2478 2544/1124/2479 2545/1125/2480
f 2546/1126/2481 2543/1123/2478 2545/1125/2480
f 2547/1127/2482 2548/1123/2483 2546/1126/2481
f 2549/1128/2484 2548/1123/2483 2547/1127/2482
f 2550/1129/2485 2551/1123/2486 2552/1128/2487
f 2553/1130/2488 2551/1123/2486 2550/1129/2485
f 2554/1131/2489 2551/1123/2486 2553/1130/2488
f 2555/1132/2479 2543/1123/2490 2554/1131/2491
f 2556/1133/2492 2555/1132/2479 2554/1131/2491
f 2557/1059/2493 2558/1061/2494 2559/1060/2495
f 2560/1058/2496 2557/1059/2493 2559/1060/2495
f 2561/1057/2497 2557/1059/2493 2560/1058/2496
f 2562/1056/2498 2561/1057/2497 2560/1058/2496
f 2563/1054/2499 2561/1057/2497 2562/1056/2498
f 2564/1055/2500 2563/1054/2499 2562/1056/2498
f 2565/1053/2501 2563/1054/2499 2564/1055/2500
f 2566/1052/2502 2563/1054/2499 2565/1053/2501
f 2567/1051/2503 2566/1052/2502 2565/1053/2501
f 2568/1050/2504 2566/1052/2502 2567/1051/2503
f 2569/1049/2505 2568/1050/2504 2567/1051/2503
f 2570/1048/2506 2568/1050/2504 2569/1049/2505
f 2571/1047/2507 2570/1048/2506 2569/1049/2505
f 2572/1044/2508 2570/1048/2506 2571/1047/2507
f 2573/1046/2509 2572/1044/2508 2571/1047/2507
f 2574/1045/2510 2572/1044/2508 2573/1046/2509
f 2575/1134/2511 2576/1135/2512 2577/1136/2513
f 2578/1137/2514 2575/1134/2511 2577/1136/2513
f 2579/1138/2515 2578/1137/2514 2577/1136/2513
f 2580/1139/2516 2578/1137/2514 2579/1138/2515
f 2581/1140/2517 2580/1139/2516 2579/1138/2515
f 2582/1141/2518 2580/1139/2516 2581/1140/2517
f 2583/1142/2519 2582/1141/2518 2581/1140/2517
f 2584/1143/2520 2582/1141/2518 2583/1142/2519
f 2585/1144/2521 2584/1143/2520 2583/1142/2519
f 2586/1118/2522 2584/1143/2520 2585/1144/2521
f 2587/1145/2523 2586/1118/2522 2585/1144/2521
f 2588/1095/2524 2586/1118/2522 2587/1145/2523
f 2589/1093/2525 2588/1095/2524 2587/1145/2523
f 2590/1092/2526 2589/1093/2525 2587/1145/2523
f 2591/1091/2527 2590/1092/2526 2587/1145/2523
f 2585/1144/2521 2591/1091/2527 2587/1145/2523
f 2592/1144/2522 2593/1142/2528 2594/1146/2529
f 2595/1147/2530 2592/1144/2522 2594/1146/2529
f 2596/1148/2531 2595/1147/2530 2594/1146/2529
f 2597/1149/2532 2598/1147/2533 2596/1148/2534
f 2599/1150/2535 2597/1149/2532 2596/1148/2534
f 2600/1151/2536 2599/1150/2535 2596/1148/2534
f 2601/1152/2537 2599/1150/2535 2600/1151/2536
f 2602/1153/2538 2601/1152/2537 2600/1151/2536
f 2603/1154/2539 2601/1152/2537 2602/1153/2538
f 2604/1155/2540 2603/1154/2539 2602/1153/2538
f 2605/1156/2541 2606/1157/2542 2607/1158/2543
f 2608/1159/2544 2605/1156/2541 2607/1158/2543
f 2609/1160/2545 2605/1156/2541 2608/1159/2544
f 2610/1161/2546 2609/1160/2545 2608/1159/2544
f 2611/1156/2547 2609/1160/2545 2610/1161/2546
f 2612/1159/2548 2611/1156/2547 2610/1161/2546
f 2613/1157/2549 2611/1156/2547 2612/1159/2548
f 2614/1158/2550 2613/1157/2549 2612/1159/2548
f 2615/1156/2551 2616/1157/2552 2617/1158/2553
f 2618/1159/2554 2615/1156/2551 2617/1158/2553
f 2619/1160/2555 2615/1156/2551 2618/1159/2554
f 2620/1161/2556 2619/1160/2555 2618/1159/2554
f 2621/1156/2557 2619/1160/2555 2620/1161/2556
f 2622/1159/2558 2621/1156/2557 2620/1161/2556
f 2623/1157/2559 2621/1156/2557 2622/1159/2558
f 2624/1158/2560 2623/1157/2559 2622/1159/2558
f 2625/1082/2561 2626/1081/2562 2627/1080/2563
f 2628/1083/2564 2625/1082/2561 2627/1080/2563
f 2629/1084/2565 2628/1083/2564 2627/1080/2563
f 2630/1085/2566 2628/1083/2564 2629/1084/2565
f 2631/1086/2567 2630/1085/2566 2629/1084/2565
f 2632/1087/2568 2630/1085/2566 2631/1086/2567
f 2633/1088/2569 2632/1087/2568 2631/1086/2567
f 2634/1089/2570 2632/1087/2568 2633/1088/2569
f 2635/1090/2571 2634/1089/2570 2633/1088/2569
f 2636/1119/2572 2635/1090/2571 2633/1088/2569
f 2637/1120/2573 2635/1090/2571 2636/1119/2572
f 2638/1121/2574 2635/1090/2571 2637/1120/2573
f 2639/1122/2575 2635/1090/2571 2638/1121/2574
f 2640/1060/2576 2641/1061/2577 2642/1059/2578
f 2643/1058/2579 2640/1060/2576 2642/1059/2578
f 2644/1057/2580 2643/1058/2579 2642/1059/2578
f 2645/1056/2581 2643/1058/2579 2644/1057/2580
f 2646/1054/2582 2645/1056/2581 2644/1057/2580
f 2647/1055/2583 2648/1056/2584 2646/1054/2585
f 2649/1053/2586 2647/1055/2583 2646/1054/2585
f 2650/1052/2587 2649/1053/2586 2646/1054/2585
f 2651/1051/2588 2649/1053/2586 2650/1052/2587
f 2652/1050/2589 2651/1051/2588 2650/1052/2587
f 2653/1049/2590 2651/1051/2588 2652/1050/2589
f 2654/1048/2591 2653/1049/2590 2652/1050/2589
f 2655/1047/2592 2656/1049/2593 2654/1048/2594
f 2657/1044/2595 2655/1047/2592 2654/1048/2594
f 2658/1046/2596 2655/1047/2592 2657/1044/2595
f 2659/1045/2597 2658/1046/2596 2657/1044/2595
f 2660/1076/2598 2661/1079/2599 2662/1078/2600
f 2663/1077/2601 2660/1076/2598 2662/1078/2600
f 2664/1074/2602 2660/1076/2598 2663/1077/2601
f 2665/1075/2603 2660/1076/2598 2664/1074/2602
f 2666/1072/2604 2665/1075/2603 2664/1074/2602
f 2667/1073/2605 2666/1072/2604 2664/1074/2602
f 2668/1071/2606 2666/1072/2604 2667/1073/2605
f 2669/1068/2607 2666/1072/2604 2668/1071/2606
f 2670/1070/2608 2669/1068/2607 2668/1071/2606
f 2671/1069/2609 2669/1068/2607 2670/1070/2608
f 2672/1067/2610 2669/1068/2607 2671/1069/2609
f 2673/1066/2611 2669/1068/2607 2672/1067/2610
f 2674/1064/2612 2673/1066/2611 2672/1067/2610
f 2675/1065/2613 2673/1066/2611 2674/1064/2612
f 2676/1062/2614 2675/1065/2613 2674/1064/2612
f 2677/1063/2615 2676/1062/2614 2674/1064/2612
f 2678/1162/2616 2679/1163/2617 2680/1164/2618
f 2681/1165/2619 2678/1162/2616 2680/1164/2618
f 2682/1166/2620 2681/1165/2619 2680/1164/2618
f 2683/1167/2621 2681/1165/2619 2682/1166/2620
f 2684/1168/2622 2683/1167/2621 2682/1166/2620
f 2685/1169/2623 2683/1167/2621 2684/1168/2622
f 2686/1170/2624 2685/1169/2623 2684/1168/2622
f 2687/1171/2625 2686/1170/2624 2684/1168/2622
f 2688/1129/2626 2686/1170/2624 2687/1171/2625
f 2689/1123/2627 2688/1129/2626 2690/1171/2627
f 2691/1127/2628 2692/1123/2629 2687/1171/2630
f 2693/1126/2631 2692/1123/2629 2691/1127/2628
f 2694/1125/2632 2695/1123/2633 2693/1126/2634
f 2696/1124/2635 2695/1123/2633 2694/1125/2632
f 2697/1130/2636 2698/1129/2637 2699/1123/2638
f 2700/1131/2639 2697/1130/2636 2699/1123/2638
f 2701/1132/2640 2700/1131/2641 2702/1123/2642
f 2703/1133/2643 2700/1131/2641 2701/1132/2640
f 2704/1128/2644 2705/1172/2645 2706/1171/2646
f 2707/1129/2647 2704/1128/2644 2706/1171/2646
f 2708/1170/2648 2707/1129/2647 2706/1171/2646
f 2709/1168/2649 2708/1170/2648 2706/1171/2646
f 2710/1169/2650 2708/1170/2648 2709/1168/2649
f 2711/1167/2651 2710/1169/2650 2709/1168/2649
f 2712/1166/2652 2711/1167/2651 2709/1168/2649
f 2713/1165/2653 2711/1167/2651 2712/1166/2652
f 2714/1164/2654 2713/1165/2653 2712/1166/2652
f 2715/1162/2655 2713/1165/2653 2714/1164/2654
f 2716/1163/2656 2715/1162/2655 2714/1164/2654
f 2717/1136/2657 2718/1135/2658 2719/1134/2659
f 2720/1137/2660 2717/1136/2657 2719/1134/2659
f 2721/1138/2661 2717/1136/2657 2720/1137/2660
f 2722/1139/2662 2721/1138/2661 2720/1137/2660
f 2723/1140/2663 2721/1138/2661 2722/1139/2662
f 2724/1141/2664 2723/1140/2663 2722/1139/2662
f 2725/1142/2665 2723/1140/2663 2724/1141/2664
f 2726/1143/2666 2725/1142/2665 2724/1141/2664
f 2727/1144/2667 2725/1142/2665 2726/1143/2666
f 2728/1118/2668 2727/1144/2667 2726/1143/2666
f 2729/1145/2669 2727/1144/2667 2728/1118/2668
f 2730/1117/2670 2729/1145/2669 2728/1118/2668
f 2731/1116/2671 2730/1117/2670 2728/1118/2668
f 2732/1115/2672 2730/1117/2670 2731/1116/2671
f 2733/1114/2673 2732/1115/2672 2731/1116/2671
f 2734/1113/2674 2732/1115/2672 2733/1114/2673
f 2735/1112/2675 2734/1113/2674 2733/1114/2673
f 2736/1110/2676 2734/1113/2674 2735/1112/2675
f 2737/1111/2677 2736/1110/2676 2735/1112/2675
f 2738/1109/2678 2736/1110/2676 2737/1111/2677
f 2739/1104/2679 2736/1110/2676 2738/1109/2678
f 2740/1108/2680 2739/1104/2679 2738/1109/2678
f 2741/1107/2681 2739/1104/2679 2740/1108/2680
f 2742/1106/2682 2739/1104/2679 2741/1107/2681
f 2743/1105/2683 2739/1104/2679 2742/1106/2682
f 2744/1103/2684 2739/1104/2679 2743/1105/2683
f 2745/1101/2685 2739/1104/2679 2744/1103/2684
f 2746/1102/2686 2745/1101/2685 2744/1103/2684
f 2747/1100/2687 2745/1101/2685 2746/1102/2686
f 2748/1099/2688 2745/1101/2685 2747/1100/2687
f 2749/1097/2689 2748/1099/2688 2747/1100/2687
f 2750/1098/2690 2748/1099/2688 2749/1097/2689
f 2730/1117/2670 2748/1099/2688 2750/1098/2690
f 2732/1115/2672 2748/1099/2688 2730/1117/2670
f 2745/1101/2685 2748/1099/2688 2732/1115/2672
f 2734/1113/2674 2745/1101/2685 2732/1115/2672
f 2736/1110/2676 2745/1101/2685 2734/1113/2674
f 2739/1104/2679 2745/1101/2685 2736/1110/2676
f 2751/1091/2691 2752/1144/2692 2753/1145/2693
f 2754/1092/2694 2751/1091/2691 2753/1145/2693
f 2755/1090/2695 2751/1091/2691 2754/1092/2694
f 2756/1089/2696 2755/1090/2695 2754/1092/2694
f 2757/1087/2697 2756/1089/2696 2754/1092/2694
f 2758/1093/2698 2757/1087/2697 2754/1092/2694
f 2759/1085/2699 2757/1087/2697 2758/1093/2698
f 2760/1083/2700 2759/1085/2699 2758/1093/2698
f 2761/1082/2701 2760/1083/2700 2758/1093/2698
f 2762/1094/2702 2761/1082/2701 2758/1093/2698
f 2763/1095/2703 2762/1094/2702 2758/1093/2698
f 2764/1096/2704 2762/1094/2702 2763/1095/2703
f 2765/1097/2705 2764/1096/2704 2763/1095/2703
f 2766/1098/2706 2765/1097/2705 2763/1095/2703
f 2767/1117/2707 2766/1098/2706 2763/1095/2703
f 2753/1145/2693 2767/1117/2707 2763/1095/2703
f 2754/1092/2694 2753/1145/2693 2763/1095/2703
f 2758/1093/2698 2754/1092/2694 2763/1095/2703
f 2768/1146/2708 2769/1142/2709 2770/1144/2709
f 2771/1147/2710 2768/1146/2708 2770/1144/2709
f 2772/1148/2711 2768/1146/2708 2771/1147/2710
f 2773/1149/2712 2772/1148/2713 2774/1147/2714
f 2775/1150/2715 2772/1148/2713 2773/1149/2712
f 2776/1151/2716 2772/1148/2713 2775/1150/2715
f 2777/1152/2717 2776/1151/2716 2775/1150/2715
f 2778/1153/2718 2776/1151/2716 2777/1152/2717
f 2779/1154/2719 2778/1153/2718 2777/1152/2717
f 2780/1155/2720 2778/1153/2718 2779/1154/2719
f 2781/1157/2721 2782/1158/2722 2783/1159/2723
f 2784/1156/2724 2781/1157/2721 2783/1159/2723
f 2785/1161/2725 2784/1156/2724 2783/1159/2723
f 2786/1160/2726 2784/1156/2724 2785/1161/2725
f 2787/1159/2727 2786/1160/2726 2785/1161/2725
f 2788/1156/2728 2786/1160/2726 2787/1159/2727
f 2789/1158/2729 2788/1156/2728 2787/1159/2727
f 2790/1157/2730 2788/1156/2728 2789/1158/2729
f 2791/1157/2731 2792/1158/2732 2793/1159/2733
f 2794/1156/2734 2791/1157/2731 2793/1159/2733
f 2795/1161/2735 2794/1156/2734 2793/1159/2733
f 2796/1160/2736 2794/1156/2734 2795/1161/2735
f 2797/1159/2737 2796/1160/2736 2795/1161/2735
f 2798/1156/2738 2796/1160/2736 2797/1159/2737
f 2799/1158/2739 2798/1156/2738 2797/1159/2737
f 2800/1157/2740 2798/1156/2738 2799/1158/2739
o Object_7
v -0.938637 50.316040 0.301950
v -0.000257 50.107407 -1.056206
v 0.938123 50.316040 0.301950
v -0.000257 58.459881 4.467445
v 2.739998 52.689087 3.233129
v 5.083380 55.074432 3.469614
v 4.595520 58.459873 3.099389
v 6.863028 56.068565 1.272847
v 5.487490 58.459873 0.298039
v 0.938123 50.316040 0.301950
v 1.397795 50.748253 -3.585128
v 1.849617 42.356350 -2.517136
v 0.909052 42.369602 0.105119
v 2.739998 52.689087 3.233129
v 0.938123 50.316040 0.301950
v 0.909052 42.369602 0.105119
v 1.670002 42.369602 2.762602
v 5.045783 52.489204 4.008204
v 4.541030 42.369602 3.995826
v 5.045783 52.489204 4.008204
v 5.083380 55.074432 3.469614
v 2.739998 52.689087 3.233129
v 4.541030 42.369602 3.995826
v 7.725408 42.369656 1.413582
v 7.817239 51.418022 1.263835
v 5.045783 52.489204 4.008204
v 5.083380 55.074432 3.469614
v 6.863028 56.068565 1.272847
v -6.863540 56.068565 1.272847
v -5.488004 58.459873 0.298039
v -4.179298 58.459873 -2.210290
v -5.653375 55.894333 -2.168099
v -4.550003 53.785614 -4.160498
v -0.000257 53.824547 -4.922648
v -0.000257 58.459881 -3.223683
v 4.178785 58.459873 -2.210290
v 4.549489 53.785614 -4.160498
v 5.652862 55.894333 -2.168099
v 6.863028 56.068565 1.272847
v 5.487490 58.459873 0.298039
v -0.000257 53.824547 -4.922648
v 4.549489 53.785614 -4.160498
v 3.265199 52.558807 -4.831328
v -0.000257 51.500160 -4.013753
v 1.397795 50.748253 -3.585128
v -0.000257 50.107407 -1.056206
v 0.938123 50.316040 0.301950
v -3.265713 52.558807 -4.831328
v -4.550003 53.785614 -4.160498
v -0.000257 53.824547 -4.922648
v -0.000257 51.500160 -4.013753
v -1.305852 50.748253 -3.585128
v -0.000257 50.107407 -1.056206
v -0.938637 50.316040 0.301950
v 0.938123 50.316040 0.301950
v 2.739998 52.689087 3.233129
v -0.000257 51.954506 2.180367
v -0.938637 50.316040 0.301950
v -2.740511 52.689087 3.233129
v -0.000257 58.459881 4.467445
v 2.739998 52.689087 3.233129
v -5.083895 55.074432 3.469614
v -2.740511 52.689087 3.233129
v -0.000257 58.459881 4.467445
v -4.596035 58.459873 3.099389
v -6.863540 56.068565 1.272847
v -5.488004 58.459873 0.298039
v -7.817751 51.418022 1.263835
v -6.863540 56.068565 1.272847
v -5.653375 55.894333 -2.168099
v -6.692261 51.317734 -2.769526
v -4.550003 53.785614 -4.160498
v -4.556493 51.944023 -4.184327
v -3.265713 52.558807 -4.831328
v -1.305852 50.748253 -3.585128
v -1.850131 42.356319 -2.517136
v -4.690934 42.369656 -3.320731
v -7.225720 42.369656 -1.884347
v -7.725922 42.369656 1.413582
v -0.938637 50.316040 0.301950
v -0.909565 42.369602 0.105119
v -1.850131 42.356319 -2.517136
v -1.305852 50.748253 -3.585128
v -0.909565 42.369602 0.105119
v -0.938637 50.316040 0.301950
v -2.740511 52.689087 3.233129
v -1.670515 42.369602 2.762602
v -5.046296 52.489204 4.008204
v -4.541544 42.369602 3.995826
v -2.740511 52.689087 3.233129
v -5.083895 55.074432 3.469614
v -5.046296 52.489204 4.008204
v -5.083895 55.074432 3.469614
v -6.863540 56.068565 1.272847
v -7.817751 51.418022 1.263835
v -5.046296 52.489204 4.008204
v -4.541544 42.369602 3.995826
v -7.725922 42.369656 1.413582
v 7.817239 51.418022 1.263835
v 7.725408 42.369656 1.413582
v 7.225205 42.369656 -1.884347
v 6.691748 51.317734 -2.769526
v 5.652862 55.894333 -2.168099
v 6.863028 56.068565 1.272847
v 4.549489 53.785614 -4.160498
v 5.652862 55.894333 -2.168099
v 6.691748 51.317734 -2.769526
v 4.648422 51.235016 -4.184326
v 3.265199 52.558807 -4.831328
v 1.397795 50.748253 -3.585128
v 1.849617 42.356350 -2.517136
v 4.690420 42.369656 -3.320731
v 7.225205 42.369656 -1.884347
vn -0.0000 -0.9884 0.1518
vn 0.1881 -0.0070 0.9821
vn 0.0773 -0.1733 0.9818
vn 0.3825 0.0321 0.9234
vn 0.5745 0.2837 0.7677
vn 0.7865 0.3656 0.4977
vn 0.7910 0.5576 0.2518
vn -0.9843 -0.0532 -0.1682
vn -0.9898 -0.0692 -0.1247
vn -0.9600 -0.0109 -0.2798
vn -0.9412 0.0118 -0.3377
vn -0.5574 -0.0001 0.8302
vn -0.8482 -0.0100 0.5295
vn -0.9422 0.0677 0.3281
vn -0.7632 0.0584 0.6435
vn -0.3334 -0.0048 0.9428
vn -0.3946 0.0186 0.9187
vn -0.2967 0.1989 0.9340
vn 0.6479 -0.0046 0.7617
vn 0.6298 0.0065 0.7767
vn 0.7027 0.0392 0.7104
vn 0.7136 0.0574 0.6982
vn 0.7292 0.1412 0.6696
vn 0.7342 0.1494 0.6623
vn -0.8382 0.3982 -0.3726
vn -0.8441 0.3060 -0.4404
vn -0.5542 0.4083 -0.7254
vn -0.7339 0.4128 -0.5394
vn -0.2857 0.3882 -0.8762
vn -0.0000 0.3729 -0.9279
vn -0.0000 0.3441 -0.9389
vn 0.5542 0.4083 -0.7254
vn 0.2857 0.3882 -0.8762
vn 0.7339 0.4128 -0.5394
vn 0.8382 0.3982 -0.3726
vn 0.8441 0.3060 -0.4404
vn -0.0516 -0.2036 -0.9777
vn 0.1581 0.3411 -0.9266
vn 0.0735 0.0534 -0.9959
vn -0.1779 -0.6193 -0.7648
vn -0.1306 -0.7732 -0.6205
vn 0.1836 -0.9723 -0.1449
vn 0.3103 -0.9482 -0.0687
vn -0.0741 0.0585 -0.9955
vn -0.1581 0.3411 -0.9266
vn 0.0516 -0.2036 -0.9777
vn 0.1831 -0.6139 -0.7679
vn 0.1437 -0.7722 -0.6190
vn -0.1934 -0.9702 -0.1460
vn -0.3186 -0.9449 -0.0750
vn -0.0172 -0.7577 0.6524
vn -0.2004 -0.4781 0.8552
vn -0.0000 -0.6232 0.7820
vn 0.0172 -0.7577 0.6524
vn 0.2004 -0.4781 0.8552
vn -0.0000 -0.3317 0.9434
vn -0.2004 -0.4780 0.8552
vn -0.3825 0.0321 0.9234
vn -0.0773 -0.1733 0.9818
vn -0.1881 -0.0070 0.9821
vn -0.5745 0.2837 0.7677
vn -0.7865 0.3656 0.4977
vn -0.7910 0.5576 0.2518
vn -0.9550 0.1221 -0.2702
vn -0.9231 0.1901 -0.3343
vn -0.8721 0.2314 -0.4312
vn -0.8115 0.0870 -0.5778
vn -0.6156 0.1294 -0.7773
vn -0.3479 -0.1329 -0.9281
vn -0.2491 -0.4035 -0.8804
vn 0.0911 -0.2371 -0.9672
vn 0.2417 -0.0996 -0.9652
vn -0.1250 -0.0874 -0.9883
vn -0.8339 -0.0355 -0.5508
vn -0.9886 -0.0125 -0.1499
vn 0.9868 -0.0598 -0.1502
vn 0.9412 0.0118 -0.3377
vn 0.9617 -0.0131 -0.2739
vn 0.9917 -0.0773 -0.1023
vn 0.9422 0.0677 0.3281
vn 0.8482 -0.0100 0.5295
vn 0.5574 -0.0001 0.8302
vn 0.7632 0.0584 0.6435
vn 0.3334 -0.0048 0.9428
vn 0.3946 0.0186 0.9187
vn 0.2967 0.1989 0.9340
vn -0.7292 0.1412 0.6696
vn -0.7342 0.1494 0.6623
vn -0.7027 0.0392 0.7104
vn -0.7136 0.0574 0.6982
vn -0.6479 -0.0046 0.7617
vn -0.6298 0.0065 0.7767
vn 0.9550 0.1221 -0.2702
vn 0.9886 -0.0125 -0.1499
vn 0.9833 -0.0009 -0.1822
vn 0.9529 0.1395 -0.2694
vn 0.9280 0.2161 -0.3034
vn 0.9231 0.1901 -0.3343
vn 0.6149 0.1370 -0.7767
vn 0.7121 0.2480 -0.6568
vn 0.6084 0.0396 -0.7926
vn 0.2997 -0.1213 -0.9463
vn 0.1900 -0.2636 -0.9457
vn -0.1411 -0.2402 -0.9604
vn -0.2459 -0.1034 -0.9637
vn 0.1228 -0.0956 -0.9878
vn 0.5058 -0.0759 -0.8593
vt 1.648790 0.072790
vt 1.642690 0.068070
vt 1.653200 0.068340
vt 1.645790 0.141250
vt 1.668860 0.089930
vt 1.727850 0.116430
vt 1.730530 0.141250
vt 1.772990 0.123550
vt 1.772620 0.141250
vt 1.949550 0.047720
vt 1.937450 0.048740
vt 1.938090 0.005750
vt 1.950950 0.005750
vt 1.686580 0.070250
vt 1.668040 0.052470
vt 1.665330 0.005770
vt 1.676750 0.005770
vt 1.728640 0.057550
vt 1.718620 0.005770
vt 1.730800 0.097210
vt 1.775240 0.005770
vt 1.775750 0.061340
vt 1.763320 0.106220
vt 1.830800 0.118620
vt 1.844500 0.140700
vt 1.871830 0.140750
vt 1.856620 0.120720
vt 1.881610 0.105510
vt 1.987680 0.096110
vt 1.987680 0.140720
vt 1.922480 0.087790
vt 1.987680 0.066240
vt 1.950490 0.067620
vt 1.987680 0.048050
vt 1.969570 0.046760
vt 1.654160 0.068660
vt 1.645790 0.075820
vt 1.622770 0.089930
vt 1.835350 0.056580
vt 1.846810 0.097500
vt 1.855730 0.101420
vt 1.843970 0.057370
vt 1.880450 0.078580
vt 1.880900 0.053200
vt 1.900860 0.067900
vt 1.883020 0.005750
vt 1.843870 0.005750
vt 1.835780 0.005750
s 0
usemtl material93
f 2801/1173/2741 2802/1174/2741 2803/1175/2741
s 1
f 2804/1176/2742 2805/1177/2743 2806/1178/2744
f 2807/1179/2745 2804/1176/2742 2806/1178/2744
f 2808/1180/2746 2807/1179/2745 2806/1178/2744
f 2809/1181/2747 2807/1179/2745 2808/1180/2746
f 2810/1182/2748 2811/1183/2749 2812/1184/2750
f 2813/1185/2751 2810/1182/2748 2812/1184/2750
f 2814/1186/2752 2815/1187/2753 2816/1188/2754
f 2817/1189/2755 2814/1186/2752 2816/1188/2754
f 2818/1190/2756 2814/1186/2752 2817/1189/2755
f 2819/1191/2757 2818/1190/2756 2817/1189/2755
s 0
f 2820/1190/2758 2821/1192/2758 2822/1186/2758
s 1
f 2823/1191/2759 2824/1193/2760 2825/1194/2761
f 2826/1190/2762 2823/1191/2759 2825/1194/2761
f 2827/1192/2763 2826/1190/2762 2825/1194/2761
f 2828/1195/2764 2827/1192/2763 2825/1194/2761
f 2829/1196/2765 2830/1197/2766 2831/1198/2767
f 2832/1199/2768 2829/1196/2765 2831/1198/2767
f 2833/1200/2769 2832/1199/2768 2831/1198/2767
f 2834/1201/2770 2833/1200/2769 2831/1198/2767
f 2835/1202/2771 2834/1201/2770 2831/1198/2767
f 2836/1198/2772 2834/1201/2770 2835/1202/2771
f 2837/1200/2773 2834/1201/2770 2836/1198/2772
f 2838/1199/2774 2837/1200/2773 2836/1198/2772
f 2839/1196/2775 2838/1199/2774 2836/1198/2772
f 2840/1197/2776 2839/1196/2775 2836/1198/2772
f 2841/1201/2777 2842/1200/2778 2843/1203/2779
f 2844/1204/2780 2841/1201/2777 2843/1203/2779
f 2845/1205/2781 2844/1204/2780 2843/1203/2779
f 2846/1206/2782 2844/1204/2780 2845/1205/2781
f 2847/1207/2783 2846/1206/2782 2845/1205/2781
f 2848/1203/2784 2849/1200/2785 2850/1201/2786
f 2851/1204/2787 2848/1203/2784 2850/1201/2786
f 2852/1205/2788 2848/1203/2784 2851/1204/2787
f 2853/1206/2789 2852/1205/2788 2851/1204/2787
f 2854/1207/2790 2852/1205/2788 2853/1206/2789
f 2855/1208/2791 2856/1177/2792 2857/1209/2793
f 2858/1208/2794 2855/1208/2791 2857/1209/2793
f 2859/1177/2795 2858/1208/2794 2857/1209/2793
f 2860/1176/2796 2859/1177/2795 2857/1209/2793
f 2861/1210/2797 2860/1176/2796 2857/1209/2793
f 2862/1178/2798 2863/1177/2799 2864/1176/2800
f 2865/1179/2801 2862/1178/2798 2864/1176/2800
f 2866/1180/2802 2862/1178/2798 2865/1179/2801
f 2867/1181/2803 2866/1180/2802 2865/1179/2801
f 2868/1211/2804 2869/1212/2805 2870/1213/2806
f 2871/1214/2807 2868/1211/2804 2870/1213/2806
f 2872/1215/2808 2871/1214/2807 2870/1213/2806
f 2873/1216/2809 2871/1214/2807 2872/1215/2808
f 2874/1217/2810 2873/1216/2809 2872/1215/2808
f 2875/1183/2811 2873/1216/2809 2874/1217/2810
f 2876/1184/2812 2873/1216/2809 2875/1183/2811
f 2877/1218/2813 2873/1216/2809 2876/1184/2812
f 2878/1219/2814 2873/1216/2809 2877/1218/2813
f 2871/1214/2807 2873/1216/2809 2878/1219/2814
f 2868/1211/2804 2871/1214/2807 2878/1219/2814
f 2879/1220/2815 2868/1211/2804 2878/1219/2814
f 2880/1182/2816 2881/1185/2817 2882/1184/2818
f 2883/1183/2819 2880/1182/2816 2882/1184/2818
f 2884/1188/2820 2885/1187/2821 2886/1186/2822
f 2887/1189/2823 2884/1188/2820 2886/1186/2822
f 2888/1190/2824 2887/1189/2823 2886/1186/2822
f 2889/1191/2825 2887/1189/2823 2888/1190/2824
s 0
f 2890/1186/2826 2891/1192/2826 2892/1190/2826
s 1
f 2893/1192/2827 2894/1195/2828 2895/1194/2829
f 2896/1190/2830 2893/1192/2827 2895/1194/2829
f 2897/1191/2831 2896/1190/2830 2895/1194/2829
f 2898/1193/2832 2897/1191/2831 2895/1194/2829
f 2899/1211/2833 2900/1220/2834 2901/1219/2835
f 2902/1214/2836 2899/1211/2833 2901/1219/2835
f 2903/1213/2837 2899/1211/2833 2902/1214/2836
f 2904/1212/2838 2899/1211/2833 2903/1213/2837
f 2905/1215/2839 2906/1213/2840 2907/1214/2841
f 2908/1216/2842 2905/1215/2839 2907/1214/2841
f 2909/1217/2843 2905/1215/2839 2908/1216/2842
f 2910/1183/2844 2909/1217/2843 2908/1216/2842
f 2911/1184/2845 2910/1183/2844 2908/1216/2842
f 2912/1218/2846 2911/1184/2845 2908/1216/2842
f 2913/1219/2847 2912/1218/2846 2908/1216/2842
f 2907/1214/2841 2913/1219/2847 2908/1216/2842
o Object_8
v 2.172323 84.744286 4.350820
v 1.413790 85.161049 4.403367
v 2.203676 84.512489 4.280995
v 2.765090 84.744576 4.150645
v 2.920713 84.595009 4.029647
v 3.240703 85.216072 4.072614
v 3.484912 84.952965 3.789975
v 2.172215 85.390511 4.488988
v 1.688821 85.215645 4.400803
v 2.802499 85.395912 4.280553
v 1.241045 85.814659 4.382156
v 1.977431 86.198463 4.551843
v 1.505648 85.978340 4.437344
v 2.492693 85.975731 4.525194
v 2.997268 86.205864 4.360609
v 3.423876 85.978859 4.058860
v 3.836390 86.011436 3.796195
v 1.214404 86.360039 4.294408
v 2.487357 86.702950 4.478161
v 3.243459 86.741508 4.150774
v 1.691592 86.741173 4.387827
v 2.175867 87.200951 4.232250
v 2.768621 87.201073 4.147975
v 3.638592 86.733559 3.899557
v 1.797409 87.246574 4.331779
v 2.770440 87.427834 4.179238
v -3.241217 85.216072 4.072614
v -3.485846 84.952965 3.752786
v -2.921227 84.595009 4.029647
v -2.765604 84.744576 4.150645
v -2.204189 84.512489 4.280995
v -2.172837 84.744286 4.350820
v -1.414303 85.161049 4.403367
v -2.803013 85.395912 4.280553
v -2.172728 85.390511 4.488988
v -1.689335 85.215645 4.400803
v -3.424390 85.978859 4.058860
v -3.837528 86.011436 3.796195
v -2.997782 86.205864 4.360609
v -2.493207 85.975731 4.525194
v -1.977945 86.198463 4.551843
v -1.506162 85.978340 4.437344
v -1.241558 85.814659 4.382156
v -3.243973 86.741508 4.150774
v -3.639107 86.733559 3.899557
v -2.487870 86.702950 4.478161
v -1.692105 86.741173 4.387827
v -2.769135 87.201073 4.147975
v -2.176381 87.200951 4.232250
v -1.214918 86.360039 4.294408
v -2.770954 87.427834 4.179238
v -1.797922 87.246574 4.331779
v 3.636054 88.520592 4.713814
v 3.577665 88.379967 4.764421
v 4.033903 88.117393 4.489117
v 2.883807 88.818886 5.159454
v 2.824061 88.546928 5.146353
v 1.995776 88.704170 5.535532
v 1.215015 88.259743 5.814930
v 2.055521 88.478920 5.503780
v -1.996561 88.704170 5.535532
v -2.056117 88.478920 5.503780
v -1.215841 88.259743 5.814930
v -4.033860 88.117393 4.489117
v -3.578356 88.379967 4.764421
v -3.637151 88.520592 4.713814
v -2.824494 88.546928 5.146353
v -2.883994 88.818886 5.159454
v 1.095334 82.960503 4.905081
v 0.603075 82.799385 5.134570
v 0.826169 82.753227 4.910026
v 1.976060 82.718437 4.553916
v 1.990969 82.042183 3.940273
v 2.736956 82.572578 3.923693
v -0.000257 83.400093 5.476017
v -0.000257 83.202385 5.369887
v 0.251542 83.239281 5.305322
v 2.221545 83.347038 4.632417
v 0.956047 83.164528 5.044882
v 3.087809 83.320290 4.210346
v 2.135661 84.356850 4.789051
v 1.193235 83.431786 5.069950
v -3.027492 84.936913 4.285964
v -3.374204 84.343513 4.147770
v -2.869425 84.312706 4.499995
v -1.802919 84.941887 4.636741
v -2.136175 84.356850 4.789051
v -1.499712 85.227348 4.649949
v 3.373690 84.343513 4.147770
v 3.026978 84.936913 4.285964
v 2.868912 84.312706 4.499995
v 1.355959 85.535011 4.693692
v -0.000257 84.872719 5.353958
v 0.998479 84.545006 5.071270
v -0.000257 85.418297 5.195770
v -1.356473 85.535011 4.693692
v -1.820761 87.238228 4.938203
v -2.555763 87.249870 4.728578
v -1.832900 87.091270 4.816039
v 1.008256 86.743797 4.906244
v -0.000257 85.963661 5.167384
v -3.829436 85.563225 3.963837
v -3.912549 85.994881 3.986628
v -4.251019 86.020424 3.651629
v -3.356837 87.498695 4.598177
v -4.206659 87.463783 4.128064
v -3.218595 87.084038 4.486371
v -1.340219 86.710762 4.875581
v -1.008769 86.743797 4.906244
v -1.766556 87.469536 5.120817
v 1.052779 87.247368 5.239509
v 1.373747 86.327888 4.743989
v 1.339706 86.710762 4.875581
v 1.820248 87.238228 4.938203
v 2.555249 87.249870 4.728578
v 2.506190 87.472878 4.886508
v 3.356323 87.498695 4.598177
v 2.509490 87.626732 5.087511
v -4.306855 88.656731 4.068182
v -4.358751 86.805870 3.656469
v -2.745209 89.239571 5.179556
v -3.654653 89.102074 4.746759
v -1.406007 89.059441 5.719312
v -2.510003 87.626732 5.087511
v 1.405493 89.059441 5.719312
v -0.000257 87.457024 5.660238
v 2.744696 89.239571 5.179556
v 3.654140 89.102074 4.746759
v 1.766042 87.469536 5.120817
v 4.306340 88.656731 4.068182
v 4.133337 87.461632 4.092943
v 4.358238 86.805870 3.656469
v 4.609750 86.513252 1.607792
v 4.765889 88.450111 2.834128
v 1.339706 86.710762 4.875581
v 1.832387 87.091270 4.816039
v 1.397482 86.564613 4.815908
v 3.278995 85.169685 4.183176
v 3.393991 85.238853 3.583567
v 3.009027 84.954948 3.777623
v 3.026978 84.936913 4.285964
v 3.218082 87.084038 4.486371
v 3.608638 85.902977 4.133059
v 3.739182 86.553810 4.174030
v 3.472039 86.410439 4.241135
v 3.739182 86.553810 4.174030
v 1.373747 86.327888 4.743989
v 1.868641 86.747398 4.707492
v 1.397482 86.564613 4.815908
v 1.832387 87.091270 4.816039
v 2.507819 86.895653 4.637853
v 2.555249 87.249870 4.728578
v 3.094653 86.730644 4.413311
v 3.218082 87.084038 4.486371
v 4.250505 86.020424 3.651629
v 3.828923 85.563225 3.963837
v 3.912035 85.994881 3.986628
v 3.531391 85.543053 4.071626
v 3.912035 85.994881 3.986628
v 3.278995 85.169685 4.183176
v 3.026978 84.936913 4.285964
v 3.339255 85.097878 4.111639
v 3.828923 85.563225 3.963837
v 3.565459 85.327431 4.047021
v 3.339255 85.097878 4.111639
v 3.955500 84.644661 3.509080
v 3.565459 85.327431 4.047021
v 3.565459 85.327431 4.047021
v 3.417250 85.343468 4.108353
v 1.802405 84.941887 4.636741
v 2.233222 84.787804 4.569741
v 2.669376 84.772072 4.422818
v 1.499198 85.227348 4.649949
v 1.868641 86.748207 4.089628
v 1.868641 86.747398 4.707492
v 1.373747 86.327888 4.743989
v 1.391318 86.328682 4.139301
v 3.009027 84.954948 3.777623
v 2.445739 84.829979 3.902899
v 2.669376 84.772072 4.422818
v 3.026978 84.936913 4.285964
v 1.355959 85.535011 4.693692
v 1.444002 85.381889 4.126791
v 1.391318 86.328682 4.139301
v 1.373747 86.327888 4.743989
v 2.233222 84.787804 4.569741
v 1.810769 84.942635 4.063444
v 1.802405 84.941887 4.636741
v 1.499198 85.227348 4.649949
v 2.790156 86.742088 3.723394
v 3.479943 85.905800 3.511827
v 3.472039 86.410439 4.241135
v 3.094653 86.730644 4.413311
v 1.868641 86.748207 4.089628
v 2.507819 86.895653 4.637853
v 1.868641 86.747398 4.707492
v 3.531391 85.543053 4.071626
v 3.587795 85.754738 3.487531
v 3.417250 85.343468 4.108353
v 3.531391 85.543053 4.071626
v 3.608638 85.902977 4.133059
v 3.587795 85.754738 3.487531
v 0.450847 83.615761 5.338964
v -1.991483 82.042183 3.940273
v -1.976574 82.718437 4.553916
v -2.737470 82.572578 3.923693
v -3.088324 83.320290 4.210346
v -2.222058 83.347038 4.632417
v -3.565973 85.327431 4.047021
v -3.829436 85.563225 3.963837
v -4.251019 86.020424 3.651629
v -4.610265 86.513252 1.607792
v -3.956013 84.644661 3.509080
v -3.218595 87.084038 4.486371
v -3.472553 86.410439 4.241135
v -3.095167 86.730644 4.413311
v -3.739696 86.553810 4.174030
v -3.912549 85.994881 3.986628
v -3.829436 85.563225 3.963837
v -3.609152 85.902977 4.133059
v -3.739696 86.553810 4.174030
v -2.555763 87.249870 4.728578
v -2.508333 86.895653 4.637853
v -3.531904 85.543053 4.071626
v -3.565973 85.327431 4.047021
v -3.417763 85.343468 4.108353
v -3.339768 85.097878 4.111639
v -3.279508 85.169685 4.183176
v -3.565973 85.327431 4.047021
v -3.339768 85.097878 4.111639
v -2.669890 84.772072 4.422818
v -2.233736 84.787804 4.569741
v -1.499712 85.227348 4.649949
v -1.356473 85.535011 4.693692
v -1.444516 85.381889 4.126791
v -0.998993 84.545006 5.071270
v -1.193749 83.431786 5.069950
v -0.956560 83.164528 5.044882
v -0.451360 83.615761 5.338964
v -0.252056 83.239281 5.305322
v -0.451360 83.615761 5.338964
v -0.252056 83.239281 5.305322
v -0.998993 84.545006 5.071270
v -1.356473 85.535011 4.693692
v -1.053293 87.247368 5.239509
v -2.506704 87.472878 4.886508
v -1.832900 87.091270 4.816039
v -1.869155 86.747398 4.707492
v -1.397996 86.564613 4.815908
v -1.374261 86.327888 4.743989
v -1.397996 86.564613 4.815908
v -1.374261 86.327888 4.743989
v -1.340219 86.710762 4.875581
v -0.000257 85.963661 5.167384
v -4.766403 88.450111 2.834128
v -3.609152 85.902977 4.133059
v -3.588309 85.754738 3.487531
v -3.480456 85.905800 3.511827
v -3.472553 86.410439 4.241135
v -2.508333 86.895653 4.637853
v -2.790670 86.742088 3.723394
v -1.869155 86.748207 4.089628
v -1.869155 86.747398 4.707492
v -1.811283 84.942635 4.063444
v -2.446252 84.829979 3.902899
v -2.233736 84.787804 4.569741
v -1.802919 84.941887 4.636741
v -2.669890 84.772072 4.422818
v -3.095167 86.730644 4.413311
v -3.009541 84.954948 3.777623
v -3.027492 84.936913 4.285964
v -3.417763 85.343468 4.108353
v -3.279508 85.169685 4.183176
v -3.394504 85.238853 3.583567
v -3.588309 85.754738 3.487531
v -3.531904 85.543053 4.071626
v -3.531904 85.543053 4.071626
v -1.374261 86.327888 4.743989
v -1.869155 86.747398 4.707492
v -1.869155 86.748207 4.089628
v -1.391831 86.328682 4.139301
v -1.310428 82.201454 4.463869
v 1.309915 82.201454 4.463869
v 0.597738 81.333397 4.281356
v -0.598252 81.333397 4.281356
v -0.000257 81.172295 4.441439
v -0.488049 81.786583 4.642312
v 0.487536 81.786583 4.642312
v 1.115892 82.701591 4.768568
v -1.095848 82.960503 4.905081
v -1.116406 82.701591 4.768568
v 0.544742 82.686546 5.035558
v 0.208023 82.618355 5.124518
v 1.025840 82.869362 4.380655
v -0.000257 82.588737 5.152075
v -0.000257 82.756218 5.340104
v -0.208537 82.618355 5.124518
v -0.545255 82.686546 5.035558
v -0.217335 82.793251 5.295012
v -0.826682 82.753227 4.910026
v -0.603588 82.799385 5.134570
v 0.216822 82.793251 5.295012
v 0.208023 82.618355 5.124518
v 0.544742 82.686546 5.035558
v 0.639112 82.932365 5.168135
v 0.245948 82.977257 5.399747
v -0.000257 82.946205 5.445045
v -0.246461 82.977257 5.399747
v -0.639625 82.932365 5.168135
v 0.515059 82.235970 4.801094
v 0.672542 82.507454 4.967885
v -0.515573 82.235970 4.801094
v -0.673056 82.507454 4.967885
v -0.000257 82.367912 5.112657
v -0.000257 82.136070 4.833340
v 0.227793 82.373940 5.080957
v -0.228307 82.373940 5.080957
v -0.000257 81.708733 4.710138
v 1.039025 82.756050 4.821609
v -1.039538 82.756050 4.821609
v 0.660539 82.738060 4.974305
v -0.902817 82.763145 4.885293
v 0.232953 82.644066 5.117215
v 0.660539 82.738060 4.974305
v 0.902303 82.763145 4.885293
v 1.028162 82.624626 4.323650
v -1.026353 82.869362 4.380655
v -0.826682 82.753227 4.910026
v -1.028675 82.624626 4.323650
v 0.660539 82.738060 4.974305
v 0.553934 82.440620 4.482387
v 0.232953 82.644066 5.117215
v -0.000257 82.775978 3.982352
v -1.026353 82.869362 4.380655
v -0.000257 82.290215 3.952286
v 0.902303 82.763145 4.885293
v 0.826169 82.753227 4.910026
v 1.028162 82.624626 4.323650
v -0.000257 82.627831 5.150755
v -0.661052 82.738060 4.974305
v -0.233467 82.644066 5.117215
v 1.028162 82.624626 4.323650
v 0.826169 82.753227 4.910026
v 1.025840 82.869362 4.380655
v 0.902303 82.763145 4.885293
v 1.025840 82.869362 4.380655
v -0.000257 82.290215 3.952286
v -0.000257 82.322502 4.555911
v -0.000257 82.794777 4.589399
v -0.000257 82.775978 3.982352
v 1.028162 82.624626 4.323650
v -1.026353 82.869362 4.380655
v -0.000257 82.627831 5.150755
v -0.233467 82.644066 5.117215
v -0.000257 82.588737 5.152075
v -0.208537 82.618355 5.124518
v -0.545255 82.686546 5.035558
v -0.208537 82.618355 5.124518
v -0.554448 82.440620 4.482387
v -1.028675 82.624626 4.323650
v -1.028675 82.624626 4.323650
v -0.902817 82.763145 4.885293
v -0.661052 82.738060 4.974305
v -0.826682 82.753227 4.910026
v -0.902817 82.763145 4.885293
v -1.028675 82.624626 4.323650
v -0.661052 82.738060 4.974305
v -0.233467 82.644066 5.117215
v 3.828923 85.563225 3.963837
v -1.391831 86.328682 4.139301
v -1.374261 86.327888 4.743989
v -3.027492 84.936913 4.285964
v -3.009541 84.954948 3.777623
v -3.027492 84.936913 4.285964
v -2.455187 82.646523 1.854869
v -1.476941 82.531029 0.463479
v -1.218421 82.064644 1.508446
v -0.000257 81.702873 1.889859
v -0.000257 81.105873 3.515943
v 2.454673 82.646523 1.854869
v 1.217907 82.064644 1.508446
v 1.476427 82.531029 0.463479
v 1.825801 83.364250 -1.114436
v 1.198014 82.689507 -0.870156
v -0.000257 82.801460 -1.642044
v 0.902425 83.537560 -2.035449
v -1.198528 82.689507 -0.870156
v -0.902939 83.537560 -2.035449
v -1.826315 83.364250 -1.114436
v -2.320706 82.171059 3.092678
v -0.692663 81.275414 3.392615
v 0.692149 81.275414 3.392615
v 3.616622 83.596794 3.304791
v -2.166278 84.187752 -1.742820
v -2.824901 84.281349 -0.918848
v -3.363707 83.635872 1.799937
v -4.119511 85.855492 -0.755479
v -3.617136 83.596794 3.304791
v 2.824388 84.281349 -0.918848
v 2.165765 84.187752 -1.742820
v -0.000257 83.942574 6.030360
v -0.000257 83.812325 6.072363
v 0.130219 83.855659 5.948541
v -0.000257 84.421730 5.570085
v 4.118997 85.855492 -0.755479
v 3.363194 83.635872 1.799937
v 0.322992 84.210686 5.390787
v 4.207761 85.211159 1.451363
v 4.722574 87.206093 -0.499984
v 4.946931 88.938942 -0.020469
v -0.000257 88.712471 5.987519
v -4.423303 89.384865 3.665794
v -2.862880 90.146431 4.877444
v -1.336567 90.243843 5.522171
v -0.000257 90.198143 5.780820
v 1.336053 90.243843 5.522171
v 2.862366 90.146431 4.877444
v 4.422790 89.384865 3.665794
v -4.476001 90.133430 2.923685
v 4.885516 91.679344 1.218379
v 3.256115 83.037926 3.215748
v 2.320193 82.171059 3.092678
v -0.000257 83.552513 -2.420308
v -0.000257 83.618828 5.870460
v -3.256628 83.037926 3.215748
v -4.208274 85.211159 1.451363
v -4.723087 87.206093 -0.499984
v -4.947444 88.938942 -0.020469
v -0.323505 84.210686 5.390787
v -0.000257 84.421730 5.570085
v -0.000257 83.618828 5.870460
v -0.130732 83.855659 5.948541
v -0.000257 83.812325 6.072363
v -0.000257 83.942574 6.030360
v -4.886029 91.679344 1.218379
v -0.649266 81.173424 3.925508
v -0.000257 81.007607 4.089756
v 0.648753 81.173424 3.925508
v -1.303191 91.792259 4.766674
v -0.000257 91.892860 4.886846
v 1.302677 91.792259 4.766674
v 2.981966 91.382027 4.228600
v 4.475487 90.133430 2.923685
v 3.406836 93.405174 1.902313
v 1.706460 93.971718 2.250601
v -0.000257 94.284416 2.305562
v -1.706973 93.971718 2.250601
v -3.407350 93.405174 1.902313
v -2.982479 91.382027 4.228600
v 0.569495 83.016045 4.560547
v 0.583915 83.025063 4.590071
v 0.409351 82.934425 4.910234
v 0.382357 82.923912 4.854912
v 0.148427 82.917671 5.064795
v 0.148427 82.910454 4.963406
v -0.148941 82.917671 5.064795
v -0.148941 82.910454 4.963406
v -0.361715 82.926216 4.855821
v -0.385287 82.939247 4.912148
v -0.564781 83.009575 4.569507
v -0.577327 83.019905 4.599450
v -0.588054 83.191902 4.623324
v -0.385287 82.939247 4.912148
v -0.399382 83.258156 4.942557
v -0.148941 82.917671 5.064795
v -0.148941 83.273674 5.110457
v 0.148427 82.917671 5.064795
v 0.148427 83.273674 5.110457
v 0.429216 83.251808 4.903656
v 0.409351 82.934425 4.910234
v 0.583915 83.025063 4.590071
v 0.598322 83.195854 4.619856
vn 0.1052 -0.2434 0.9642
vn 0.0012 -0.0237 0.9997
vn 0.1927 -0.2738 0.9423
vn 0.3527 -0.2682 0.8965
vn 0.4250 -0.3097 0.8506
vn 0.5225 -0.2069 0.8271
vn 0.5841 -0.2496 0.7723
vn 0.0708 -0.1675 0.9833
vn -0.0542 -0.0844 0.9950
vn 0.3398 -0.1969 0.9196
vn -0.1838 0.0145 0.9829
vn -0.1127 0.0566 0.9920
vn -0.2301 0.0235 0.9729
vn 0.2120 -0.0725 0.9746
vn 0.4371 0.0024 0.8994
vn 0.5554 -0.0708 0.8286
vn 0.5400 -0.0755 0.8383
vn -0.2932 0.1391 0.9459
vn 0.1482 0.2789 0.9488
vn 0.4821 0.2771 0.8311
vn -0.1930 0.1971 0.9612
vn 0.1437 0.0398 0.9888
vn 0.2335 0.1178 0.9652
vn 0.5142 0.1148 0.8499
vn 0.1612 0.0241 0.9866
vn 0.1704 -0.1516 0.9737
vn -0.5468 -0.2159 0.8090
vn -0.6196 -0.2669 0.7382
vn -0.4379 -0.3155 0.8419
vn -0.3527 -0.2682 0.8965
vn -0.1927 -0.2738 0.9423
vn -0.1052 -0.2434 0.9642
vn -0.0012 -0.0237 0.9997
vn -0.3398 -0.1969 0.9196
vn -0.0708 -0.1675 0.9833
vn 0.0542 -0.0844 0.9950
vn -0.5590 -0.0781 0.8255
vn -0.5397 -0.0901 0.8370
vn -0.4371 0.0024 0.8994
vn -0.2120 -0.0725 0.9746
vn 0.1127 0.0566 0.9920
vn 0.2301 0.0235 0.9729
vn 0.1838 0.0145 0.9829
vn -0.4821 0.2772 0.8311
vn -0.5142 0.1151 0.8499
vn -0.1482 0.2789 0.9488
vn 0.1930 0.1971 0.9612
vn -0.2335 0.1178 0.9652
vn -0.1437 0.0397 0.9888
vn 0.2932 0.1391 0.9459
vn -0.1703 -0.1516 0.9737
vn -0.1612 0.0240 0.9866
vn 0.5080 0.0686 0.8586
vn 0.5048 0.0990 0.8576
vn 0.5460 0.0736 0.8346
vn 0.4427 -0.1304 0.8871
vn 0.4447 -0.1274 0.8866
vn 0.3743 -0.0313 0.9268
vn 0.3555 -0.0374 0.9339
vn 0.3789 -0.0406 0.9246
vn -0.3746 -0.0316 0.9267
vn -0.3790 -0.0408 0.9245
vn -0.3556 -0.0376 0.9339
vn -0.5460 0.0721 0.8347
vn -0.5046 0.0977 0.8578
vn -0.5079 0.0674 0.8587
vn -0.4446 -0.1271 0.8867
vn -0.4426 -0.1301 0.8872
vn 0.3178 -0.4264 0.8469
vn 0.4158 -0.5525 0.7224
vn 0.3961 -0.8493 0.3490
vn 0.3750 -0.4425 0.8146
vn 0.5331 -0.7474 0.3965
vn 0.6311 -0.7016 0.3310
vn -0.0000 -0.6447 0.7644
vn -0.0000 -0.0554 0.9985
vn 0.3543 -0.0514 0.9337
vn 0.3870 -0.2004 0.9000
vn 0.3611 -0.2815 0.8890
vn 0.6686 -0.3537 0.6541
vn 0.3324 0.1409 0.9326
vn 0.3291 -0.1836 0.9263
vn -0.4526 0.1024 0.8858
vn -0.6696 -0.0412 0.7416
vn -0.4501 0.0480 0.8917
vn -0.5296 0.6998 0.4795
vn -0.3324 0.1409 0.9326
vn -0.7120 0.4549 0.5349
vn 0.6696 -0.0412 0.7416
vn 0.4526 0.1024 0.8858
vn 0.4501 0.0480 0.8917
vn 0.3815 0.0754 0.9213
vn -0.0000 0.2803 0.9599
vn 0.3297 0.1674 0.9291
vn -0.0000 0.1766 0.9843
vn -0.3814 0.0754 0.9213
vn -0.3531 -0.5360 0.7668
vn -0.2084 -0.4340 0.8765
vn -0.3633 -0.4471 0.8174
vn 0.3212 -0.3418 0.8832
vn 0.0319 -0.1069 0.9938
vn -0.4656 -0.1588 0.8707
vn -0.6016 -0.1308 0.7880
vn -0.8781 -0.1724 0.4463
vn -0.4214 -0.2780 0.8632
vn -0.7283 -0.1541 0.6678
vn -0.3222 -0.2932 0.9001
vn -0.1352 -0.2815 0.9500
vn -0.3212 -0.3418 0.8832
vn -0.2339 -0.4353 0.8694
vn 0.3270 -0.3971 0.8576
vn 0.9033 -0.2658 0.3367
vn 0.2892 -0.3123 0.9049
vn 0.3814 0.0754 0.9213
vn 0.3531 -0.5360 0.7668
vn 0.2084 -0.4340 0.8765
vn 0.2270 -0.6533 0.7223
vn 0.4510 -0.2820 0.8468
vn 0.3064 -0.4646 0.8308
vn -0.8427 0.0420 0.5367
vn -0.8929 -0.1612 0.4203
vn -0.4142 0.0626 0.9080
vn -0.6018 0.1325 0.7876
vn -0.2712 -0.0268 0.9622
vn -0.3064 -0.4646 0.8308
vn 0.2712 -0.0268 0.9622
vn -0.0000 -0.2986 0.9544
vn 0.4142 0.0626 0.9080
vn 0.6055 0.1256 0.7859
vn 0.2339 -0.4353 0.8694
vn 0.8331 0.0210 0.5528
vn 0.6732 -0.1573 0.7225
vn 0.8856 -0.1454 0.4410
vn 0.9769 -0.2099 0.0405
vn 0.9784 -0.0271 0.2050
vn 0.0644 -0.2501 0.9661
vn 0.3633 -0.4471 0.8173
vn 0.2612 -0.3063 0.9154
vn -0.7263 0.5290 -0.4389
vn -0.8202 0.5719 -0.0118
vn -0.4871 0.8715 0.0570
vn -0.5160 0.8552 0.0486
vn 0.3398 -0.2874 0.8955
vn 0.4183 -0.1587 0.8944
vn 0.4923 -0.1392 0.8592
vn 0.3060 -0.1739 0.9360
vn 0.2555 -0.2698 0.9284
vn 0.3633 -0.4471 0.8174
vn 0.2163 -0.2711 0.9379
vn 0.2340 -0.2746 0.9327
vn 0.3397 -0.2874 0.8955
vn 0.8802 -0.1821 0.4383
vn 0.4655 -0.1588 0.8707
vn 0.6015 -0.1308 0.7881
vn 0.3525 -0.1201 0.9281
vn 0.6016 -0.1308 0.7880
vn 0.7263 -0.5290 0.4389
vn 0.5799 -0.1386 0.8028
vn 0.8802 -0.1821 0.4382
vn 0.5672 -0.7522 -0.3354
vn 0.5799 -0.1385 0.8028
vn 0.8927 -0.2442 0.3787
vn 0.4827 -0.1621 0.8606
vn 0.4827 -0.1621 0.8607
vn 0.4148 -0.0987 0.9045
vn 0.4273 0.4479 0.7854
vn 0.2928 0.3802 0.8773
vn 0.2971 0.2989 0.9069
vn 0.4423 0.2345 0.8656
vn 0.3769 -0.9240 0.0648
vn 0.4602 -0.8878 -0.0012
vn 0.9064 -0.4196 0.0492
vn -0.4870 0.8715 0.0570
vn 0.0038 0.9896 0.1440
vn -0.1133 0.9879 0.1057
vn -0.5159 0.8552 0.0486
vn 0.9814 0.1771 0.0745
vn 0.9187 0.3799 0.1084
vn 0.2058 0.9759 0.0726
vn 0.4898 0.8685 0.0755
vn 0.5344 0.8452 0.0089
vn 0.8177 0.5738 0.0452
vn -0.3494 -0.9003 0.2596
vn -0.7921 -0.5553 0.2536
vn -0.7169 -0.6189 0.3209
vn -0.4119 -0.8958 0.1670
vn 0.3768 -0.9240 0.0648
vn 0.0166 -0.9944 0.1044
vn 0.4601 -0.8878 -0.0012
vn -0.9383 0.3454 -0.0152
vn -0.9907 -0.0998 0.0920
vn -0.8348 0.5458 -0.0718
vn -0.9834 -0.1387 0.1173
vn -0.9907 -0.0999 0.0919
vn 0.5126 -0.1833 0.8388
vn -0.5331 -0.7474 0.3965
vn -0.3750 -0.4425 0.8146
vn -0.6311 -0.7016 0.3310
vn -0.6686 -0.3537 0.6541
vn -0.3870 -0.2004 0.9000
vn -0.5672 -0.7522 -0.3354
vn -0.9769 -0.2099 0.0405
vn -0.8927 -0.2442 0.3787
vn -0.3060 -0.1739 0.9360
vn -0.2340 -0.2746 0.9327
vn -0.4848 -0.1611 0.8597
vn -0.6015 -0.1308 0.7881
vn -0.4655 -0.1588 0.8707
vn -0.4183 -0.1587 0.8944
vn -0.4848 -0.1611 0.8596
vn -0.2163 -0.2711 0.9379
vn -0.3525 -0.1201 0.9281
vn -0.4827 -0.1621 0.8607
vn -0.4148 -0.0987 0.9045
vn -0.5799 -0.1386 0.8028
vn -0.7264 -0.5290 0.4389
vn -0.4827 -0.1622 0.8606
vn -0.5799 -0.1385 0.8028
vn -0.2971 0.2989 0.9069
vn -0.2928 0.3802 0.8773
vn -0.7120 0.4549 0.5350
vn -0.9814 0.1771 0.0745
vn -0.9187 0.3799 0.1084
vn -0.3297 0.1674 0.9291
vn -0.3291 -0.1836 0.9263
vn -0.3611 -0.2815 0.8890
vn -0.5126 -0.1833 0.8388
vn -0.3543 -0.0515 0.9337
vn -0.5127 -0.1834 0.8388
vn -0.3543 -0.0514 0.9337
vn -0.3815 0.0754 0.9213
vn -0.3814 0.0753 0.9213
vn 0.0318 -0.1069 0.9938
vn -0.3270 -0.3971 0.8576
vn -0.2270 -0.6533 0.7223
vn -0.2555 -0.2698 0.9284
vn -0.2612 -0.3063 0.9154
vn -0.8259 -0.1218 0.5506
vn -0.9284 -0.0442 0.3689
vn -0.8259 -0.1217 0.5506
vn -0.5548 -0.4927 0.6704
vn -0.9784 -0.0271 0.2050
vn 0.9834 -0.1387 0.1173
vn 0.9907 -0.0999 0.0919
vn 0.7921 -0.5553 0.2536
vn 0.7169 -0.6189 0.3209
vn -0.0166 -0.9944 0.1044
vn 0.3494 -0.9003 0.2596
vn -0.3768 -0.9240 0.0648
vn -0.4601 -0.8878 -0.0012
vn -0.4898 0.8685 0.0755
vn -0.0038 0.9896 0.1440
vn -0.2058 0.9759 0.0726
vn 0.1133 0.9879 0.1057
vn 0.4119 -0.8958 0.1670
vn 0.4871 0.8715 0.0570
vn 0.5159 0.8552 0.0486
vn 0.8348 0.5458 -0.0718
vn 0.7263 0.5290 -0.4389
vn 0.8202 0.5719 -0.0118
vn 0.9907 -0.0998 0.0920
vn 0.9383 0.3454 -0.0152
vn -0.9052 -0.4245 0.0207
vn -0.4602 -0.8878 -0.0012
vn -0.9064 -0.4196 0.0492
vn -0.3726 -0.4868 0.7900
vn 0.3726 -0.4868 0.7900
vn 0.4097 -0.6883 0.5986
vn -0.4097 -0.6883 0.5986
vn -0.0000 -0.7359 0.6771
vn -0.2923 -0.4221 0.8581
vn 0.2923 -0.4221 0.8581
vn 0.3209 -0.4046 0.8563
vn -0.3178 -0.4264 0.8469
vn -0.3209 -0.4046 0.8563
vn 0.2808 -0.9205 0.2717
vn 0.1983 -0.9526 0.2305
vn 0.0777 -0.9863 -0.1457
vn -0.0000 -0.7467 0.6652
vn -0.0000 -0.6118 0.7910
vn -0.2651 -0.7619 0.5910
vn -0.2809 -0.9205 0.2717
vn -0.2843 -0.5873 0.7578
vn -0.3961 -0.8493 0.3490
vn -0.4158 -0.5525 0.7224
vn 0.2843 -0.5873 0.7578
vn 0.4506 -0.1666 0.8770
vn 0.3374 -0.0739 0.9384
vn -0.0000 -0.1429 0.9897
vn -0.3374 -0.0739 0.9384
vn -0.4506 -0.1666 0.8770
vn 0.2966 -0.5065 0.8096
vn 0.4378 -0.3689 0.8199
vn -0.2966 -0.5065 0.8096
vn -0.4378 -0.3689 0.8199
vn -0.0000 -0.4790 0.8778
vn -0.0000 -0.5555 0.8315
vn 0.2198 -0.4876 0.8450
vn -0.2198 -0.4876 0.8450
vn -0.0000 -0.3691 0.9294
vn 0.3779 -0.3218 0.8681
vn -0.3779 -0.3218 0.8681
vn 0.4064 -0.4215 0.8107
vn -0.3090 -0.6941 0.6502
vn 0.2506 -0.5439 0.8009
vn -0.1994 0.9401 -0.2765
vn -0.3090 0.6941 -0.6502
vn -0.3672 0.9046 -0.2163
vn 0.9383 0.0700 -0.3386
vn 0.3962 0.8493 -0.3490
vn -0.4064 0.4214 -0.8107
vn -0.3382 0.9204 -0.1962
vn -0.2506 0.5439 -0.8009
vn -0.0000 -0.0618 0.9981
vn 0.2929 -0.1761 0.9398
vn -0.0000 -0.0878 0.9961
vn 0.3090 -0.6941 0.6502
vn 0.3672 -0.9047 0.2163
vn -0.0000 -0.5632 0.8263
vn -0.4064 -0.4215 0.8107
vn -0.2675 -0.2970 0.9166
vn -0.9383 0.0700 -0.3386
vn -0.3962 0.8493 -0.3490
vn 0.3090 -0.6941 0.6503
vn -0.2929 -0.1761 0.9398
vn -0.3673 0.9046 -0.2163
vn -0.0000 1.0000 -0.0060
vn -0.0000 0.9675 -0.2528
vn -0.0000 -0.9853 -0.1706
vn -0.0000 -0.9995 0.0309
vn -0.2669 -0.2210 0.9380
vn -0.0777 -0.9863 -0.1457
vn -0.0000 0.5632 -0.8263
vn 0.1711 0.8839 -0.4353
vn -0.0000 -0.9390 -0.3439
vn -0.0500 -0.9426 -0.3302
vn -0.2808 -0.9205 0.2717
vn 0.3382 0.9204 -0.1962
vn 0.3673 0.9046 -0.2162
vn 0.2669 -0.2210 0.9380
vn 0.3090 0.6941 -0.6502
vn 0.1994 0.9401 -0.2765
vn 0.3672 0.9047 -0.2163
vn -0.3672 -0.9046 0.2163
vn -0.3962 -0.8493 0.3490
vn 0.4064 0.4214 -0.8107
vn 0.2675 0.2970 -0.9167
vn 0.4656 -0.1587 0.8707
vn 0.5160 0.8552 0.0486
vn -0.5994 -0.7566 -0.2611
vn -0.5341 -0.7972 -0.2814
vn -0.4026 -0.8754 -0.2676
vn -0.0000 -0.9387 -0.3446
vn -0.0000 -0.9694 -0.2457
vn 0.5994 -0.7566 -0.2611
vn 0.4026 -0.8754 -0.2676
vn 0.5341 -0.7972 -0.2814
vn 0.5849 -0.6793 -0.4431
vn 0.5476 -0.7154 -0.4340
vn -0.0000 -0.7459 -0.6661
vn 0.3731 -0.6879 -0.6225
vn -0.5476 -0.7154 -0.4340
vn -0.3731 -0.6879 -0.6225
vn -0.5849 -0.6793 -0.4431
vn -0.5808 -0.8093 -0.0881
vn -0.3122 -0.9215 -0.2311
vn 0.3122 -0.9215 -0.2311
vn 0.8853 -0.4488 0.1213
vn -0.6045 -0.6091 -0.5134
vn -0.7033 -0.5965 -0.3867
vn -0.7784 -0.5858 -0.2257
vn -0.8495 -0.4754 -0.2288
vn -0.8853 -0.4488 0.1213
vn 0.7033 -0.5965 -0.3867
vn 0.6045 -0.6091 -0.5134
vn 0.6630 0.3989 0.6335
vn 0.7081 -0.1837 0.6818
vn 0.7856 -0.0052 0.6187
vn 0.6373 0.4240 0.6435
vn 0.8495 -0.4754 -0.2288
vn 0.7784 -0.5858 -0.2257
vn 0.5876 0.2360 0.7739
vn 0.9164 -0.3921 -0.0811
vn 0.9707 -0.2356 -0.0477
vn 0.9967 -0.0697 0.0425
vn -0.0000 -0.0855 0.9963
vn -0.8623 0.2391 0.4464
vn -0.5020 0.3274 0.8005
vn -0.2650 0.3155 0.9112
vn -0.0000 0.3057 0.9521
vn 0.2650 0.3155 0.9112
vn 0.5020 0.3274 0.8005
vn 0.8623 0.2391 0.4464
vn -0.8617 0.2889 0.4172
vn 0.8784 0.2649 0.3978
vn 0.7748 -0.6321 -0.0103
vn 0.5808 -0.8093 -0.0881
vn -0.0000 -0.7196 -0.6944
vn 0.6118 -0.6044 0.5104
vn -0.7748 -0.6321 -0.0103
vn -0.9164 -0.3921 -0.0811
vn -0.9707 -0.2356 -0.0477
vn -0.9967 -0.0697 0.0425
vn -0.5876 0.2360 0.7739
vn -0.6373 0.4240 0.6435
vn -0.6118 -0.6044 0.5104
vn -0.7856 -0.0052 0.6187
vn -0.7081 -0.1837 0.6818
vn -0.6630 0.3989 0.6335
vn -0.8784 0.2649 0.3978
vn -0.3837 -0.9148 0.1260
vn -0.0000 -0.9856 0.1692
vn 0.3837 -0.9148 0.1260
vn -0.2395 0.5807 0.7781
vn -0.0000 0.6078 0.7941
vn 0.2395 0.5807 0.7781
vn 0.5572 0.4801 0.6775
vn 0.8617 0.2889 0.4172
vn 0.5660 0.5623 0.6029
vn 0.2559 0.7063 0.6600
vn -0.0000 0.7336 0.6796
vn -0.2559 0.7063 0.6600
vn -0.5660 0.5623 0.6029
vn -0.5572 0.4801 0.6775
vn 0.4842 -0.8748 0.0176
vn 0.4947 -0.8688 0.0237
vn 0.2461 -0.9670 0.0665
vn 0.2884 -0.9569 0.0349
vn 0.0394 -0.9964 0.0747
vn 0.0504 -0.9962 0.0708
vn -0.0488 -0.9958 0.0772
vn -0.0616 -0.9956 0.0708
vn -0.3162 -0.9456 0.0765
vn -0.2772 -0.9548 0.1077
vn -0.4922 -0.8668 0.0799
vn -0.7454 -0.5928 0.3049
vn -0.8554 -0.1071 0.5068
vn -0.7057 -0.1031 0.7009
vn -0.6998 -0.0994 0.7074
vn -0.2851 -0.1211 0.9508
vn -0.2750 -0.1223 0.9536
vn 0.2886 -0.0984 0.9524
vn 0.2930 -0.1216 0.9483
vn 0.7253 -0.0729 0.6845
vn 0.6960 -0.0287 0.7174
vn 0.8590 -0.1065 0.5008
vn 0.8332 -0.1625 0.5285
vt 0.599770 0.577230
vt 0.657810 0.533450
vt 0.333770 0.535380
vt 0.393520 0.577230
vt 0.059190 0.591360
vt 0.221520 0.641210
vt 0.009210 0.744860
vt 0.606500 0.665070
vt 0.771770 0.641210
vt 0.386790 0.665070
vt 0.910010 0.587370
vt 0.676360 0.775140
vt 0.837470 0.744720
vt 0.499820 0.744720
vt 0.316930 0.775140
vt 0.155820 0.744720
vt 0.059210 0.892230
vt 0.984080 0.739820
vt 0.499820 0.843160
vt 0.221520 0.848230
vt 0.771770 0.848230
vt 0.599770 0.912200
vt 0.395120 0.912200
vt 0.336210 0.950010
vt 0.929660 0.894910
vt 0.654360 0.951910
vt 0.770350 0.642040
vt 0.984270 0.740650
vt 0.934290 0.592200
vt 0.598350 0.578070
vt 0.657990 0.534280
vt 0.395300 0.578070
vt 0.333950 0.536210
vt 0.605090 0.665910
vt 0.386970 0.665910
vt 0.221700 0.642040
vt 0.837650 0.745550
vt 0.934260 0.893070
vt 0.674940 0.775970
vt 0.499970 0.745550
vt 0.318720 0.775970
vt 0.157610 0.745550
vt 0.083460 0.588210
vt 0.770350 0.849070
vt 0.654540 0.952750
vt 0.499970 0.844000
vt 0.223310 0.849070
vt 0.599960 0.913040
vt 0.395300 0.913040
vt 0.009390 0.745690
vt 0.336390 0.950840
vt 0.063820 0.895740
vt 0.568080 0.351460
vt 0.568500 0.349110
vt 0.557230 0.344020
vt 0.584060 0.355630
vt 0.583870 0.352940
vt 0.601230 0.354280
vt 0.620920 0.342620
vt 0.600670 0.351850
vt 0.091190 0.116100
vt 0.074650 0.118440
vt 0.083860 0.115810
vt 0.130890 0.115290
vt 0.143650 0.085080
vt 0.198560 0.126450
vt 0.046020 0.133480
vt 0.045910 0.130690
vt 0.067350 0.131560
vt 0.150650 0.149000
vt 0.091840 0.126780
vt 0.209220 0.149110
vt 0.151800 0.169950
vt 0.120430 0.148550
vt 0.223620 0.203810
vt 0.224100 0.168860
vt 0.200760 0.169050
vt 0.140580 0.204560
vt 0.124540 0.207000
vt 0.110960 0.208680
vt 0.046480 0.175420
vt 0.113840 0.171350
vt 0.045730 0.193870
vt 0.008330 0.205000
vt 0.146750 0.242000
vt 0.176860 0.235410
vt 0.148530 0.228050
vt 0.113310 0.225550
vt 0.044980 0.212320
vt 0.265460 0.214580
vt 0.245140 0.217840
vt 0.278580 0.218270
vt 0.217500 0.252060
vt 0.255310 0.245210
vt 0.208900 0.235630
vt 0.123490 0.223630
vt 0.139040 0.262610
vt 0.109930 0.246190
vt 0.119490 0.215450
vt 0.170390 0.245060
vt 0.181590 0.262740
vt 0.280170 0.278430
vt 0.271290 0.235090
vt 0.189840 0.296380
vt 0.239990 0.292560
vt 0.105300 0.293080
vt 0.045420 0.251290
vt 0.396420 0.246100
vt 0.323510 0.277680
vt 0.127040 0.219060
vt 0.467380 0.347440
vt 0.473990 0.356760
vt 0.454160 0.356760
vt 0.454160 0.347440
vt 0.519290 0.361500
vt 0.514970 0.369550
vt 0.512450 0.362180
vt 0.227780 0.220960
vt 0.464220 0.361230
vt 0.484020 0.365670
vt 0.466130 0.369370
vt 0.485940 0.375280
vt 0.491080 0.365610
vt 0.493690 0.374330
vt 0.505610 0.362860
vt 0.508600 0.371080
vt 0.521340 0.368010
vt 0.531580 0.358430
vt 0.533970 0.358620
vt 0.533090 0.360650
vt 0.259720 0.210120
vt 0.241540 0.206310
vt 0.257370 0.180650
vt 0.531890 0.363410
vt 0.528510 0.358160
vt 0.171810 0.203170
vt 0.199440 0.202740
vt 0.492600 0.356590
vt 0.492600 0.346910
vt 0.449190 0.346910
vt 0.449190 0.356590
vt 0.236410 0.212690
vt 0.208260 0.210740
vt 0.222080 0.207280
vt 0.237860 0.209370
vt 0.127630 0.208160
vt 0.137140 0.210640
vt 0.119540 0.211600
vt 0.113340 0.208930
vt 0.199150 0.206320
vt 0.170450 0.210090
vt 0.171990 0.206440
vt 0.141910 0.207400
vt 0.458140 0.354890
vt 0.465900 0.354890
vt 0.465900 0.347660
vt 0.460730 0.347660
vt 0.450380 0.354890
vt 0.455550 0.347660
vt 0.450380 0.347660
vt 0.493830 0.347440
vt 0.493830 0.356760
vt 0.480600 0.347440
vt 0.476240 0.347660
vt 0.471070 0.347660
vt 0.473650 0.354890
vt 0.089540 0.144620
vt 0.020430 0.133580
vt 0.018320 0.141780
vt 0.008670 0.167110
vt 0.110440 0.099020
vt 0.070630 0.060870
vt 0.044100 0.051640
vt 0.068460 0.087130
vt 0.095390 0.106590
vt 0.572240 0.095370
vt 0.590800 0.091800
vt 0.564370 0.137350
vt 0.045650 0.114220
vt 0.045500 0.118250
vt 0.060050 0.115660
vt 0.074530 0.116070
vt 0.058110 0.118490
vt 0.075740 0.126370
vt 0.056810 0.127900
vt 0.045340 0.124270
vt 0.067180 0.096090
vt 0.068770 0.106920
vt 0.045400 0.105480
vt 0.043690 0.093960
vt 0.052730 0.105850
vt 0.043570 0.086210
vt 0.086560 0.112190
vt 0.067030 0.115750
vt 0.073700 0.116350
vt 0.055750 0.115140
vt 0.573600 0.195460
vt 0.560430 0.195480
vt 0.564070 0.160660
vt 0.565390 0.102220
vt 0.572050 0.167570
vt 0.589790 0.195440
vt 0.588030 0.139500
vt 0.588030 0.153700
vt 0.045590 0.113960
vt 0.603830 0.167570
vt 0.603820 0.116520
vt 0.603840 0.195440
vt 0.603850 0.089600
vt 0.306450 0.071460
vt 0.439200 0.063390
vt 0.264490 0.027920
vt 0.217260 0.005620
vt 0.051220 0.023770
vt 0.497090 0.104730
vt 0.482060 0.063390
vt 0.516820 0.063390
vt 0.521300 0.110870
vt 0.152360 0.069130
vt 0.070570 0.036680
vt 0.248420 0.149870
vt 0.506460 0.149490
vt 0.461030 0.157800
vt 0.353350 0.143340
vt 0.490250 0.211220
vt 0.046200 0.150100
vt 0.046160 0.146360
vt 0.052800 0.148240
vt 0.046360 0.164120
vt 0.070540 0.159980
vt 0.354370 0.180440
vt 0.500590 0.281550
vt 0.393620 0.347670
vt 0.045840 0.288990
vt 0.286890 0.298160
vt 0.200050 0.310050
vt 0.113310 0.312780
vt 0.046280 0.311520
vt 0.297750 0.326750
vt 0.329100 0.366670
vt 0.235090 0.129330
vt 0.533100 0.099050
vt 0.046070 0.138350
vt 0.030260 0.158810
vt 0.036380 0.147510
vt 0.070740 0.044140
vt 0.043980 0.032970
vt 0.112120 0.356650
vt 0.046830 0.363770
vt 0.211550 0.345850
vt 0.211760 0.396010
vt 0.111160 0.415860
vt 0.047320 0.413340
vt 0.594940 0.010590
vt 0.594940 0.016860
vt 0.563900 0.016860
vt 0.563900 0.010590
vt 0.532870 0.016860
vt 0.532870 0.010590
vt 0.501830 0.016860
vt 0.501830 0.010590
vt 0.470800 0.010590
vt 0.470800 0.016860
vt 0.439760 0.010590
vt 0.439760 0.016860
vt 0.439760 0.050950
vt 0.470800 0.050950
vt 0.501830 0.050950
vt 0.532870 0.050950
vt 0.563900 0.050950
vt 0.594940 0.050950
s 1
usemtl material222
f 2914/1221/2848 2915/1222/2849 2916/1223/2850
f 2917/1224/2851 2916/1223/2850 2918/1225/2852
f 2919/1226/2853 2918/1225/2852 2920/1227/2854
f 2921/1228/2855 2922/1229/2856 2914/1221/2848
f 2923/1230/2857 2921/1228/2855 2917/1224/2851
f 2923/1230/2857 2917/1224/2851 2919/1226/2853
f 2924/1231/2858 2915/1222/2849 2922/1229/2856
f 2925/1232/2859 2926/1233/2860 2921/1228/2855
f 2925/1232/2859 2921/1228/2855 2927/1234/2861
f 2927/1234/2861 2923/1230/2857 2928/1235/2862
f 2929/1236/2863 2928/1235/2862 2919/1226/2853
f 2930/1237/2864 2929/1236/2863 2920/1227/2854
f 2931/1238/2865 2924/1231/2858 2926/1233/2860
f 2932/1239/2866 2925/1232/2859 2927/1234/2861
f 2932/1239/2866 2927/1234/2861 2928/1235/2862
f 2933/1240/2867 2928/1235/2862 2929/1236/2863
f 2925/1232/2859 2932/1239/2866 2934/1241/2868
f 2935/1242/2869 2932/1239/2866 2936/1243/2870
f 2936/1243/2870 2932/1239/2866 2933/1240/2867
f 2937/1244/2871 2933/1240/2867 2930/1237/2864
f 2931/1238/2865 2934/1241/2868 2938/1245/2872
f 2938/1245/2872 2935/1242/2869 2939/1246/2873
f 2937/1244/2871 2939/1246/2873 2936/1243/2870
f 2929/1236/2863 2919/1226/2853 2920/1227/2854
f 2917/1224/2851 2918/1225/2852 2919/1226/2853
f 2914/1221/2848 2916/1223/2850 2917/1224/2851
f 2922/1229/2856 2915/1222/2849 2914/1221/2848
f 2926/1233/2860 2924/1231/2858 2922/1229/2856
f 2934/1241/2868 2931/1238/2865 2926/1233/2860
f 2934/1241/2868 2926/1233/2860 2925/1232/2859
f 2927/1234/2861 2921/1228/2855 2923/1230/2857
f 2938/1245/2872 2934/1241/2868 2935/1242/2869
f 2939/1246/2873 2935/1242/2869 2936/1243/2870
f 2933/1240/2867 2937/1244/2871 2936/1243/2870
f 2933/1240/2867 2932/1239/2866 2928/1235/2862
f 2934/1241/2868 2932/1239/2866 2935/1242/2869
f 2921/1228/2855 2914/1221/2848 2917/1224/2851
f 2928/1235/2862 2923/1230/2857 2919/1226/2853
f 2926/1233/2860 2922/1229/2856 2921/1228/2855
f 2933/1240/2867 2929/1236/2863 2930/1237/2864
f 2940/1247/2874 2941/1248/2875 2942/1249/2876
f 2943/1250/2877 2942/1249/2876 2944/1251/2878
f 2945/1252/2879 2944/1251/2878 2946/1253/2880
f 2947/1254/2881 2940/1247/2874 2943/1250/2877
f 2947/1254/2881 2943/1250/2877 2948/1255/2882
f 2948/1255/2882 2945/1252/2879 2949/1256/2883
f 2950/1257/2884 2951/1258/2885 2941/1248/2875
f 2952/1259/2886 2940/1247/2874 2947/1254/2881
f 2952/1259/2886 2947/1254/2881 2953/1260/2887
f 2953/1260/2887 2948/1255/2882 2954/1261/2888
f 2954/1261/2888 2948/1255/2882 2955/1262/2889
f 2949/1256/2883 2946/1253/2880 2956/1263/2890
f 2957/1264/2891 2958/1265/2892 2951/1258/2885
f 2959/1266/2893 2952/1259/2886 2953/1260/2887
f 2959/1266/2893 2953/1260/2887 2954/1261/2888
f 2960/1267/2894 2954/1261/2888 2955/1262/2889
f 2952/1259/2886 2959/1266/2893 2957/1264/2891
f 2961/1268/2895 2959/1266/2893 2962/1269/2896
f 2962/1269/2896 2959/1266/2893 2960/1267/2894
f 2955/1262/2889 2956/1263/2890 2963/1270/2897
f 2961/1268/2895 2964/1271/2898 2958/1265/2892
f 2962/1269/2896 2965/1272/2899 2964/1271/2898
f 2960/1267/2894 2963/1270/2897 2965/1272/2899
f 2957/1264/2891 2950/1257/2884 2952/1259/2886
f 2953/1260/2887 2947/1254/2881 2948/1255/2882
f 2960/1267/2894 2955/1262/2889 2963/1270/2897
f 2955/1262/2889 2949/1256/2883 2956/1263/2890
f 2949/1256/2883 2945/1252/2879 2946/1253/2880
f 2945/1252/2879 2943/1250/2877 2944/1251/2878
f 2943/1250/2877 2940/1247/2874 2942/1249/2876
f 2940/1247/2874 2950/1257/2884 2941/1248/2875
f 2950/1257/2884 2957/1264/2891 2951/1258/2885
f 2957/1264/2891 2961/1268/2895 2958/1265/2892
f 2961/1268/2895 2962/1269/2896 2964/1271/2898
f 2962/1269/2896 2960/1267/2894 2965/1272/2899
f 2960/1267/2894 2959/1266/2893 2954/1261/2888
f 2957/1264/2891 2959/1266/2893 2961/1268/2895
f 2950/1257/2884 2940/1247/2874 2952/1259/2886
f 2948/1255/2882 2943/1250/2877 2945/1252/2879
f 2955/1262/2889 2948/1255/2882 2949/1256/2883
f 2966/1273/2900 2967/1274/2901 2968/1275/2902
f 2966/1273/2900 2969/1276/2903 2970/1277/2904
f 2966/1273/2900 2970/1277/2904 2967/1274/2901
f 2971/1278/2905 2972/1279/2906 2973/1280/2907
f 2973/1280/2907 2970/1277/2904 2969/1276/2903
f 2973/1280/2907 2969/1276/2903 2971/1278/2905
f 2974/1278/2908 2975/1280/2909 2976/1279/2910
f 2977/1275/2911 2978/1274/2912 2979/1273/2913
f 2980/1277/2914 2981/1276/2915 2979/1273/2913
f 2978/1274/2912 2980/1277/2914 2979/1273/2913
f 2981/1276/2915 2980/1277/2914 2975/1280/2909
f 2975/1280/2909 2974/1278/2908 2981/1276/2915
f 2982/1281/2916 2983/1282/2917 2984/1283/2918
f 2985/1284/2919 2986/1285/2920 2987/1286/2921
f 2988/1287/2922 2989/1288/2923 2990/1289/2924
f 2991/1290/2925 2992/1291/2926 2985/1284/2919
f 2985/1284/2919 2987/1286/2921 2993/1292/2927
f 2994/1293/2928 2995/1294/2929 2991/1290/2925
f 2996/1295/2930 2997/1296/2931 2998/1297/2932
f 2999/1298/2933 3000/1293/2934 3001/1299/2935
f 3002/1296/2936 3003/1295/2937 3004/1297/2938
f 3005/1300/2939 3006/1301/2940 3007/1302/2941
f 3006/1301/2940 3008/1303/2942 3009/1304/2943
f 3010/1305/2944 3011/1306/2945 3012/1307/2946
f 3013/1308/2947 3014/1309/2948 3005/1300/2939
f 3015/1310/2949 3016/1311/2950 3017/1312/2951
f 3018/1313/2952 3019/1314/2953 3020/1315/2954
f 3021/1316/2955 3022/1308/2956 3023/1317/2957
f 3024/1318/2958 3014/1309/2948 3013/1308/2947
f 3025/1319/2959 3026/1316/2960 3005/1300/2961
f 3027/1305/2962 3028/1306/2963 3029/1320/2964
f 3030/1313/2965 3031/1321/2966 3029/1320/2964
f 3032/1322/2967 3033/1323/2968 3019/1314/2953
f 3034/1324/2969 3035/1325/2970 3018/1313/2952
f 3036/1326/2971 3034/1324/2969 3037/1321/2972
f 3038/1326/2973 3039/1327/2974 3024/1318/2958
f 3038/1326/2973 3031/1321/2966 3040/1324/2975
f 3040/1324/2975 3030/1313/2965 3041/1325/2976
f 3024/1318/2958 3042/1317/2977 3038/1326/2973
f 3043/1322/2978 3044/1314/2979 3045/1323/2980
f 3045/1323/2980 3046/1328/2981 3047/1329/2982
f 3043/1322/2978 3045/1323/2980 3047/1329/2982
f 3040/1324/2975 3031/1321/2966 3030/1313/2965
f 3043/1322/2978 3041/1325/2976 3044/1314/2979
f 3041/1325/2976 3030/1313/2965 3044/1314/2979
f 3042/1317/2977 3031/1321/2966 3038/1326/2973
f 3039/1327/2974 3014/1309/2948 3024/1318/2958
f 3013/1308/2947 3048/1316/2983 3042/1317/2977
f 3049/1307/2984 3027/1305/2962 3050/1330/2985
f 3026/1316/2960 3027/1305/2962 3042/1317/2977
f 3024/1318/2958 3013/1308/2947 3042/1317/2977
f 3005/1300/2939 3048/1316/2983 3013/1308/2947
f 3051/1331/2986 3052/1332/2987 3053/1333/2988
f 3054/1334/2989 3051/1331/2986 3053/1333/2988
f 3055/1315/2990 3029/1320/2964 3028/1306/2963
f 3056/1335/2991 3057/1336/2992 3058/1337/2993
f 3044/1314/2979 3030/1313/2965 3055/1315/2990
f 3059/1338/2992 3044/1314/2979 3055/1315/2990
f 3031/1321/2966 3042/1317/2977 3029/1320/2964
f 3042/1317/2977 3027/1305/2962 3029/1320/2964
f 3055/1315/2990 3030/1313/2965 3029/1320/2964
f 3050/1330/2985 3027/1305/2962 3026/1316/2960
f 3025/1319/2959 3050/1330/2985 3026/1316/2960
f 3060/1339/2959 3061/1340/2994 3062/1341/2985
f 3061/1340/2994 3063/1342/2995 3062/1341/2985
f 3061/1340/2994 3064/1343/2996 3065/1344/2963
f 3066/1345/2997 3067/1346/2998 3064/1343/2996
f 3064/1343/2996 3067/1346/2998 3065/1344/2963
f 3063/1342/2995 3061/1340/2994 3065/1344/2963
f 3049/1307/2984 3028/1306/2963 3027/1305/2962
f 3058/1337/2993 3067/1346/2998 3066/1345/2997
f 3068/1312/2999 3046/1328/2981 3045/1323/2980
f 3056/1335/2991 3069/1347/3000 3070/1347/3001
f 3044/1314/2979 3059/1338/2992 3045/1323/2980
f 3057/1336/2992 3056/1335/2991 3070/1347/3001
f 3071/1335/3002 3069/1347/3000 3056/1335/2991
f 3068/1312/2999 3045/1323/2980 3072/1311/3003
f 3045/1323/2980 3059/1338/2992 3072/1311/3003
f 3057/1336/2992 3067/1346/2998 3058/1337/2993
f 3073/1348/3004 3074/1349/2937 3075/1350/3005
f 3068/1312/3006 3076/1310/3007 3077/1351/3007
f 3078/1352/3008 3002/1296/2936 3079/1353/3009
f 3079/1353/3009 3068/1312/2999 3080/1351/3010
f 3081/1354/3011 3082/1355/3012 3075/1350/3005
f 3078/1352/3008 3079/1353/3009 3080/1351/3010
f 3082/1355/3012 3081/1354/3011 3071/1335/3002
f 3046/1328/2981 3068/1312/2999 3079/1353/3009
f 3003/1295/2937 3002/1296/2936 3078/1352/3008
f 3083/1298/3013 2994/1293/2928 3084/1356/3014
f 3003/1295/2937 3085/1357/3015 3004/1297/2938
f 3084/1356/3014 2994/1293/2928 3085/1357/3015
f 3085/1357/3015 2994/1293/2928 3004/1297/2938
f 2994/1293/2928 3086/1299/3016 3007/1302/2941
f 2994/1293/2928 3083/1298/3013 3086/1299/3016
f 3007/1302/2941 3086/1299/3016 3005/1300/2939
f 3008/1303/2942 3006/1301/2940 3005/1300/2939
f 3007/1302/2941 2995/1294/2929 2994/1293/2928
f 2991/1290/2925 2985/1284/2919 2993/1292/2927
f 2995/1294/2929 2992/1291/2926 2991/1290/2925
f 3087/1358/3017 3088/1359/3018 3089/1360/2959
f 3090/1361/3019 3087/1358/3017 3089/1360/2959
f 3091/1362/3020 3092/1363/3021 3093/1364/3022
f 3093/1364/3022 3094/1365/3023 3091/1362/3020
f 3095/1366/3024 3096/1367/3025 3097/1368/3019
f 3095/1366/3024 3097/1368/3019 3098/1369/2959
f 3099/1370/3026 3093/1364/3022 3092/1363/3021
f 3099/1370/3026 3092/1363/3021 3100/1371/3027
f 3099/1370/3026 3100/1371/3027 3101/1372/3028
f 3100/1371/3027 3096/1367/3025 3102/1373/3029
f 3100/1371/3027 3102/1373/3029 3101/1372/3028
f 3103/1374/3030 3104/1375/3031 3105/1376/3032
f 3103/1374/3030 3105/1376/3032 3106/1377/3033
f 3107/1378/3034 3103/1374/3030 3108/1379/3035
f 3107/1378/3034 3108/1379/3035 3109/1380/3036
f 3108/1379/3035 3103/1374/3030 3106/1377/3033
f 3110/1381/3037 3111/1382/3038 3052/1332/2987
f 3112/1383/3039 3110/1381/3037 3052/1332/2987
f 3113/1384/3037 3114/1385/3040 3115/1386/3041
f 3104/1375/3031 3115/1386/3041 3114/1385/3040
f 3114/1385/3040 3105/1376/3032 3104/1375/3031
f 2995/1294/2929 2990/1289/2924 2992/1291/2926
f 2995/1294/2929 3007/1302/2941 3116/1387/3042
f 3116/1387/3042 2990/1289/2924 2995/1294/2929
f 3116/1387/3042 2988/1287/2922 2990/1289/2924
f 3117/1285/3043 3118/1284/3044 3119/1286/3045
f 3119/1286/3045 3118/1284/3044 3120/1292/3046
f 3120/1292/3046 3118/1284/3044 3121/1290/3047
s 0
f 3122/1351/3048 3123/1310/3048 3124/1312/3048
s 1
f 3017/1312/2951 3033/1323/2968 3125/1328/3049
f 3125/1328/3049 3126/1353/3050 3017/1312/2951
f 3127/1346/2954 3128/1337/3051 3129/1345/3052
f 3127/1346/2954 3130/1336/3053 3128/1337/3051
f 3131/1347/3054 3132/1347/3055 3133/1335/3056
f 3128/1337/3051 3130/1336/3053 3133/1335/3056
f 3130/1336/3053 3131/1347/3054 3133/1335/3056
f 3134/1338/3057 3033/1323/2968 3016/1311/2950
f 3135/1344/2945 3127/1346/2954 3136/1343/3058
f 3132/1347/3055 3137/1335/3059 3133/1335/3056
f 3138/1354/3060 3139/1355/3061 3137/1335/3059
f 3140/1350/3062 3141/1348/3063 3139/1355/3061
f 3126/1353/3050 3142/1351/3064 3017/1312/2951
f 3126/1353/3050 3143/1352/3065 3142/1351/3064
f 2997/1296/2931 2996/1295/2930 3143/1352/3065
f 3140/1350/3062 3139/1355/3061 3138/1354/3060
f 3126/1353/3050 2997/1296/2931 3143/1352/3065
f 3144/1357/3066 2996/1295/2930 2998/1297/2932
f 2999/1298/2933 3145/1356/3067 3000/1293/2934
f 3145/1356/3067 3144/1357/3066 3000/1293/2934
f 3146/1373/3068 3147/1366/3069 3148/1367/3070
f 3000/1293/2934 3144/1357/3066 2998/1297/2932
f 3001/1299/2935 3000/1293/2934 3149/1302/3071
f 3000/1293/2934 3150/1294/3072 3149/1302/3071
f 3121/1290/3047 3151/1291/3073 3150/1294/3072
f 3150/1294/3072 3152/1387/3074 3149/1302/3071
f 2989/1288/2923 2988/1287/2922 3153/1388/3075
f 3121/1290/3047 3150/1294/3072 3000/1293/2934
f 3118/1284/3044 3151/1291/3073 3121/1290/3047
f 3153/1388/3075 2988/1287/2922 3154/1389/3076
f 3150/1294/3072 3155/1289/3077 3152/1387/3074
f 3151/1291/3073 3155/1289/3077 3150/1294/3072
f 3009/1304/2943 3156/1390/3071 3006/1301/2940
f 3001/1299/2935 3149/1302/3071 3157/1300/3078
f 3157/1300/3079 3014/1309/3080 3022/1308/2956
f 3039/1327/2974 3158/1318/3081 3014/1309/2948
f 3036/1326/2971 3158/1318/3081 3039/1327/2974
f 3011/1306/2945 3159/1320/3082 3020/1315/2954
f 3158/1318/3081 3036/1326/2971 3023/1317/2957
f 3010/1305/2944 3023/1317/2957 3159/1320/3082
f 3023/1317/2957 3036/1326/2971 3037/1321/2972
f 3159/1320/3082 3023/1317/2957 3037/1321/2972
f 3159/1320/3082 3037/1321/2972 3018/1313/2952
f 3020/1315/2954 3159/1320/3082 3018/1313/2952
f 3011/1306/2945 3010/1305/2944 3159/1320/3082
f 3160/1342/2946 3135/1344/2945 3161/1340/3083
f 3161/1340/3083 3162/1341/3084 3160/1342/2946
f 3161/1340/3083 3163/1339/3085 3162/1341/3084
f 3135/1344/2945 3136/1343/3058 3161/1340/3083
f 3012/1307/2946 3164/1330/3084 3010/1305/2944
f 3157/1300/3079 3022/1308/2956 3021/1316/2955
f 3022/1308/2956 3158/1318/3081 3023/1317/2957
f 3164/1330/3084 3021/1316/2955 3010/1305/2944
f 3165/1319/3085 3157/1300/2943 3166/1316/3086
f 3164/1330/3084 3165/1319/3087 3021/1316/2955
f 3010/1305/2944 3021/1316/2955 3023/1317/2957
f 3167/1309/3088 3158/1318/3081 3022/1308/2956
f 3034/1324/2969 3018/1313/2952 3037/1321/2972
f 3035/1325/2970 3019/1314/2953 3018/1313/2952
f 3032/1322/2967 3019/1314/2953 3035/1325/2970
f 3019/1314/2953 3033/1323/2968 3134/1338/3057
f 3020/1315/2954 3019/1314/2953 3134/1338/3057
f 3125/1328/3049 3033/1323/2968 3168/1329/3089
f 3168/1329/3089 3033/1323/2968 3032/1322/2967
f 3127/1346/2954 3129/1345/3052 3136/1343/3058
f 3169/1385/3090 3170/1386/3091 3171/1375/3092
f 3172/1376/3093 3169/1385/3090 3171/1375/3092
f 3173/1379/3094 3174/1374/3095 3175/1378/3096
f 3175/1378/3096 3176/1380/3097 3173/1379/3094
f 3177/1371/3098 3178/1363/3099 3179/1370/3100
f 3180/1372/2933 3177/1371/3098 3179/1370/3100
f 3181/1364/3101 3179/1370/3100 3178/1363/3099
f 3182/1377/3102 3174/1374/3095 3173/1379/3094
f 3172/1376/3093 3171/1375/3092 3174/1374/3095
f 3182/1377/3102 3172/1376/3093 3174/1374/3095
f 3181/1364/3101 3178/1363/3099 3183/1362/3103
f 3184/1365/3104 3181/1364/3101 3183/1362/3103
f 3185/1383/3105 3186/1331/3106 3187/1332/3107
f 3187/1332/3107 3188/1382/3108 3189/1381/3109
f 3189/1381/3109 3185/1383/3105 3187/1332/3107
f 3169/1385/3090 3190/1384/3109 3170/1386/3091
f 3191/1360/3110 3192/1359/3111 3193/1358/3096
f 3191/1360/3110 3193/1358/3096 3194/1361/3112
f 3146/1373/3068 3148/1367/3070 3177/1371/3098
f 3180/1372/2933 3146/1373/3068 3177/1371/3098
f 3117/1285/3043 3195/1391/3113 3118/1284/3044
f 2986/1285/2920 3196/1391/3114 3197/1392/3115
f 2986/1285/2920 2985/1284/2919 3196/1391/3114
f 3117/1285/3043 3198/1392/3116 3195/1391/3113
f 3198/1392/3116 3199/1393/3117 3200/1394/3118
f 3197/1392/3115 3196/1391/3114 3201/1394/3119
f 3197/1392/3115 3201/1394/3119 3199/1393/3117
f 3198/1392/3116 3200/1394/3118 3195/1391/3113
f 2985/1284/2919 2992/1291/2926 2982/1281/2916
f 2985/1284/2919 2982/1281/2916 3202/1395/3120
f 2985/1284/2919 3202/1395/3120 3196/1391/3114
f 3196/1391/3114 3202/1395/3120 3201/1394/3119
f 3118/1284/3044 3203/1281/3121 3151/1291/3073
f 3118/1284/3044 3204/1395/3122 3203/1281/3121
f 3195/1391/3113 3200/1394/3118 3204/1395/3122
f 3118/1284/3044 3195/1391/3113 3204/1395/3122
f 3205/1396/3123 3206/1397/3124 3207/1398/3125
f 3208/1399/3126 3209/1400/3127 3210/1401/3128
f 3211/1402/3129 3210/1401/3128 3212/1403/3130
f 3213/1283/3131 3211/1402/3129 3214/1282/3132
f 3215/1403/3133 3209/1400/3127 3216/1401/3124
f 2983/1282/2917 3215/1403/3133 3217/1402/3123
f 2982/1281/2916 3218/1404/3134 2983/1282/2917
f 3218/1404/3134 3219/1405/3135 2983/1282/2917
f 3219/1405/3135 3220/1406/3136 3215/1403/3133
f 3209/1400/3127 3220/1406/3136 3212/1403/3130
f 3221/1405/3137 3214/1282/3132 3212/1403/3130
f 3222/1404/3138 3203/1281/3121 3214/1282/3132
f 2982/1281/2916 2992/1291/2926 3218/1404/3134
f 2992/1291/2926 2990/1289/2924 3218/1404/3134
f 2990/1289/2924 2989/1288/2923 3219/1405/3135
f 3221/1405/3137 2989/1288/2923 3155/1289/3077
f 3155/1289/3077 3222/1404/3138 3221/1405/3137
f 3151/1291/3073 3203/1281/3121 3222/1404/3138
f 3218/1404/3134 2990/1289/2924 3219/1405/3135
f 2983/1282/2917 3219/1405/3135 3215/1403/3133
f 3219/1405/3135 2989/1288/2923 3220/1406/3136
f 3220/1406/3136 2989/1288/2923 3221/1405/3137
f 3151/1291/3073 3222/1404/3138 3155/1289/3077
f 3222/1404/3138 3214/1282/3132 3221/1405/3137
f 3203/1281/3121 3213/1283/3131 3214/1282/3132
f 2984/1283/2918 2983/1282/2917 3217/1402/3123
f 3215/1403/3133 3220/1406/3136 3209/1400/3127
f 3217/1402/3123 3215/1403/3133 3216/1401/3124
f 3216/1401/3124 3209/1400/3127 3208/1399/3126
f 3212/1403/3130 3220/1406/3136 3221/1405/3137
f 3214/1282/3132 3211/1402/3129 3212/1403/3130
f 3210/1401/3128 3209/1400/3127 3212/1403/3130
f 3223/1407/3139 3202/1395/3120 3224/1408/3140
f 3204/1395/3122 3225/1407/3141 3226/1408/3142
f 3227/1409/3143 3228/1410/3144 3229/1411/3145
f 3225/1407/3141 3228/1410/3144 3230/1411/3146
f 3204/1395/3122 3200/1394/3118 3225/1407/3141
f 3225/1407/3141 3200/1394/3118 3228/1410/3144
f 3231/1412/3147 3201/1394/3119 3228/1410/3144
f 3201/1394/3119 3202/1395/3120 3223/1407/3139
f 3199/1393/3117 3201/1394/3119 3231/1412/3147
f 3199/1393/3117 3231/1412/3147 3200/1394/3118
f 3200/1394/3118 3231/1412/3147 3228/1410/3144
f 3228/1410/3144 3201/1394/3119 3223/1407/3139
f 3228/1410/3144 3223/1407/3139 3229/1411/3145
f 3230/1411/3146 3228/1410/3144 3227/1409/3143
f 3226/1408/3142 3225/1407/3141 3230/1411/3146
f 3229/1411/3145 3223/1407/3139 3224/1408/3140
f 3202/1395/3120 3232/1413/3148 3224/1408/3140
f 3202/1395/3120 2982/1281/2916 3232/1413/3148
f 3204/1395/3122 3226/1408/3142 3233/1413/3149
f 3204/1395/3122 3233/1413/3149 3203/1281/3121
f 3224/1408/3140 3232/1413/3148 3234/1414/3150
f 3213/1283/3131 3203/1281/3121 3235/1415/3151
f 3229/1411/3145 3224/1408/3140 3236/1416/3152
f 3237/1417/3153 3238/1418/3154 3239/1419/3155
f 3240/1398/3156 3241/1420/3157 3242/1419/3156
f 3243/1417/3158 3244/1421/3159 3245/1422/3160
f 3246/1423/3161 3247/1398/3162 3248/1424/3163
f 3249/1418/3164 3250/1420/2918 3251/1419/3165
f 3252/1425/3166 3227/1409/3143 3236/1416/3152
f 3253/1414/3167 3226/1408/3142 3254/1416/3168
f 3230/1411/3146 3227/1409/3143 3254/1416/3168
f 3250/1420/2918 3205/1396/3123 3207/1398/3125
f 3255/1419/3169 3256/1420/3170 3257/1398/3169
f 3234/1414/3150 3232/1413/3148 3258/1283/3171
f 3258/1283/3171 2982/1281/2916 2984/1283/2918
f 3232/1413/3148 2982/1281/2916 3258/1283/3171
f 3246/1423/3161 3248/1424/3163 3259/1398/3172
f 3236/1416/3152 3224/1408/3140 3234/1414/3150
f 3239/1419/3173 3260/1424/3174 3244/1421/3159
f 3239/1419/3173 3244/1421/3159 3243/1417/3158
f 3244/1421/3159 3260/1424/3174 3261/1426/3175
f 3207/1398/3125 3262/1427/3176 3263/1423/3177
f 3207/1398/3125 3206/1397/3124 3262/1427/3176
f 3259/1398/3172 3248/1424/3163 3264/1419/3178
f 3262/1427/3176 3265/1398/3179 3263/1423/3177
f 3266/1428/3180 3261/1426/3175 3267/1422/3181
f 3244/1421/3159 3261/1426/3175 3245/1422/3160
f 3245/1422/3160 3261/1426/3175 3266/1428/3180
f 3227/1409/3143 3229/1411/3145 3236/1416/3152
f 3268/1429/3182 3269/1397/3183 3262/1427/3176
f 3206/1397/3124 3268/1429/3182 3262/1427/3176
f 3270/1396/3184 3265/1398/3179 3271/1397/3128
f 3254/1416/3168 3227/1409/3143 3252/1425/3166
f 3261/1426/3175 3272/1421/3185 3267/1422/3181
f 3260/1424/3174 3273/1419/3186 3272/1421/3185
f 3260/1424/3174 3272/1421/3185 3261/1426/3175
f 3247/1398/3162 3274/1419/3187 3248/1424/3163
f 3275/1418/3188 3276/1417/3189 3273/1419/3190
f 3277/1420/3131 3278/1418/3151 3279/1419/3191
f 3226/1408/3142 3230/1411/3146 3254/1416/3168
f 3270/1396/3184 3277/1420/3192 3265/1398/3179
f 3269/1397/3183 3265/1398/3179 3262/1427/3176
f 3272/1421/3185 3280/1417/3193 3281/1422/3194
f 3273/1419/3186 3280/1417/3193 3272/1421/3185
f 3233/1413/3149 3226/1408/3142 3253/1414/3167
f 3235/1415/3151 3233/1413/3149 3253/1414/3167
f 3203/1281/3121 3233/1413/3149 3235/1415/3151
f 3102/1373/3029 3096/1367/3025 3095/1366/3024
f 3014/1309/2948 3008/1303/2942 3005/1300/2939
f 3008/1303/2942 3014/1309/2948 3009/1304/2943
f 3082/1355/3012 3073/1348/3004 3075/1350/3005
f 3051/1331/2986 3112/1383/3039 3052/1332/2987
f 3081/1354/3011 3069/1347/3000 3071/1335/3002
f 3282/1310/3195 3068/1312/2999 3072/1311/3003
f 3283/1368/3112 3148/1367/3070 3147/1366/3069
f 3284/1369/3110 3283/1368/3112 3147/1366/3069
f 3016/1311/2950 3033/1323/2968 3017/1312/2951
f 3132/1347/3055 3138/1354/3060 3137/1335/3059
f 3140/1350/3062 3285/1349/2930 3141/1348/3063
f 3286/1333/3103 3187/1332/3107 3186/1331/3106
f 3186/1331/3106 3287/1334/3196 3286/1333/3103
f 3288/1430/3197 3289/1431/3198 3290/1432/3199
f 3291/1433/3200 3292/1434/3201 3290/1432/3199
f 3293/1430/3202 3294/1432/3203 3295/1431/3204
f 3296/1435/3205 3293/1430/3202 3295/1431/3204
f 3297/1436/3206 3298/1437/3207 3299/1438/3208
f 3298/1437/3207 3300/1436/3209 3301/1438/3210
f 3300/1436/3209 3289/1431/3198 3302/1435/3211
f 3303/1439/3212 3288/1430/3197 3304/1440/3213
f 3294/1432/3203 3305/1440/3214 3292/1434/3201
f 3079/1353/3009 2993/1292/2927 3306/1441/3215
f 3296/1435/3205 3297/1436/3206 3299/1438/3208
f 3307/1442/3216 3301/1438/3210 3302/1435/3211
f 3308/1443/3217 3302/1435/3211 3309/1444/3218
f 3309/1444/3218 3310/1445/3219 3308/1443/3217
f 3311/1441/3220 3119/1286/3045 3120/1292/3046
f 3312/1443/3221 3296/1435/3205 3313/1442/3222
f 3314/1446/3223 3315/1447/3224 3316/1448/3225
f 3120/1292/3046 2997/1296/2931 3126/1353/3050
f 3120/1292/3046 3121/1290/3047 2998/1297/2932
f 3317/1449/3226 3314/1446/3223 3316/1448/3225
f 3004/1297/2938 2991/1290/2925 2993/1292/2927
f 3318/1445/3227 3319/1444/3228 3312/1443/3221
f 3318/1445/3227 3312/1443/3221 3313/1442/3222
f 3006/1301/2940 3320/1450/3229 3007/1302/2941
f 3321/1451/3230 3319/1444/3228 3318/1445/3227
f 3046/1328/2981 3321/1451/3230 3322/1452/3231
f 3322/1452/3231 3321/1451/3230 3318/1445/3227
f 3323/1453/3232 3046/1328/2981 3322/1452/3231
f 3324/1454/3233 3036/1326/2971 3039/1327/2974
f 3047/1329/2982 3046/1328/2981 3323/1453/3232
f 3325/1455/3234 3168/1329/3089 3032/1322/2967
f 3326/1456/3235 3035/1325/2970 3034/1324/2969
f 3327/1457/3236 3034/1324/2969 3036/1326/2971
f 3328/1458/3237 3036/1326/2971 3324/1454/3233
f 3329/1457/3238 3328/1458/3237 3038/1326/2973
f 3330/1456/3239 3329/1457/3238 3040/1324/2975
f 3330/1456/3239 3041/1325/2976 3331/1455/3240
f 3168/1329/3089 3325/1455/3234 3332/1459/3241
f 3333/1460/3242 3047/1329/2982 3323/1453/3232
f 3329/1457/3238 3038/1326/2973 3040/1324/2975
f 3330/1456/3239 3040/1324/2975 3041/1325/2976
f 3331/1455/3240 3041/1325/2976 3043/1322/2978
f 3331/1455/3240 3043/1322/2978 3047/1329/2982
f 3324/1454/3233 3039/1327/2974 3038/1326/2973
f 3328/1458/3237 3324/1454/3233 3038/1326/2973
f 3312/1443/3221 3319/1444/3228 3296/1435/3205
f 3321/1451/3230 3079/1353/3009 3306/1441/3215
f 3321/1451/3230 3046/1328/2981 3079/1353/3009
f 3002/1296/2936 3004/1297/2938 2993/1292/2927
f 2994/1293/2928 2991/1290/2925 3004/1297/2938
f 3306/1441/3215 2987/1286/2921 3334/1461/3243
f 3334/1461/3243 3319/1444/3228 3306/1441/3215
f 3002/1296/2936 2993/1292/2927 3079/1353/3009
f 3319/1444/3228 3321/1451/3230 3306/1441/3215
f 2987/1286/2921 2986/1285/2920 3334/1461/3243
f 3293/1430/3202 3319/1444/3228 3334/1461/3243
f 2993/1292/2927 2987/1286/2921 3306/1441/3215
f 3334/1461/3243 2986/1285/2920 3335/1439/3244
f 3335/1439/3244 3293/1430/3202 3334/1461/3243
f 3296/1435/3205 3319/1444/3228 3293/1430/3202
f 3313/1442/3222 3296/1435/3205 3299/1438/3208
f 3299/1438/3208 3298/1437/3207 3336/1462/3245
f 3335/1439/3244 3305/1440/3214 3293/1430/3202
f 3297/1436/3206 3296/1435/3205 3295/1431/3204
f 3291/1433/3200 3294/1432/3203 3292/1434/3201
f 3315/1447/3224 3337/1463/3246 3316/1448/3225
f 3337/1463/3246 2988/1287/2922 3116/1387/3042
f 3316/1448/3225 3337/1463/3246 3116/1387/3042
f 3007/1302/2941 3320/1450/3229 3116/1387/3042
f 3006/1301/2940 3317/1449/3226 3320/1450/3229
f 3116/1387/3042 3320/1450/3229 3316/1448/3225
f 3320/1450/3229 3317/1449/3226 3316/1448/3225
f 3289/1431/3198 3288/1430/3197 3302/1435/3211
f 3301/1438/3210 3300/1436/3209 3302/1435/3211
f 3336/1462/3245 3298/1437/3207 3301/1438/3210
f 3288/1430/3197 3290/1432/3199 3304/1440/3213
f 3309/1444/3218 3302/1435/3211 3288/1430/3197
f 3308/1443/3217 3307/1442/3216 3302/1435/3211
f 3310/1445/3219 3307/1442/3216 3308/1443/3217
f 3309/1444/3218 3338/1461/3247 3311/1441/3220
f 3288/1430/3197 3303/1439/3212 3338/1461/3247
f 3303/1439/3212 3117/1285/3043 3338/1461/3247
f 3117/1285/3043 3119/1286/3045 3338/1461/3247
f 2998/1297/2932 3121/1290/3047 3000/1293/2934
f 2997/1296/2931 3120/1292/3046 2998/1297/2932
f 3311/1441/3220 3120/1292/3046 3126/1353/3050
f 3338/1461/3247 3119/1286/3045 3311/1441/3220
f 3309/1444/3218 3288/1430/3197 3338/1461/3247
f 3310/1445/3219 3339/1451/3248 3340/1452/3249
f 3309/1444/3218 3311/1441/3220 3339/1451/3248
f 3311/1441/3220 3126/1353/3050 3339/1451/3248
f 3310/1445/3219 3309/1444/3218 3339/1451/3248
f 3340/1452/3249 3125/1328/3049 3341/1453/3250
f 3340/1452/3249 3339/1451/3248 3125/1328/3049
f 3339/1451/3248 3126/1353/3050 3125/1328/3049
f 3342/1464/3251 3343/1449/3252 3006/1301/2940
f 2988/1287/2922 3344/1463/3253 3154/1389/3076
f 3156/1390/3071 3342/1464/3251 3006/1301/2940
f 3156/1390/3071 3154/1389/3076 3342/1464/3251
f 3154/1389/3076 3345/1465/3254 3342/1464/3251
f 3344/1463/3253 3345/1465/3254 3154/1389/3076
f 3344/1463/3253 3346/1447/3255 3345/1465/3254
f 3346/1447/3255 3347/1446/3256 3345/1465/3254
f 3345/1465/3254 3343/1449/3252 3342/1464/3251
f 3347/1446/3256 3343/1449/3252 3345/1465/3254
f 3327/1457/3236 3036/1326/2971 3328/1458/3237
f 3326/1456/3235 3034/1324/2969 3327/1457/3236
f 3326/1456/3235 3325/1455/3234 3035/1325/2970
f 3325/1455/3234 3032/1322/2967 3035/1325/2970
f 3348/1460/3257 3341/1453/3250 3168/1329/3089
f 3341/1453/3250 3125/1328/3049 3168/1329/3089
f 3304/1440/3213 3349/1466/3258 3303/1439/3212
f 3349/1466/3258 3198/1392/3116 3117/1285/3043
f 3304/1440/3213 3350/1467/3259 3349/1466/3258
f 3350/1467/3259 3199/1393/3117 3349/1466/3258
f 3292/1434/3201 3305/1440/3214 3350/1467/3259
f 3351/1466/3260 3197/1392/3115 3199/1393/3117
f 3305/1440/3214 3335/1439/3244 3351/1466/3260
f 3335/1439/3244 2986/1285/2920 3351/1466/3260
f 3351/1466/3260 2986/1285/2920 3197/1392/3115
f 3305/1440/3214 3351/1466/3260 3350/1467/3259
f 3350/1467/3259 3351/1466/3260 3199/1393/3117
f 3349/1466/3258 3199/1393/3117 3198/1392/3116
f 3303/1439/3212 3349/1466/3258 3117/1285/3043
f 3292/1434/3201 3350/1467/3259 3304/1440/3213
f 3293/1430/3202 3305/1440/3214 3294/1432/3203
f 3290/1432/3199 3292/1434/3201 3304/1440/3213
f 3327/1457/3236 3352/1468/3261 3326/1456/3235
f 3328/1458/3237 3353/1469/3262 3327/1457/3236
f 3354/1468/3263 3353/1469/3262 3329/1457/3238
f 3355/1470/3264 3354/1468/3263 3330/1456/3239
f 3356/1459/3265 3355/1470/3264 3331/1455/3240
f 3047/1329/2982 3356/1459/3265 3331/1455/3240
f 3047/1329/2982 3333/1460/3242 3356/1459/3265
f 3357/1471/3266 3355/1470/3264 3356/1459/3265
f 3333/1460/3242 3357/1471/3266 3356/1459/3265
f 3357/1471/3266 3358/1472/3267 3354/1468/3263
f 3357/1471/3266 3354/1468/3263 3355/1470/3264
f 3358/1472/3267 3359/1473/3268 3353/1469/3262
f 3358/1472/3267 3353/1469/3262 3354/1468/3263
f 3353/1469/3262 3359/1473/3268 3360/1472/3269
f 3353/1469/3262 3360/1472/3269 3352/1468/3261
f 3352/1468/3261 3360/1472/3269 3361/1471/3270
f 3352/1468/3261 3361/1471/3270 3362/1470/3271
f 3362/1470/3271 3325/1455/3234 3326/1456/3235
f 3332/1459/3241 3362/1470/3271 3361/1471/3270
f 3348/1460/3257 3332/1459/3241 3361/1471/3270
f 3348/1460/3257 3168/1329/3089 3332/1459/3241
f 3331/1455/3240 3355/1470/3264 3330/1456/3239
f 3330/1456/3239 3354/1468/3263 3329/1457/3238
f 3329/1457/3238 3353/1469/3262 3328/1458/3237
f 3353/1469/3262 3352/1468/3261 3327/1457/3236
f 3352/1468/3261 3362/1470/3271 3326/1456/3235
f 3332/1459/3241 3325/1455/3234 3362/1470/3271
f 3363/1474/3272 3364/1475/3273 3365/1476/3274
f 3366/1477/3275 3363/1474/3272 3365/1476/3274
f 3367/1478/3276 3366/1477/3275 3365/1476/3274
f 3368/1479/3277 3366/1477/3275 3367/1478/3276
f 3369/1480/3278 3368/1479/3277 3367/1478/3276
f 3370/1481/3279 3368/1479/3277 3369/1480/3278
f 3371/1482/3280 3370/1481/3279 3369/1480/3278
f 3372/1483/3281 3371/1482/3280 3369/1480/3278
f 3373/1484/3282 3371/1482/3280 3372/1483/3281
f 3374/1485/3283 3373/1484/3282 3372/1483/3281
f 3375/1486/3284 3374/1485/3283 3376/1483/3285
f 3377/1487/3286 3375/1486/3284 3376/1483/3285
f 3378/1480/3287 3377/1487/3286 3376/1483/3285
f 3379/1488/3288 3377/1487/3286 3378/1480/3287
f 3380/1478/3289 3379/1488/3288 3378/1480/3287
f 3381/1489/3290 3379/1488/3288 3380/1478/3289
f 3382/1490/3291 3381/1489/3290 3380/1478/3289
f 3383/1476/3292 3382/1490/3291 3380/1478/3289
f 3384/1475/3293 3382/1490/3291 3383/1476/3292
f 3385/1491/3294 3382/1490/3291 3384/1475/3293
